Date,Open Price,High Price,Low Price,Close Price,WAP,No.of Shares,No. of Trades,Total Turnover (Rs.),Deliverable Quantity,% Deli. Qty to Traded Qty,Spread High-Low,Spread Close-Open
28-June-2024,1.56,1.59,1.45,1.50,1.575028460921346755,16300421,3379,25673627.00,9751205,59.82,0.14,-0.06
27-June-2024,1.47,1.52,1.45,1.52,1.507171550455910401,8598071,1461,12958768.00,5643501,65.64,0.07,0.05
26-June-2024,1.45,1.45,1.35,1.45,1.441729429509696060,11309903,1468,16305820.00,8775424,77.59,0.10,0.00
25-June-2024,1.39,1.39,1.39,1.39,1.389999945919344109,2588726,315,3598329.00,2394114,92.48,0.00,0.00
24-June-2024,1.30,1.33,1.30,1.33,1.324616185336231086,2023177,604,2679933.00,1542940,76.26,0.03,0.03
21-June-2024,1.22,1.27,1.22,1.27,1.261686563080950292,3286103,684,4146032.00,2713683,82.58,0.05,0.05
20-June-2024,1.18,1.22,1.16,1.21,1.182543923328425629,2693045,628,3184644.00,1560394,57.94,0.06,0.03
19-June-2024,1.20,1.20,1.15,1.18,1.167056113874810018,1344213,434,1568772.00,772631,57.48,0.05,-0.02
18-June-2024,1.18,1.21,1.16,1.18,1.192787208786551519,2227404,1116,2656819.00,1585766,71.19,0.05,0.00
14-June-2024,1.20,1.20,1.14,1.16,1.161043591774099225,2356362,785,2735839.00,1277224,54.20,0.06,-0.04
13-June-2024,1.15,1.19,1.14,1.19,1.180618907979835890,3852786,691,4548672.00,3519144,91.34,0.05,0.04
12-June-2024,1.14,1.17,1.12,1.14,1.152871737006012809,1720161,708,1983125.00,1588953,92.37,0.05,0.00
11-June-2024,1.19,1.21,1.11,1.13,1.150665313547426752,3899139,1034,4486604.00,2668238,68.43,0.10,-0.06
10-June-2024,1.14,1.16,1.12,1.16,1.156228358249527845,1545046,477,1786426.00,1104466,71.48,0.04,0.02
7-June-2024,1.09,1.11,1.08,1.11,1.099227273051593615,1401530,258,1540600.00,1401530,100.00,0.03,0.02
6-June-2024,1.07,1.09,1.02,1.06,1.074222067768091595,745277,543,800593.00,745277,100.00,0.07,-0.01
5-June-2024,1.10,1.12,1.05,1.06,1.064383580427294043,1312726,725,1397244.00,1312726,100.00,0.07,-0.04
4-June-2024,1.15,1.16,1.08,1.10,1.108214151298456906,956520,424,1060029.00,956520,100.00,0.08,-0.05
3-June-2024,1.14,1.16,1.13,1.13,1.145085206162991540,1016065,571,1163481.00,1016065,100.00,0.03,-0.01
31-May-2024,1.12,1.14,1.10,1.11,1.117491734168252710,1539470,570,1720345.00,1539470,100.00,0.04,-0.01
30-May-2024,1.13,1.14,1.10,1.11,1.115771930179405756,1236025,322,1379122.00,1236025,100.00,0.04,-0.02
29-May-2024,1.14,1.14,1.10,1.13,1.123394127490689980,649569,275,729722.00,649569,100.00,0.04,-0.01
28-May-2024,1.17,1.19,1.13,1.14,1.152450495394434302,1076415,391,1240515.00,1076415,100.00,0.06,-0.03
27-May-2024,1.20,1.21,1.16,1.18,1.184076087291842766,1296616,411,1535292.00,1296616,100.00,0.05,-0.02
24-May-2024,1.16,1.16,1.16,1.16,1.159998843381855070,830006,66,962806.00,830006,100.00,0.00,0.00
23-May-2024,1.14,1.14,1.14,1.14,1.139999919676456767,995972,235,1135408.00,995972,100.00,0.00,0.00
22-May-2024,1.17,1.17,1.15,1.16,1.161128705869962612,265862,78,308700.00,265862,100.00,0.02,-0.01
21-May-2024,1.20,1.20,1.17,1.17,1.176024631459189478,1176057,112,1383072.00,1176057,100.00,0.03,-0.03
18-May-2024,1.18,1.19,1.18,1.19,1.187556962632513071,41694,6,49514.00,41694,100.00,0.01,0.01
17-May-2024,1.20,1.20,1.16,1.17,1.176520054015187387,1140420,188,1341727.00,1140420,100.00,0.04,-0.03
16-May-2024,1.17,1.18,1.17,1.18,1.174056658765009909,514660,127,604240.00,514660,100.00,0.01,0.01
15-May-2024,1.16,1.16,1.16,1.16,1.159999496387479473,1111966,91,1289880.00,1111966,100.00,0.00,0.00
14-May-2024,1.11,1.14,1.11,1.14,1.121196199860466318,348303,117,390516.00,348303,100.00,0.03,0.03
13-May-2024,1.12,1.13,1.11,1.12,1.120171931107660765,166811,73,186857.00,166811,100.00,0.02,0.00
10-May-2024,1.15,1.15,1.13,1.13,1.136983769106755397,329988,142,375191.00,329988,100.00,0.02,-0.02
9-May-2024,1.17,1.17,1.15,1.15,1.168551579649755962,557497,167,651464.00,557497,100.00,0.02,-0.02
8-May-2024,1.12,1.15,1.12,1.15,1.123973308389794652,527057,245,592398.00,527057,100.00,0.03,0.03
7-May-2024,1.14,1.14,1.14,1.14,1.139998074839587032,488271,293,556628.00,488271,100.00,0.00,0.00
6-May-2024,1.18,1.18,1.16,1.16,1.169295490904781655,421925,106,493355.00,421925,100.00,0.02,-0.02
3-May-2024,1.19,1.19,1.18,1.18,1.183881885462743795,186734,113,221071.00,186734,100.00,0.01,-0.01
2-May-2024,1.20,1.21,1.19,1.19,1.200040582768556470,739230,297,887106.00,739230,100.00,0.02,-0.01
30-April-2024,1.23,1.23,1.21,1.21,1.225070533123951984,300568,135,368217.00,300568,100.00,0.02,-0.02
29-April-2024,1.21,1.22,1.21,1.21,1.215828556981293381,767322,258,932932.00,767322,100.00,0.01,0.00
26-April-2024,1.23,1.25,1.23,1.23,1.236277685062088083,1696944,295,2097894.00,1696944,100.00,0.02,0.00
25-April-2024,1.25,1.25,1.25,1.25,1.249999082134294767,544742,161,680927.00,544742,100.00,0.00,0.00
24-April-2024,1.27,1.27,1.27,1.27,1.269999918164483931,366589,95,465568.00,366589,100.00,0.00,0.00
23-April-2024,1.29,1.29,1.29,1.29,1.289999217089137412,664188,215,856802.00,664188,100.00,0.00,0.00
22-April-2024,1.35,1.35,1.31,1.31,1.342799761575040771,1894097,114,2543393.00,1894097,100.00,0.04,-0.04
19-April-2024,1.36,1.39,1.31,1.33,1.327254552928961342,3979636,809,5281990.00,3979636,100.00,0.08,-0.03
18-April-2024,1.42,1.44,1.34,1.37,1.415598484261241331,6708280,1768,9496231.00,6708280,100.00,0.10,-0.05
16-April-2024,1.38,1.38,1.35,1.38,1.379197391255052370,5909355,1323,8150167.00,5909355,100.00,0.03,0.00
15-April-2024,1.32,1.32,1.27,1.32,1.318048487012316149,8217747,1754,10831389.00,8217747,100.00,0.05,0.00
12-April-2024,1.26,1.26,1.26,1.26,1.259999101296176015,979188,235,1233776.00,979188,100.00,0.00,0.00
10-April-2024,1.23,1.23,1.17,1.20,1.204025549205735275,910087,532,1095768.00,910087,100.00,0.06,-0.03
9-April-2024,1.26,1.26,1.20,1.21,1.220186287007681912,782878,528,955257.00,782878,100.00,0.06,-0.05
8-April-2024,1.25,1.28,1.21,1.26,1.243153441907765095,868283,530,1079409.00,868283,100.00,0.07,0.01
5-April-2024,1.24,1.24,1.19,1.22,1.202779196925864052,2552392,758,3069964.00,2552392,100.00,0.05,-0.02
4-April-2024,1.32,1.32,1.24,1.25,1.248192255854451825,2235521,800,2790360.00,2235521,100.00,0.08,-0.07
3-April-2024,1.32,1.35,1.26,1.30,1.300336741672155736,1270707,685,1652347.00,1270707,100.00,0.09,-0.02
2-April-2024,1.35,1.35,1.29,1.32,1.328591788684985914,1020202,429,1355432.00,1020202,100.00,0.06,-0.03
1-April-2024,1.31,1.34,1.27,1.32,1.327949747239515968,895314,574,1188932.00,895314,100.00,0.07,0.01
28-March-2024,1.29,1.33,1.23,1.28,1.309079196404468367,2004043,810,2623451.00,2004043,100.00,0.10,-0.01
27-March-2024,1.25,1.27,1.23,1.27,1.268436105283456352,860838,277,1091918.00,860838,100.00,0.04,0.02
26-March-2024,1.18,1.21,1.18,1.21,1.205761545338389755,1224845,391,1476871.00,1224845,100.00,0.03,0.03
22-March-2024,1.16,1.16,1.14,1.16,1.158437587854933933,284560,87,329645.00,284560,100.00,0.02,0.00
21-March-2024,1.14,1.14,1.14,1.14,1.139999178521064089,365195,142,416322.00,365195,100.00,0.00,0.00
20-March-2024,1.12,1.12,1.11,1.12,1.118139940842748387,309345,136,345891.00,309345,100.00,0.01,0.00
19-March-2024,1.13,1.13,1.13,1.13,1.129999196697135977,1008337,267,1139420.00,1008337,100.00,0.00,0.00
18-March-2024,1.15,1.15,1.15,1.15,1.149997453230395331,137429,185,158043.00,137429,100.00,0.00,0.00
15-March-2024,1.17,1.17,1.17,1.17,1.169999369204566958,158530,166,185480.00,158530,100.00,0.00,0.00
14-March-2024,1.19,1.19,1.19,1.19,1.189997698373412114,317167,217,377428.00,317167,100.00,0.00,0.00
13-March-2024,1.21,1.21,1.21,1.21,1.209996871632660155,287690,133,348104.00,287690,100.00,0.00,0.00
12-March-2024,1.23,1.23,1.23,1.23,1.229997400725433901,338556,164,416423.00,338556,100.00,0.00,0.00
11-March-2024,1.25,1.25,1.25,1.25,1.249998991923289394,247997,213,309996.00,247997,100.00,0.00,0.00
7-March-2024,1.27,1.27,1.27,1.27,1.269998786113134255,131808,191,167396.00,131808,100.00,0.00,0.00
6-March-2024,1.29,1.29,1.29,1.29,1.289995233762294726,115395,178,148859.00,115395,100.00,0.00,0.00
5-March-2024,1.31,1.31,1.31,1.31,1.309996773972803613,204586,208,268007.00,204586,100.00,0.00,0.00
4-March-2024,1.33,1.33,1.33,1.33,1.329998097116266196,289035,288,384416.00,289035,100.00,0.00,0.00
2-March-2024,1.35,1.35,1.35,1.35,1.349990473386105000,57733,22,77939.00,57733,100.00,0.00,0.00
1-March-2024,1.37,1.37,1.37,1.37,1.369998390809422860,285858,290,391625.00,285858,100.00,0.00,0.00
29-February-2024,1.39,1.39,1.39,1.39,1.389997808539391504,328548,269,456681.00,328548,100.00,0.00,0.00
28-February-2024,1.41,1.41,1.41,1.41,1.409998646204686908,288079,259,406191.00,288079,100.00,0.00,0.00
27-February-2024,1.43,1.43,1.43,1.43,1.429998916173054177,424422,298,606923.00,424422,100.00,0.00,0.00
26-February-2024,1.45,1.45,1.45,1.45,1.449999023718072094,717006,348,1039658.00,717006,100.00,0.00,0.00
23-February-2024,1.47,1.47,1.47,1.47,1.469999786971568450,1032726,394,1518107.00,1032726,100.00,0.00,0.00
22-February-2024,1.49,1.49,1.49,1.49,1.489999549813172466,555325,445,827434.00,555325,100.00,0.00,0.00
21-February-2024,1.52,1.52,1.52,1.52,1.519999759989956502,2166576,895,3293195.00,2166576,100.00,0.00,0.00
20-February-2024,1.55,1.58,1.50,1.55,1.548439913476488836,3916161,1974,6063940.00,3916161,100.00,0.08,0.00
19-February-2024,1.55,1.55,1.41,1.52,1.526060409997414443,11301242,3319,17246378.00,11301242,100.00,0.14,-0.03
16-February-2024,1.48,1.48,1.48,1.48,1.479999476716441171,1758129,399,2602030.00,1758129,100.00,0.00,0.00
15-February-2024,1.41,1.41,1.41,1.41,1.409999631705398982,923174,310,1301675.00,923174,100.00,0.00,0.00
14-February-2024,1.34,1.35,1.32,1.35,1.343307490443991178,1786049,745,2399213.00,1786049,100.00,0.03,0.01
13-February-2024,1.29,1.30,1.25,1.29,1.278972411990409221,2479048,1559,3170634.00,2479048,100.00,0.05,0.00
12-February-2024,1.29,1.29,1.21,1.27,1.271185997973950741,5321687,2177,6764854.00,5321687,100.00,0.08,-0.02
9-February-2024,1.25,1.25,1.23,1.23,1.244855863214603658,871672,394,1085106.00,871672,100.00,0.02,-0.02
8-February-2024,1.20,1.23,1.20,1.23,1.214332064255545956,1311451,365,1592537.00,1311451,100.00,0.03,0.03
7-February-2024,1.21,1.21,1.21,1.21,1.209999511707530044,1392608,169,1685055.00,1392608,100.00,0.00,0.00
6-February-2024,1.19,1.19,1.19,1.19,1.189997741483013574,336504,73,400439.00,336504,100.00,0.00,0.00
5-February-2024,1.17,1.17,1.17,1.17,1.169999964000028799,1111112,195,1300001.00,1111112,100.00,0.00,0.00
2-February-2024,1.15,1.16,1.15,1.15,1.150582462918658801,805459,295,926747.00,805459,100.00,0.01,0.00
1-February-2024,1.16,1.16,1.14,1.14,1.142440349004484733,544291,279,621820.00,544291,100.00,0.02,-0.02
31-January-2024,1.15,1.15,1.14,1.14,1.145012962233453951,957011,553,1095790.00,957011,100.00,0.01,-0.01
30-January-2024,1.18,1.18,1.16,1.16,1.167505742424719171,762744,334,890508.00,762744,100.00,0.02,-0.02
29-January-2024,1.19,1.20,1.18,1.18,1.186464380975321192,1411535,474,1674736.00,1411535,100.00,0.02,-0.01
25-January-2024,1.17,1.19,1.17,1.18,1.179124159991360114,703713,256,829765.00,703713,100.00,0.02,0.01
24-January-2024,1.18,1.19,1.16,1.17,1.172219796627794201,600082,226,703428.00,600082,100.00,0.03,-0.01
23-January-2024,1.19,1.19,1.18,1.18,1.188791842260410070,457970,304,544431.00,457970,100.00,0.01,-0.01
20-January-2024,1.17,1.17,1.17,1.17,1.169999004016199466,712863,270,834049.00,712863,100.00,0.00,0.00
19-January-2024,1.21,1.21,1.19,1.19,1.204656506673617833,602297,389,725561.00,602297,100.00,0.02,-0.02
18-January-2024,1.20,1.20,1.18,1.19,1.193556594002721410,609243,265,727166.00,609243,100.00,0.02,-0.01
17-January-2024,1.21,1.21,1.20,1.20,1.207714208429420907,1090585,402,1317115.00,1090585,100.00,0.01,-0.01
16-January-2024,1.19,1.19,1.19,1.19,1.189999834419831439,2053386,349,2443529.00,2053386,100.00,0.00,0.00
15-January-2024,1.15,1.17,1.15,1.17,1.161482369433185700,1516599,310,1761503.00,1516599,100.00,0.02,0.02
12-January-2024,1.16,1.17,1.16,1.17,1.167767756736985075,1506386,424,1759109.00,1506386,100.00,0.01,0.01
11-January-2024,1.16,1.16,1.15,1.15,1.153946837941363809,1257551,569,1451147.00,1257551,100.00,0.01,-0.01
10-January-2024,1.18,1.20,1.16,1.17,1.173935530126684627,1266452,420,1486733.00,1266452,100.00,0.04,-0.01
9-January-2024,1.20,1.20,1.18,1.18,1.187628375412903374,2164550,789,2570681.00,2164550,100.00,0.02,-0.02
8-January-2024,1.20,1.20,1.20,1.20,1.199999842323023361,2536832,849,3044198.00,2536832,100.00,0.00,0.00
5-January-2024,1.22,1.22,1.22,1.22,1.219999919868905529,998364,523,1218004.00,998364,100.00,0.00,0.00
4-January-2024,1.24,1.24,1.24,1.24,1.239999817103160576,5030158,731,6237395.00,5030158,100.00,0.00,0.00
3-January-2024,1.24,1.26,1.22,1.26,1.253493926751831578,4539663,770,5690440.00,4539663,100.00,0.04,0.02
2-January-2024,1.20,1.20,1.15,1.20,1.196175671830047595,5162057,1154,6174727.00,5162057,100.00,0.05,0.00
1-January-2024,1.12,1.15,1.10,1.15,1.142727921444867684,1790946,605,2046564.00,1790946,100.00,0.05,0.03
29-December-2023,1.05,1.10,1.03,1.10,1.069378266224555401,2194621,747,2346880.00,2194621,100.00,0.07,0.05
28-December-2023,1.03,1.05,1.01,1.05,1.038260839653956624,2035005,735,2112866.00,2035005,100.00,0.04,0.02
27-December-2023,1.04,1.05,1.01,1.02,1.033498956597897538,1226277,449,1267356.00,1226277,100.00,0.04,-0.02
26-December-2023,1.05,1.08,1.01,1.03,1.034250283941579410,2402783,917,2485079.00,2402783,100.00,0.07,-0.02
22-December-2023,1.03,1.10,1.03,1.05,1.065532976754951224,1581326,787,1684955.00,1581326,100.00,0.07,0.02
21-December-2023,1.05,1.08,1.05,1.05,1.052124170825679539,1569483,847,1651291.00,1569483,100.00,0.03,0.00
20-December-2023,1.14,1.14,1.10,1.10,1.101746607808026352,1044310,833,1150565.00,1044310,100.00,0.04,-0.04
19-December-2023,1.22,1.22,1.14,1.15,1.174879758972775685,3540181,623,4159287.00,3540181,100.00,0.08,-0.07
18-December-2023,1.24,1.24,1.17,1.19,1.196735329376031338,4346901,1648,5202090.00,4346901,100.00,0.07,-0.05
15-December-2023,1.22,1.26,1.15,1.23,1.244551835933292544,6331766,2065,7880211.00,6331766,100.00,0.11,0.01
14-December-2023,1.18,1.20,1.15,1.20,1.182504362755341198,6374412,7744,7537770.00,6374412,100.00,0.05,0.02
13-December-2023,11.89,12.36,11.45,11.50,11.795726416163820713,1084991,919,12798257.00,1084991,100.00,0.91,-0.39
12-December-2023,11.89,11.89,11.42,11.78,11.698785703751044688,203410,515,2379650.00,203410,100.00,0.47,-0.11
11-December-2023,11.35,11.55,11.30,11.41,11.434257003654080389,131360,385,1502004.00,131360,100.00,0.25,0.06
8-December-2023,11.30,11.49,11.05,11.14,11.241412257154556622,197811,305,2223675.00,197811,100.00,0.44,-0.16
7-December-2023,11.79,11.90,10.94,11.04,11.269509548611111111,92160,286,1038598.00,92160,100.00,0.96,-0.75
6-December-2023,11.45,11.70,11.25,11.47,11.465140814949291410,105209,368,1206236.00,105209,100.00,0.45,0.02
5-December-2023,11.74,11.77,11.01,11.41,11.431145960688422834,170128,405,1944758.00,170128,100.00,0.76,-0.33
4-December-2023,11.34,11.55,11.26,11.51,11.437613586087193275,293830,615,3360714.00,293830,100.00,0.29,0.17
1-December-2023,11.15,11.19,10.91,11.15,11.118189143428326635,196084,378,2180099.00,196084,100.00,0.28,0.00
30-November-2023,10.66,10.96,10.51,10.66,10.714496856791891377,152233,189,1631100.00,152233,100.00,0.45,0.00
29-November-2023,10.83,11.09,10.55,10.70,10.656678536998052216,50827,187,541647.00,50827,100.00,0.54,-0.13
28-November-2023,11.12,11.19,10.50,10.83,10.915951456841414748,73172,227,798742.00,73172,100.00,0.69,-0.29
24-November-2023,11.20,11.20,10.70,10.71,10.834153961756738051,50571,173,547894.00,50571,100.00,0.50,-0.49
23-November-2023,11.00,11.00,10.65,10.73,10.781071799880281024,31741,138,342202.00,31741,100.00,0.35,-0.27
22-November-2023,10.81,11.00,10.66,10.90,10.850431980442814679,35997,117,390583.00,35997,100.00,0.34,0.09
21-November-2023,10.76,11.19,10.76,11.01,11.004246437311069526,13894,60,152893.00,13894,100.00,0.43,0.25
20-November-2023,11.50,11.50,10.56,10.98,11.117178441056474124,46570,92,517727.00,46570,100.00,0.94,-0.52
17-November-2023,10.98,11.44,10.98,11.08,11.194965812198643384,36709,77,410956.00,36709,100.00,0.46,0.10
16-November-2023,10.95,10.98,10.45,10.98,10.926351309302373823,144619,123,1580158.00,144619,100.00,0.53,0.03
15-November-2023,10.44,10.46,10.05,10.46,10.351723236080437056,68824,67,712447.00,68824,100.00,0.41,0.02
13-November-2023,10.00,10.40,9.97,9.97,10.054195452411295190,89454,175,899388.00,89454,100.00,0.43,-0.03
12-November-2023,11.17,11.17,10.41,10.49,10.435350529100529100,54432,116,568017.00,54432,100.00,0.76,-0.68
10-November-2023,11.15,11.15,10.86,10.95,10.964490436251734749,33146,81,363429.00,33146,100.00,0.29,-0.20
9-November-2023,10.82,11.20,10.80,10.96,10.901018478990059157,16397,64,178744.00,16397,100.00,0.40,0.14
8-November-2023,10.93,11.19,10.93,11.02,11.014650865834808127,223195,155,2458415.00,223195,100.00,0.26,0.09
7-November-2023,11.18,11.39,10.85,11.12,11.071156773211567732,52560,211,581900.00,52560,100.00,0.54,-0.06
6-November-2023,11.30,11.30,11.00,11.15,11.155044959142033978,97533,182,1087985.00,97533,100.00,0.30,-0.15
3-November-2023,11.38,11.38,11.00,11.13,11.169675222437845556,27311,120,305055.00,27311,100.00,0.38,-0.25
2-November-2023,11.16,11.50,11.05,11.16,11.182923359457851581,38661,81,432343.00,38661,100.00,0.45,0.00
1-November-2023,11.60,11.79,11.10,11.30,11.342830660111227532,24814,86,281461.00,24814,100.00,0.69,-0.30
31-October-2023,11.99,11.99,11.45,11.51,11.672477654312773083,45087,90,526277.00,45087,100.00,0.54,-0.48
30-October-2023,11.75,11.83,11.31,11.53,11.671512029072174433,65217,189,761181.00,65217,100.00,0.52,-0.22
27-October-2023,11.29,11.59,10.95,11.27,11.201997061679822704,40159,159,449861.00,40159,100.00,0.64,-0.02
26-October-2023,11.01,11.28,10.84,11.08,10.998186182982128567,37490,81,412322.00,37490,100.00,0.44,0.07
25-October-2023,11.40,11.93,10.91,11.41,11.349388053339828289,16423,73,186391.00,16423,100.00,1.02,0.01
23-October-2023,11.81,12.25,11.31,11.42,11.881453109387638578,126102,236,1498275.00,126102,100.00,0.94,-0.39
20-October-2023,11.93,12.00,11.75,11.81,11.851388628511743753,37339,135,442519.00,37339,100.00,0.25,-0.12
19-October-2023,11.66,12.00,11.66,11.93,11.863975325030258072,51226,128,607744.00,51226,100.00,0.34,0.27
18-October-2023,12.30,12.30,11.80,11.90,11.901658991988898000,126824,226,1509416.00,126824,100.00,0.50,-0.40
17-October-2023,12.30,12.49,12.05,12.16,12.226019719534234667,87426,112,1068872.00,87426,100.00,0.44,-0.14
16-October-2023,12.10,12.60,11.92,12.13,12.141382101192763303,122321,211,1485146.00,122321,100.00,0.68,0.03
13-October-2023,12.39,12.49,12.00,12.11,12.195205737067776635,79762,223,972714.00,79762,100.00,0.49,-0.28
12-October-2023,12.96,13.00,12.01,12.18,12.361651374423606089,106481,352,1316281.00,106481,100.00,0.99,-0.78
11-October-2023,12.38,12.65,12.38,12.56,12.571918821614690361,243316,442,3058949.00,243316,100.00,0.27,0.18
10-October-2023,11.90,12.07,11.73,12.05,11.994240714055067448,207491,371,2488697.00,207491,100.00,0.34,0.15
9-October-2023,11.80,11.90,11.45,11.50,11.573312366192379833,52781,114,610851.00,52781,100.00,0.45,-0.30
6-October-2023,11.80,11.80,11.25,11.73,11.608580309770084141,74636,178,866418.00,74636,100.00,0.55,-0.07
5-October-2023,11.41,11.90,11.41,11.65,11.642199452733337327,50067,93,582890.00,50067,100.00,0.49,0.24
4-October-2023,11.65,11.85,11.46,11.54,11.598023674729799279,48575,250,563374.00,48575,100.00,0.39,-0.11
3-October-2023,11.92,12.25,11.60,11.89,11.769004313862655940,68616,195,807542.00,68616,100.00,0.65,-0.03
29-September-2023,12.01,12.36,11.55,11.92,11.882652301276004170,40282,119,478657.00,40282,100.00,0.81,-0.09
28-September-2023,12.30,12.30,11.81,11.98,12.114905868074176522,35429,147,429219.00,35429,100.00,0.49,-0.32
27-September-2023,11.75,12.24,11.71,12.01,11.992521278080089298,71670,156,859504.00,71670,100.00,0.53,0.26
26-September-2023,12.21,12.21,11.75,11.88,11.929733482549946116,96504,262,1151267.00,96504,100.00,0.46,-0.33
25-September-2023,12.35,12.50,11.75,12.24,12.070831719329312157,54213,160,654396.00,54213,100.00,0.75,-0.11
22-September-2023,12.16,12.70,11.90,12.33,12.171747771293367586,202023,323,2458973.00,202023,100.00,0.80,0.17
21-September-2023,12.50,12.94,12.20,12.28,12.569298466180538094,119310,298,1499643.00,119310,100.00,0.74,-0.22
20-September-2023,12.96,13.05,12.31,12.50,12.707835932417939837,284395,347,3614045.00,284395,100.00,0.74,-0.46
18-September-2023,12.31,12.85,12.00,12.49,12.658195463631515754,611326,683,7738284.00,611326,100.00,0.85,0.18
15-September-2023,12.70,12.75,11.90,12.24,12.636039370384627609,566314,765,7155966.00,566314,100.00,0.85,-0.46
14-September-2023,11.85,12.15,11.65,12.15,12.044321990284559478,239001,303,2878605.00,239001,100.00,0.50,0.30
13-September-2023,11.33,11.97,11.33,11.58,11.734608706247905687,65654,186,770424.00,65654,100.00,0.64,0.25
12-September-2023,10.83,11.61,10.60,11.55,11.058287074880307142,351107,443,3882642.00,351107,100.00,1.01,0.72
11-September-2023,11.00,11.45,10.95,11.08,11.082777234919802664,167836,436,1860089.00,167836,100.00,0.50,0.08
8-September-2023,11.40,11.55,11.20,11.42,11.388146701115382191,63476,233,722874.00,63476,100.00,0.35,0.02
7-September-2023,11.60,11.60,11.35,11.40,11.428649506805819431,38423,183,439123.00,38423,100.00,0.25,-0.20
6-September-2023,11.69,11.69,11.15,11.44,11.492299924261550113,31688,142,364168.00,31688,100.00,0.54,-0.25
5-September-2023,11.16,11.79,11.15,11.44,11.422513386477505552,116162,341,1326862.00,116162,100.00,0.64,0.28
4-September-2023,11.21,11.75,11.21,11.51,11.551862753417988378,223889,429,2586335.00,223889,100.00,0.54,0.30
1-September-2023,11.71,11.85,11.55,11.68,11.668557797240954752,142948,402,1667997.00,142948,100.00,0.30,-0.03
31-August-2023,11.80,11.92,11.30,11.84,11.739381617857483544,167728,394,1969023.00,167728,100.00,0.62,0.04
30-August-2023,11.79,12.00,11.61,11.80,11.745002891408744625,79546,225,934268.00,79546,100.00,0.39,0.01
29-August-2023,11.88,11.90,11.35,11.78,11.722189748654586499,198452,471,2326292.00,198452,100.00,0.55,-0.10
28-August-2023,12.30,12.30,11.33,11.88,11.753134363335063022,238964,485,2808576.00,238964,100.00,0.97,-0.42
25-August-2023,11.95,12.45,11.80,11.92,12.050760986202561383,944958,1048,11387463.00,944958,100.00,0.65,-0.03
24-August-2023,12.19,12.43,11.90,11.95,12.179740030071388935,1551641,1366,18898584.00,1551641,100.00,0.53,-0.24
23-August-2023,12.23,12.46,11.75,11.84,12.238562714880839436,1986857,2222,24316274.00,1986857,100.00,0.71,-0.39
22-August-2023,11.31,11.87,11.31,11.87,11.848918539797019026,1758687,1266,20838539.00,1758687,100.00,0.56,0.56
21-August-2023,11.31,11.31,11.10,11.31,11.307722057019353716,1621239,917,18332520.00,1621239,100.00,0.21,0.00
18-August-2023,10.78,10.78,10.64,10.78,10.775956522614819638,595804,117,6420358.00,595804,100.00,0.14,0.00
17-August-2023,10.57,10.57,10.57,10.57,10.569512195121951219,1640,6,17334.00,1640,100.00,0.00,0.00
16-August-2023,10.37,10.37,10.37,10.37,10.369989088666445277,21079,20,218589.00,21079,100.00,0.00,0.00
14-August-2023,10.17,10.17,10.17,10.17,10.169999108289621273,639221,54,6500877.00,639221,100.00,0.00,0.00
11-August-2023,9.80,9.98,9.80,9.98,9.978332668982404191,140488,61,1401836.00,140488,100.00,0.18,0.18
10-August-2023,9.80,9.80,9.79,9.79,9.796096402121210154,154063,70,1509216.00,154063,100.00,0.01,-0.01
9-August-2023,9.57,9.61,9.53,9.61,9.579130108384554028,85252,60,816640.00,85252,100.00,0.08,0.04
8-August-2023,9.43,9.43,9.35,9.43,9.418928873489209614,146612,61,1380928.00,146612,100.00,0.08,0.00
7-August-2023,9.25,9.25,9.25,9.25,9.249995527167981679,167679,123,1551030.00,167679,100.00,0.00,0.00
4-August-2023,9.07,9.07,9.07,9.07,9.069937788480834838,9966,31,90391.00,9966,100.00,0.00,0.00
3-August-2023,9.25,9.25,9.25,9.25,9.249397590361445783,830,21,7677.00,830,100.00,0.00,0.00
2-August-2023,9.43,9.43,9.43,9.43,9.429860541427399507,1219,20,11495.00,1219,100.00,0.00,0.00
1-August-2023,9.62,9.62,9.62,9.62,9.619914516384359664,6317,18,60769.00,6317,100.00,0.00,0.00
31-July-2023,9.81,9.81,9.81,9.81,9.809572301425661914,1964,21,19266.00,1964,100.00,0.00,0.00
28-July-2023,10.01,10.01,10.01,10.01,10.009863588667366211,4765,20,47697.00,4765,100.00,0.00,0.00
27-July-2023,10.21,10.21,10.21,10.21,10.209967320261437908,1224,12,12497.00,1224,100.00,0.00,0.00
26-July-2023,10.41,10.41,10.41,10.41,10.391304347826086956,23,5,239.00,23,100.00,0.00,0.00
25-July-2023,10.62,10.62,10.62,10.62,10.619900133966630130,8211,19,87200.00,8211,100.00,0.00,0.00
24-July-2023,10.83,10.83,10.83,10.83,10.829967167446025271,10051,5,108852.00,10051,100.00,0.00,0.00
14-July-2023,10.96,11.40,10.96,11.05,11.056737810016667394,160193,240,1771212.00,160193,100.00,0.44,0.09
13-July-2023,11.69,11.85,10.75,11.53,11.536191047441030004,143378,332,1654036.00,143378,100.00,1.10,-0.16
12-July-2023,11.29,11.30,11.20,11.30,11.286818101744015345,204356,199,2306529.00,204356,100.00,0.10,0.01
11-July-2023,10.69,10.77,10.50,10.77,10.742962566647602531,271015,286,2911504.00,271015,100.00,0.27,0.08
10-July-2023,9.71,10.26,9.55,10.26,10.174891332140117616,50843,102,517322.00,50843,100.00,0.71,0.55
7-July-2023,9.97,9.97,9.61,9.78,9.717397830095630172,46638,79,453200.00,46638,100.00,0.36,-0.19
6-July-2023,10.55,10.55,9.90,9.97,10.149362146456621419,44054,161,447120.00,44054,100.00,0.65,-0.58
5-July-2023,10.70,10.72,10.12,10.41,10.542208087233075874,33015,81,348051.00,33015,100.00,0.60,-0.29
4-July-2023,10.50,10.74,10.25,10.27,10.401962840875037458,66740,129,694227.00,66740,100.00,0.49,-0.23
3-July-2023,10.96,11.08,10.42,10.57,10.519296920454429462,97969,215,1030565.00,97969,100.00,0.66,-0.39
30-June-2023,11.78,11.78,10.96,10.96,11.068270058874189950,141658,238,1567909.00,141658,100.00,0.82,-0.82
28-June-2023,11.68,11.83,10.80,11.53,11.452321699544764795,181225,332,2075447.00,181225,100.00,1.03,-0.15
27-June-2023,11.10,11.31,11.10,11.31,11.295421736440503196,252148,276,2848118.00,252148,100.00,0.21,0.21
26-June-2023,9.78,10.78,9.76,10.78,9.877688911914861466,185298,238,1830316.00,185298,100.00,1.02,1.00
23-June-2023,10.27,10.70,10.27,10.27,10.271340016609324949,67432,82,692617.00,67432,100.00,0.43,0.00
22-June-2023,11.59,11.60,10.81,10.81,10.869773320511059211,181975,156,1978027.00,181975,100.00,0.79,-0.78
21-June-2023,11.44,12.30,11.21,11.37,11.609704073462016798,293485,443,3407274.00,293485,100.00,1.09,-0.07
20-June-2023,11.73,12.35,11.73,11.73,11.808732912320640931,913670,519,10789285.00,913670,100.00,0.62,0.00
19-June-2023,12.34,12.34,12.34,12.34,12.339815557337610264,4988,41,61551.00,4988,100.00,0.00,0.00
16-June-2023,12.98,12.98,12.98,12.98,12.980000000000000000,7950,21,103191.00,7950,100.00,0.00,0.00
15-June-2023,13.66,14.23,13.66,13.66,13.701306760110965104,219168,123,3002888.00,219168,100.00,0.57,0.00
14-June-2023,14.25,14.65,14.25,14.37,14.383746353548951834,511799,530,7361587.00,511799,100.00,0.40,0.12
13-June-2023,14.99,14.99,14.99,14.99,14.989928057553956834,2780,23,41672.00,2780,100.00,0.00,0.00
12-June-2023,15.77,15.77,15.77,15.77,15.769941225860621326,1191,23,18782.00,1191,100.00,0.00,0.00
9-June-2023,16.60,16.60,16.60,16.60,16.599889624724061810,1812,27,30079.00,1812,100.00,0.00,0.00
8-June-2023,17.47,17.47,17.47,17.47,17.469997239856472536,18115,17,316469.00,18115,100.00,0.00,0.00
7-June-2023,18.38,18.38,18.38,18.38,18.379712746858168761,3342,23,61425.00,3342,100.00,0.00,0.00
6-June-2023,19.34,19.34,19.34,19.34,19.339821314613911933,3134,26,60611.00,3134,100.00,0.00,0.00
5-June-2023,20.35,20.35,20.35,20.35,20.349801130416579443,4777,27,97211.00,4777,100.00,0.00,0.00
2-June-2023,21.42,21.42,21.42,21.42,21.419982740435324575,10429,17,223389.00,10429,100.00,0.00,0.00
1-June-2023,22.54,22.54,22.54,22.54,22.539285714285714285,1120,20,25244.00,1120,100.00,0.00,0.00
31-May-2023,23.72,23.72,23.72,23.72,23.719457013574660633,663,11,15726.00,663,100.00,0.00,0.00
30-May-2023,24.96,24.96,24.96,24.96,24.959413754227733934,887,11,22139.00,887,100.00,0.00,0.00
29-May-2023,26.27,26.27,26.27,26.27,26.270000000000000000,2200,18,57794.00,2200,100.00,0.00,0.00
26-May-2023,27.65,27.65,27.65,27.65,27.649587750294464075,1698,21,46949.00,1698,100.00,0.00,0.00
25-May-2023,29.10,29.10,29.10,29.10,29.098501070663811563,467,16,13589.00,467,100.00,0.00,0.00
24-May-2023,30.63,30.63,30.63,30.63,30.630000000000000000,2200,18,67386.00,2200,100.00,0.00,0.00
23-May-2023,32.24,32.24,32.24,32.24,32.239958538481471883,3859,22,124414.00,3859,100.00,0.00,0.00
22-May-2023,33.93,33.93,33.93,33.93,33.929973858390344290,35958,56,1220054.00,35958,100.00,0.00,0.00
19-May-2023,37.58,38.28,35.71,35.71,37.554749301518187299,933811,352,35069038.00,933811,100.00,2.57,-1.87
18-May-2023,35.80,37.59,34.03,37.58,36.648863027018643215,1508699,854,55292103.00,1508699,100.00,3.56,1.78
17-May-2023,35.60,35.80,35.20,35.80,35.746231626686559298,538893,642,19263394.00,538893,100.00,0.60,0.20
16-May-2023,34.10,34.10,33.72,34.10,34.095004143337341428,406677,519,13865654.00,406677,100.00,0.38,0.00
15-May-2023,31.90,32.48,31.60,32.48,32.459321655418816990,644864,445,20931848.00,644864,100.00,0.88,0.58
12-May-2023,30.94,30.94,30.82,30.94,30.912853470437017994,229510,486,7094809.00,229510,100.00,0.12,0.00
11-May-2023,29.47,29.47,29.00,29.47,29.453987032192014560,105492,362,3107160.00,105492,100.00,0.47,0.00
10-May-2023,28.07,28.07,28.04,28.07,28.059537987628078533,198999,222,5583820.00,198999,100.00,0.03,0.00
9-May-2023,26.70,26.74,24.56,26.74,26.221411340090511276,213896,417,5608655.00,213896,100.00,2.18,0.04
8-May-2023,25.47,25.47,25.00,25.47,25.434511285874782963,97910,137,2490293.00,97910,100.00,0.47,0.00
5-May-2023,24.10,24.28,22.81,24.26,23.902786784759298906,112567,238,2690665.00,112567,100.00,1.47,0.16
4-May-2023,21.45,23.35,21.45,23.15,22.638227902776141673,203736,270,4612222.00,203736,100.00,1.90,1.70
3-May-2023,22.50,23.55,21.40,22.35,22.195470817876986376,432131,337,9591351.00,432131,100.00,2.15,-0.15
2-May-2023,20.49,22.59,20.49,22.52,21.685577695487764258,255195,374,5534051.00,255195,100.00,2.10,2.03
28-April-2023,21.49,21.57,19.53,21.56,20.621020889840802162,448687,548,9252384.00,448687,100.00,2.04,0.07
27-April-2023,20.54,20.55,20.25,20.55,20.507014796731091185,221603,387,4544416.00,221603,100.00,0.30,0.01
26-April-2023,19.58,19.58,19.00,19.58,19.578091858146432637,1495937,291,29287592.00,1495937,100.00,0.58,0.00
25-April-2023,18.65,18.65,18.65,18.65,18.649993789811742578,112718,126,2102190.00,112718,100.00,0.00,0.00
24-April-2023,17.00,17.77,16.09,17.77,17.067122299104300208,117785,189,2010251.00,117785,100.00,1.68,0.77
21-April-2023,16.54,17.26,16.06,16.93,16.959124339108617700,92867,326,1574943.00,92867,100.00,1.20,0.39
20-April-2023,16.25,16.54,15.56,16.54,16.403823167115288106,109595,311,1797777.00,109595,100.00,0.98,0.29
19-April-2023,15.70,15.83,14.95,15.76,15.423515118616027865,154743,277,2386681.00,154743,100.00,0.88,0.06
18-April-2023,13.70,15.14,13.70,15.09,14.423436522011266430,153376,349,2212209.00,153376,100.00,1.44,1.39
17-April-2023,18.71,20.61,18.71,20.49,19.475895756896927226,417831,738,8137633.00,417831,100.00,1.90,1.78
13-April-2023,19.69,19.69,19.69,19.69,19.689992834965368999,20935,18,412210.00,20935,100.00,0.00,0.00
12-April-2023,18.76,18.76,18.76,18.76,18.759986218480156764,46439,23,871195.00,46439,100.00,0.00,0.00
11-April-2023,17.87,17.87,17.87,17.87,17.869815195071868583,2435,6,43513.00,2435,100.00,0.00,0.00
10-April-2023,17.02,17.02,17.02,17.02,17.019996791386655733,280495,133,4774024.00,280495,100.00,0.00,0.00
6-April-2023,16.21,16.21,16.21,16.21,16.209880478087649402,6275,5,101717.00,6275,100.00,0.00,0.00
5-April-2023,15.44,15.44,15.44,15.44,15.439986513823331085,2966,6,45795.00,2966,100.00,0.00,0.00
3-April-2023,14.71,14.71,14.71,14.71,14.709946739599827263,6947,8,102190.00,6947,100.00,0.00,0.00
31-March-2023,14.01,14.01,14.01,14.01,14.009870129870129870,3850,5,53938.00,3850,100.00,0.00,0.00
29-March-2023,13.35,13.35,13.35,13.35,13.348571428571428571,350,4,4672.00,350,100.00,0.00,0.00
28-March-2023,12.72,12.72,12.72,12.72,12.719801980198019801,1010,4,12847.00,1010,100.00,0.00,0.00
27-March-2023,12.12,12.12,12.12,12.12,12.118181818181818181,440,8,5332.00,440,100.00,0.00,0.00
24-March-2023,11.55,11.55,11.55,11.55,11.549866666666666666,3750,7,43312.00,3750,100.00,0.00,0.00
23-March-2023,11.00,11.00,11.00,11.00,11.000000000000000000,300,3,3300.00,300,100.00,0.00,0.00
22-March-2023,10.48,10.48,10.48,10.48,10.479657387580299785,1401,3,14682.00,1401,100.00,0.00,0.00
21-March-2023,9.99,9.99,9.99,9.99,9.989871708305199189,1481,6,14795.00,1481,100.00,0.00,0.00
20-March-2023,9.52,9.52,9.52,9.52,9.000000000000000000,1,1,9.00,1,100.00,0.00,0.00
17-March-2023,9.07,9.07,9.07,9.07,9.069714285714285714,1750,5,15872.00,1750,100.00,0.00,0.00
16-March-2023,8.64,8.64,8.64,8.64,8.640000000000000000,1800,2,15552.00,1800,100.00,0.00,0.00
15-March-2023,8.23,8.23,8.23,8.23,8.227106227106227106,273,3,2246.00,273,100.00,0.00,0.00
14-March-2023,7.84,7.84,7.84,7.84,7.839995616918693841,45630,11,357739.00,45630,100.00,0.00,0.00
6-March-2023,7.47,7.47,7.47,7.47,7.469955156950672645,1115,1,8329.00,1115,100.00,0.00,0.00
27-February-2023,7.47,7.47,7.47,7.47,7.468965517241379310,145,2,1083.00,145,100.00,0.00,0.00
20-February-2023,7.47,7.47,7.47,7.47,7.470000000000000000,2300,2,17181.00,2300,100.00,0.00,0.00
13-February-2023,7.47,7.47,7.47,7.47,7.470000000000000000,46200,6,345114.00,46200,100.00,0.00,0.00
30-January-2023,7.12,7.12,7.12,7.12,7.118353344768439108,583,2,4150.00,583,100.00,0.00,0.00
23-January-2023,7.12,7.12,7.12,7.12,7.119978575254418853,5601,3,39879.00,5601,100.00,0.00,0.00
16-January-2023,7.12,7.12,7.12,7.12,7.120000000000000000,950,2,6764.00,950,100.00,0.00,0.00
9-January-2023,7.12,7.12,7.12,7.12,7.120000000000000000,100,2,712.00,100,100.00,0.00,0.00
2-January-2023,6.79,6.79,6.79,6.79,6.700000000000000000,10,1,67.00,10,100.00,0.00,0.00
19-December-2022,6.79,6.79,6.79,6.79,6.790000000000000000,100,2,679.00,100,100.00,0.00,0.00
5-December-2022,6.79,6.79,6.79,6.79,6.790000000000000000,200,2,1358.00,200,100.00,0.00,0.00
28-November-2022,6.79,6.79,6.79,6.79,6.789916818827348346,9858,4,66935.00,9858,100.00,0.00,0.00
21-November-2022,6.79,6.79,6.79,6.79,6.766666666666666666,30,1,203.00,30,100.00,0.00,0.00
14-November-2022,6.79,6.79,6.79,6.79,6.785714285714285714,56,1,380.00,56,100.00,0.00,0.00
24-October-2022,6.47,6.47,6.47,6.47,6.470000000000000000,2000,1,12940.00,,,0.00,0.00
10-October-2022,6.47,6.47,6.47,6.47,6.469996590521650187,5866,2,37953.00,5866,100.00,0.00,0.00
3-October-2022,6.17,6.17,6.17,6.17,6.169937033240591594,13658,5,84269.00,13658,100.00,0.00,0.00
26-September-2022,6.17,6.17,6.17,6.17,6.169381107491856677,921,3,5682.00,,,0.00,0.00
19-September-2022,6.17,6.17,6.17,6.17,6.169884169884169884,6993,5,43146.00,6993,100.00,0.00,0.00
12-September-2022,6.17,6.17,6.17,6.17,6.169926650366748166,13088,4,80752.00,13088,100.00,0.00,0.00
5-September-2022,6.17,6.17,6.17,6.17,6.170000000000000000,500,4,3085.00,500,100.00,0.00,0.00
29-August-2022,6.17,6.17,6.17,6.17,6.169872340425531914,5875,4,36248.00,5875,100.00,0.00,0.00
22-August-2022,6.17,6.17,6.17,6.17,6.168000000000000000,250,2,1542.00,250,100.00,0.00,0.00
1-August-2022,5.88,5.88,5.88,5.88,5.880000000000000000,25,1,147.00,25,100.00,0.00,0.00
25-July-2022,5.88,5.88,5.88,5.88,5.880000000000000000,100,1,588.00,100,100.00,0.00,0.00
11-July-2022,5.88,5.88,5.88,5.88,5.850000000000000000,20,2,117.00,20,100.00,0.00,0.00
4-July-2022,5.60,5.60,5.60,5.60,5.600000000000000000,355,3,1988.00,355,100.00,0.00,0.00
27-June-2022,5.60,5.60,5.60,5.60,5.600000000000000000,600,1,3360.00,600,100.00,0.00,0.00
20-June-2022,5.60,5.60,5.60,5.60,5.599853515625000000,4096,1,22937.00,4096,100.00,0.00,0.00
13-June-2022,5.60,5.60,5.60,5.60,5.599964330301408953,5607,7,31399.00,5607,100.00,0.00,0.00
6-June-2022,5.34,5.34,5.34,5.34,5.340000000000000000,700,2,3738.00,700,100.00,0.00,0.00
30-May-2022,5.34,5.34,5.34,5.34,5.340000000000000000,1150,2,6141.00,1150,100.00,0.00,0.00
23-May-2022,5.34,5.34,5.34,5.34,5.339895013123359580,1524,6,8138.00,1524,100.00,0.00,0.00
16-May-2022,5.34,5.34,5.34,5.34,5.339861751152073732,4340,3,23175.00,4340,100.00,0.00,0.00
9-May-2022,5.34,5.34,5.34,5.34,5.339840637450199203,2510,3,13403.00,2510,100.00,0.00,0.00
2-May-2022,5.09,5.09,5.09,5.09,5.089583333333333333,480,2,2443.00,480,100.00,0.00,0.00
18-April-2022,5.09,5.09,5.09,5.09,5.090000000000000000,900,3,4581.00,900,100.00,0.00,0.00
11-April-2022,5.08,5.09,5.08,5.09,5.086776859504132231,242,2,1231.00,242,100.00,0.01,0.01
4-April-2022,4.85,4.85,4.85,4.85,4.844444444444444444,90,1,436.00,90,100.00,0.00,0.00
28-March-2022,4.85,4.85,4.85,4.85,4.849987478086651640,3993,5,19366.00,3993,100.00,0.00,0.00
21-March-2022,4.85,4.85,4.85,4.85,4.850000000000000000,7100,6,34435.00,7100,100.00,0.00,0.00
7-March-2022,4.62,4.85,4.62,4.85,4.844392704695382227,20616,14,99872.00,20616,100.00,0.23,0.23
7-February-2022,4.62,4.62,4.62,4.62,4.620000000000000000,500,1,2310.00,500,100.00,0.00,0.00
31-January-2022,4.62,4.86,4.62,4.86,4.844000000000000000,4500,6,21798.00,4500,100.00,0.24,0.24
17-January-2022,4.85,4.86,4.85,4.86,4.859186410371032632,2237,7,10870.00,2237,100.00,0.01,0.01
10-January-2022,4.62,4.86,4.62,4.86,4.729779411764705882,1088,9,5146.00,1088,100.00,0.24,0.24
3-January-2022,4.63,4.86,4.63,4.86,4.795989537925021795,1147,8,5501.00,1147,100.00,0.23,0.23
28-December-2021,4.87,4.87,4.87,4.87,4.869894598155467720,3036,8,14785.00,3036,100.00,0.00,0.00
27-December-2021,4.20,4.64,4.20,4.64,4.278688524590163934,610,3,2610.00,610,100.00,0.44,0.44
24-December-2021,4.01,4.42,4.01,4.42,4.166666666666666666,810,3,3375.00,810,100.00,0.41,0.41
23-December-2021,3.82,4.22,3.82,4.22,4.018491484184914841,4110,5,16516.00,4110,100.00,0.40,0.40
22-December-2021,4.02,4.44,4.02,4.02,4.048620236530880420,7610,11,30810.00,7610,100.00,0.42,0.00
21-December-2021,4.23,4.45,4.23,4.23,4.230468750000000000,512,3,2166.00,512,100.00,0.22,0.00
13-October-2021,4.52,4.53,4.20,4.45,4.252401622429374510,14053,15,59759.00,14053,100.00,0.33,-0.07
12-October-2021,4.32,4.32,4.29,4.32,4.319901315789473684,3648,10,15759.00,3648,100.00,0.03,0.00
11-October-2021,4.09,4.12,3.99,4.12,4.094179584673881251,10257,21,41994.00,9102,88.74,0.13,0.03
8-October-2021,3.93,3.93,3.66,3.93,3.880894907271121577,16985,46,65917.00,14057,82.76,0.27,0.00
7-October-2021,3.75,3.75,3.51,3.75,3.717023394723743155,12054,34,44805.00,12054,100.00,0.24,0.00
6-October-2021,3.56,3.58,3.56,3.58,3.567135549872122762,1564,4,5579.00,1564,100.00,0.02,0.02
5-October-2021,3.41,3.41,3.35,3.41,3.405341625253338515,36019,19,122657.00,36019,100.00,0.06,0.00
4-October-2021,2.96,3.25,2.96,3.25,3.246602259701981332,42749,21,138789.00,42238,98.80,0.29,0.29
1-October-2021,3.09,3.10,2.86,3.10,3.088148010757674116,21566,23,66599.00,20976,97.26,0.24,0.01
30-September-2021,2.69,2.96,2.69,2.96,2.717142857142857142,350,8,951.00,350,100.00,0.27,0.27
29-September-2021,2.83,2.83,2.83,2.83,2.826086956521739130,46,1,130.00,46,100.00,0.00,0.00
28-September-2021,2.93,3.00,2.93,2.97,2.997076023391812865,684,10,2050.00,684,100.00,0.07,0.04
27-September-2021,2.94,2.94,2.74,2.86,2.812842682412484183,9484,80,26677.00,7631,80.46,0.20,-0.08
24-September-2021,2.85,2.89,2.79,2.80,2.841648590021691973,1844,11,5240.00,1844,100.00,0.10,-0.05
23-September-2021,2.95,3.23,2.93,2.93,3.068108687879871290,27970,49,85815.00,8465,30.26,0.30,-0.02
22-September-2021,3.18,3.18,3.08,3.08,3.144336569579288025,1545,7,4858.00,1545,100.00,0.10,-0.10
21-September-2021,3.24,3.39,3.24,3.24,3.251316779533483822,1329,12,4321.00,1329,100.00,0.15,0.00
20-September-2021,3.15,3.46,3.15,3.41,3.400299475917144996,8014,18,27250.00,8011,99.96,0.31,0.26
17-September-2021,3.32,3.32,3.29,3.31,3.318721461187214611,1095,4,3634.00,1095,100.00,0.03,-0.01
16-September-2021,3.18,3.18,3.18,3.18,3.171428571428571428,105,4,333.00,105,100.00,0.00,0.00
15-September-2021,3.00,3.15,2.86,3.04,3.044011386030216772,4567,13,13902.00,4485,98.20,0.29,0.04
14-September-2021,3.00,3.00,3.00,3.00,3.000000000000000000,18,6,54.00,18,100.00,0.00,0.00
13-September-2021,3.13,3.13,3.09,3.09,3.052631578947368421,19,5,58.00,19,100.00,0.04,-0.04
6-September-2021,3.25,3.25,3.18,3.25,3.218670725520040588,1971,9,6344.00,1971,100.00,0.07,0.00
3-September-2021,3.20,3.25,3.10,3.10,3.168036998972250770,1946,15,6165.00,1946,100.00,0.15,-0.10
2-September-2021,3.26,3.26,3.20,3.20,3.235500000000000000,2000,7,6471.00,2000,100.00,0.06,-0.06
31-August-2021,3.39,3.39,3.26,3.26,3.359001040582726326,1922,11,6456.00,1922,100.00,0.13,-0.13
30-August-2021,3.44,3.44,3.39,3.39,3.419103313840155945,1026,7,3508.00,1026,100.00,0.05,-0.05
26-August-2021,3.39,3.61,3.28,3.28,3.336241078509119746,2522,15,8414.00,2522,100.00,0.33,-0.11
25-August-2021,3.50,3.50,3.44,3.44,3.486947256259989344,1877,8,6545.00,1877,100.00,0.06,-0.06
16-August-2021,3.34,3.34,3.34,3.34,3.340000000000000000,50,2,167.00,50,100.00,0.00,0.00
14-June-2021,3.51,3.51,3.51,3.51,3.510000000000000000,3000,5,10530.00,3000,100.00,0.00,0.00
8-June-2021,4.06,4.06,3.68,3.69,3.905817174515235457,1083,11,4230.00,1083,100.00,0.38,-0.37
7-June-2021,3.87,3.87,3.87,3.87,3.864000000000000000,125,2,483.00,125,100.00,0.00,0.00
4-June-2021,3.69,3.69,3.65,3.69,3.683908045977011494,5742,15,21153.00,5742,100.00,0.04,0.00
3-June-2021,3.49,3.52,3.42,3.52,3.505894962486602357,5598,23,19626.00,5597,99.98,0.10,0.03
2-June-2021,3.36,3.36,3.10,3.36,3.325808823529411764,13600,37,45231.00,11527,84.76,0.26,0.00
1-June-2021,3.19,3.20,2.91,3.20,3.177479492915734526,8046,24,25566.00,5576,69.30,0.29,0.01
31-May-2021,3.05,3.05,3.05,3.05,3.050000000000000000,640,5,1952.00,640,100.00,0.00,0.00
28-May-2021,2.65,2.91,2.65,2.91,2.758550724637681159,3450,6,9517.00,3000,86.96,0.26,0.26
27-May-2021,2.80,3.06,2.78,2.78,2.902515723270440251,2226,20,6461.00,1521,68.33,0.28,-0.02
26-May-2021,2.92,2.92,2.80,2.92,2.876595744680851063,470,5,1352.00,470,100.00,0.12,0.00
25-May-2021,2.79,2.79,2.79,2.79,2.789686552072800808,1978,7,5518.00,1978,100.00,0.00,0.00
24-May-2021,2.66,2.66,2.66,2.66,2.660000000000000000,350,3,931.00,350,100.00,0.00,0.00
21-May-2021,2.51,2.54,2.51,2.54,2.519519519519519519,333,2,839.00,333,100.00,0.03,0.03
19-May-2021,2.87,2.90,2.64,2.64,2.842679650772330423,5956,26,16931.00,5201,87.32,0.26,-0.23
18-May-2021,2.75,2.77,2.75,2.77,2.769047619047619047,2100,8,5815.00,2100,100.00,0.02,0.02
14-May-2021,2.64,2.64,2.64,2.64,2.638461538461538461,390,5,1029.00,390,100.00,0.00,0.00
12-May-2021,2.50,2.52,2.50,2.52,2.501516990291262135,3296,7,8245.00,3296,100.00,0.02,0.02
11-May-2021,2.35,2.40,2.35,2.40,2.359677419354838709,2480,3,5852.00,2480,100.00,0.05,0.05
7-May-2021,2.40,2.40,2.40,2.40,2.400000000000000000,20,1,48.00,20,100.00,0.00,0.00
6-May-2021,2.41,2.41,2.41,2.41,2.400000000000000000,10,1,24.00,10,100.00,0.00,0.00
5-May-2021,2.40,2.41,2.40,2.41,2.406000000000000000,500,2,1203.00,500,100.00,0.01,0.01
4-May-2021,2.41,2.41,2.40,2.41,2.409601944697660285,3291,12,7930.00,3290,99.97,0.01,0.00
3-May-2021,2.35,2.41,2.35,2.41,2.401881720430107526,744,4,1787.00,744,100.00,0.06,0.06
30-April-2021,2.45,2.45,2.30,2.30,2.302816901408450704,426,2,981.00,426,100.00,0.15,-0.15
29-April-2021,2.39,2.39,2.34,2.35,2.350616016427104722,1948,9,4579.00,1948,100.00,0.05,-0.04
28-April-2021,2.41,2.41,2.41,2.41,2.406374501992031872,251,2,604.00,251,100.00,0.00,0.00
27-April-2021,2.53,2.53,2.53,2.53,2.530000000000000000,700,2,1771.00,700,100.00,0.00,0.00
23-April-2021,2.66,2.66,2.66,2.66,2.000000000000000000,1,1,2.00,1,100.00,0.00,0.00
13-April-2021,2.91,2.91,2.79,2.79,2.800000000000000000,60,2,168.00,60,100.00,0.12,-0.12
12-April-2021,2.79,2.79,2.79,2.79,2.789473684210526315,456,7,1272.00,456,100.00,0.00,0.00
9-April-2021,2.75,2.79,2.75,2.78,2.777183600713012477,561,4,1558.00,561,100.00,0.04,0.03
8-April-2021,2.79,2.79,2.79,2.79,2.750000000000000000,20,1,55.00,20,100.00,0.00,0.00
7-April-2021,2.85,2.85,2.85,2.85,2.833333333333333333,30,1,85.00,30,100.00,0.00,0.00
6-April-2021,3.03,3.15,2.85,2.85,2.877206446661550268,6515,21,18745.00,6515,100.00,0.30,-0.18
5-April-2021,3.03,3.03,3.00,3.00,3.000000000000000000,6,2,18.00,6,100.00,0.03,-0.03
1-April-2021,2.89,2.89,2.65,2.89,2.850649350649350649,616,6,1756.00,616,100.00,0.24,0.00
31-March-2021,2.77,2.77,2.77,2.77,2.768888888888888888,225,4,623.00,225,100.00,0.00,0.00
26-March-2021,2.80,2.80,2.77,2.77,2.799948770491803278,23424,4,65586.00,23424,100.00,0.03,-0.03
25-March-2021,2.77,2.77,2.77,2.77,2.700000000000000000,10,1,27.00,10,100.00,0.00,0.00
22-March-2021,2.77,2.77,2.77,2.77,2.764705882352941176,136,2,376.00,136,100.00,0.00,0.00
18-March-2021,2.64,2.64,2.64,2.64,2.640000000000000000,400,1,1056.00,400,100.00,0.00,0.00
16-March-2021,2.52,2.52,2.52,2.52,2.520000000000000000,200,1,504.00,200,100.00,0.00,0.00
12-March-2021,2.40,2.40,2.40,2.40,2.400000000000000000,10115,14,24276.00,10115,100.00,0.00,0.00
5-March-2021,2.49,2.63,2.49,2.49,2.513883746760459089,2701,8,6790.00,2701,100.00,0.14,0.00
4-March-2021,2.52,2.52,2.52,2.52,2.000000000000000000,1,1,2.00,1,100.00,0.00,0.00
3-March-2021,2.28,2.52,2.28,2.40,2.483811285846438482,7567,54,18795.00,6979,92.23,0.24,0.12
2-March-2021,2.60,2.60,2.40,2.40,2.394736842105263157,76,3,182.00,76,100.00,0.20,-0.20
1-March-2021,2.37,2.49,2.37,2.49,2.378283712784588441,571,3,1358.00,571,100.00,0.12,0.12
26-February-2021,2.21,2.38,2.21,2.38,2.335801554979637171,2701,6,6309.00,2530,93.67,0.17,0.17
25-February-2021,2.14,2.36,2.14,2.27,2.287425149700598802,4843,41,11078.00,4843,100.00,0.22,0.13
24-February-2021,2.26,2.26,2.25,2.25,2.249042145593869731,261,3,587.00,261,100.00,0.01,-0.01
23-February-2021,2.36,2.36,2.36,2.36,2.333333333333333333,33,2,77.00,33,100.00,0.00,0.00
19-February-2021,2.31,2.31,2.31,2.31,2.310000000000000000,1100,2,2541.00,1100,100.00,0.00,0.00
16-February-2021,2.40,2.40,2.40,2.40,2.400000000000000000,10,1,24.00,10,100.00,0.00,0.00
15-February-2021,2.47,2.47,2.35,2.40,2.363503649635036496,685,6,1619.00,685,100.00,0.12,-0.07
12-February-2021,2.27,2.37,2.27,2.37,2.320000000000000000,1000,2,2320.00,500,50.00,0.10,0.10
11-February-2021,2.27,2.27,2.27,2.27,2.166666666666666666,6,1,13.00,6,100.00,0.00,0.00
10-February-2021,2.25,2.26,2.25,2.26,2.250931098696461824,2148,9,4835.00,2148,100.00,0.01,0.01
9-February-2021,2.46,2.46,2.24,2.24,2.344761904761904761,1050,3,2462.00,1050,100.00,0.22,-0.22
5-February-2021,2.35,2.35,2.35,2.35,2.333333333333333333,24,2,56.00,24,100.00,0.00,0.00
4-February-2021,2.35,2.35,2.35,2.35,2.348115299334811529,451,2,1059.00,451,100.00,0.00,0.00
3-February-2021,2.24,2.24,2.24,2.24,2.239690721649484536,2716,3,6083.00,2716,100.00,0.00,0.00
29-January-2021,2.24,2.24,2.24,2.24,2.240000000000000000,300,7,672.00,300,100.00,0.00,0.00
28-January-2021,2.35,2.35,2.35,2.35,2.333333333333333333,54,2,126.00,54,100.00,0.00,0.00
27-January-2021,2.46,2.46,2.46,2.46,2.454545454545454545,11,1,27.00,11,100.00,0.00,0.00
25-January-2021,2.57,2.57,2.57,2.57,2.568518518518518518,540,2,1387.00,540,100.00,0.00,0.00
20-January-2021,2.70,2.70,2.70,2.70,2.688888888888888888,45,1,121.00,45,100.00,0.00,0.00
19-January-2021,2.70,2.70,2.70,2.70,2.700000000000000000,5000,1,13500.00,5000,100.00,0.00,0.00
18-January-2021,2.70,2.94,2.66,2.67,2.694312796208530805,422,8,1137.00,422,100.00,0.28,-0.03
15-January-2021,2.80,2.80,2.80,2.80,2.000000000000000000,1,1,2.00,1,100.00,0.00,0.00
14-January-2021,2.92,2.92,2.91,2.91,2.910485933503836317,2346,6,6828.00,2346,100.00,0.01,-0.01
12-January-2021,2.91,2.91,2.90,2.91,2.908333333333333333,600,5,1745.00,600,100.00,0.01,0.00
11-January-2021,3.01,3.01,3.01,3.01,3.009287925696594427,323,5,972.00,323,100.00,0.00,0.00
8-January-2021,2.91,2.91,2.91,2.91,2.900000000000000000,50,1,145.00,50,100.00,0.00,0.00
6-January-2021,3.06,3.06,2.85,2.88,2.999419279907084785,1722,13,5165.00,1722,100.00,0.21,-0.18
5-January-2021,2.79,2.92,2.79,2.92,2.789849325931800158,1261,6,3518.00,1261,100.00,0.13,0.13
4-January-2021,2.79,2.79,2.66,2.79,2.770540340488527017,1351,8,3743.00,1351,100.00,0.13,0.00
1-January-2021,2.66,2.79,2.66,2.79,2.657370517928286852,251,2,667.00,251,100.00,0.13,0.13
31-December-2020,2.66,2.66,2.66,2.66,2.659279778393351800,722,3,1920.00,722,100.00,0.00,0.00
30-December-2020,2.90,2.90,2.79,2.79,2.851968503937007874,635,7,1811.00,635,100.00,0.11,-0.11
29-December-2020,2.92,2.92,2.72,2.92,2.833510074231177094,4715,11,13360.00,4715,100.00,0.20,0.00
28-December-2020,2.70,2.95,2.70,2.79,2.864455211827556218,8049,34,23056.00,6801,84.49,0.25,0.09
24-December-2020,2.82,2.82,2.80,2.81,2.805263157894736842,380,5,1066.00,378,99.47,0.02,-0.01
23-December-2020,2.60,2.71,2.60,2.71,2.677647058823529411,425,2,1138.00,425,100.00,0.11,0.11
22-December-2020,2.72,2.72,2.60,2.60,2.659322944653412144,1861,8,4949.00,1860,99.95,0.12,-0.12
21-December-2020,2.63,2.63,2.40,2.60,2.533404406538734896,2814,8,7129.00,1814,64.46,0.23,-0.03
18-December-2020,2.75,2.75,2.51,2.51,2.540755804100999830,11802,15,29986.00,10650,90.24,0.24,-0.24
17-December-2020,2.52,2.68,2.52,2.64,2.540875309661436829,1211,4,3077.00,1210,99.92,0.16,0.12
14-December-2020,2.56,2.65,2.56,2.65,2.597222222222222222,72,6,187.00,55,76.39,0.09,0.09
25-November-2020,2.69,2.69,2.69,2.69,2.690000000000000000,1000,3,2690.00,1000,100.00,0.00,0.00
24-November-2020,2.60,2.60,2.60,2.60,2.600000000000000000,2000,1,5200.00,2000,100.00,0.00,0.00
23-October-2020,2.73,2.73,2.73,2.73,2.730000000000000000,100,1,273.00,100,100.00,0.00,0.00
17-September-2020,2.87,2.87,2.87,2.87,2.000000000000000000,1,1,2.00,1,100.00,0.00,0.00
16-September-2020,2.90,2.90,2.88,2.88,2.833333333333333333,12,4,34.00,12,100.00,0.02,-0.02
15-September-2020,2.77,2.77,2.77,2.77,2.666666666666666666,3,3,8.00,3,100.00,0.00,0.00
17-July-2020,2.77,2.77,2.77,2.77,2.500000000000000000,2,1,5.00,2,100.00,0.00,0.00
13-July-2020,2.64,2.64,2.64,2.64,2.000000000000000000,1,1,2.00,1,100.00,0.00,0.00
8-July-2020,2.52,2.52,2.52,2.52,2.520000000000000000,200,1,504.00,200,100.00,0.00,0.00
7-July-2020,2.40,2.40,2.40,2.40,2.400000000000000000,4000,4,9600.00,4000,100.00,0.00,0.00
3-July-2020,2.52,2.52,2.28,2.40,2.281385281385281385,231,5,527.00,231,100.00,0.24,-0.12
2-July-2020,2.30,2.40,2.30,2.40,2.350000000000000000,2000,4,4700.00,2000,100.00,0.10,0.10
1-July-2020,2.20,2.41,2.20,2.41,2.304794520547945205,2044,5,4711.00,2044,100.00,0.21,0.21
26-June-2020,2.30,2.30,2.30,2.30,2.299955496217178460,2247,4,5168.00,2247,100.00,0.00,0.00
25-June-2020,2.30,2.30,2.30,2.30,2.300000000000000000,1000,2,2300.00,1000,100.00,0.00,0.00
24-June-2020,2.20,2.20,2.20,2.20,2.199203187250996015,502,3,1104.00,502,100.00,0.00,0.00
23-June-2020,2.20,2.20,2.10,2.10,2.195159728944820909,5165,4,11338.00,5165,100.00,0.10,-0.10
22-June-2020,2.00,2.10,2.00,2.10,2.000000000000000000,588,4,1176.00,584,99.32,0.10,0.10
19-June-2020,2.03,2.03,2.00,2.00,2.000000000000000000,2570,6,5140.00,2570,100.00,0.03,-0.03
18-June-2020,2.03,2.03,2.03,2.03,2.029898989898989898,4950,5,10048.00,4950,100.00,0.00,0.00
9-April-2020,1.95,1.95,1.95,1.95,1.916666666666666666,12,2,23.00,12,100.00,0.00,0.00
10-February-2020,2.05,2.05,2.05,2.05,2.050000000000000000,500,1,1025.00,500,100.00,0.00,0.00
24-January-2020,2.33,2.33,2.13,2.13,2.169600000000000000,1250,3,2712.00,1250,100.00,0.20,-0.20
21-January-2020,2.22,2.22,2.22,2.22,2.220000000000000000,500,1,1110.00,500,100.00,0.00,0.00
9-January-2020,2.49,2.49,2.30,2.31,2.326666666666666666,750,454,1745.00,550,73.33,0.19,-0.18
8-January-2020,2.38,2.38,2.38,2.38,2.380000000000000000,500,1,1190.00,500,100.00,0.00,0.00
6-January-2020,2.27,2.27,2.27,2.27,2.270000000000000000,1100,102,2497.00,1100,100.00,0.00,0.00
3-January-2020,2.17,2.17,2.17,2.17,2.170000000000000000,1100,53,2387.00,1100,100.00,0.00,0.00
2-January-2020,1.90,2.07,1.90,2.07,1.908530805687203791,2110,3,4027.00,2110,100.00,0.17,0.17
1-January-2020,1.98,1.98,1.98,1.98,1.980000000000000000,250,1,495.00,250,100.00,0.00,0.00
19-December-2019,1.89,1.89,1.89,1.89,1.890000000000000000,100,1,189.00,100,100.00,0.00,0.00
11-December-2019,1.80,1.80,1.80,1.80,1.800000000000000000,795,1,1431.00,795,100.00,0.00,0.00
6-December-2019,1.89,1.89,1.89,1.89,1.890000000000000000,500,1,945.00,500,100.00,0.00,0.00
5-December-2019,1.80,1.80,1.80,1.80,1.800000000000000000,3000,2,5400.00,3000,100.00,0.00,0.00
4-December-2019,1.72,1.72,1.72,1.72,1.720000000000000000,150,1,258.00,150,100.00,0.00,0.00
29-November-2019,1.64,1.64,1.64,1.64,1.639924492685228881,2119,4,3475.00,2119,100.00,0.00,0.00
28-November-2019,1.64,1.64,1.64,1.64,1.640000000000000000,325,2,533.00,325,100.00,0.00,0.00
27-November-2019,1.72,1.72,1.72,1.72,1.719984299102104901,40762,22,70110.00,40762,100.00,0.00,0.00
20-November-2019,1.81,1.81,1.81,1.81,1.800000000000000000,50,1,90.00,50,100.00,0.00,0.00
15-November-2019,1.90,1.90,1.90,1.90,1.900000000000000000,100,1,190.00,100,100.00,0.00,0.00
13-November-2019,2.00,2.00,2.00,2.00,2.000000000000000000,22,1,44.00,22,100.00,0.00,0.00
11-November-2019,2.10,2.10,2.10,2.10,2.100000000000000000,150,3,315.00,150,100.00,0.00,0.00
30-October-2019,2.00,2.00,2.00,2.00,2.000000000000000000,241,2,482.00,241,100.00,0.00,0.00
24-October-2019,2.09,2.09,2.09,2.09,2.000000000000000000,10,2,20.00,10,100.00,0.00,0.00
24-June-2019,2.09,2.09,2.09,2.09,2.000000000000000000,5,1,10.00,5,100.00,0.00,0.00
19-June-2019,2.20,2.20,2.20,2.20,2.200000000000000000,30,1,66.00,30,100.00,0.00,0.00
18-June-2019,2.31,2.31,2.31,2.31,2.285714285714285714,21,1,48.00,21,100.00,0.00,0.00
16-April-2019,2.43,2.43,2.43,2.43,2.400000000000000000,10,1,24.00,10,100.00,0.00,0.00
20-March-2019,2.55,2.55,2.55,2.55,2.549407114624505928,253,2,645.00,253,100.00,0.00,0.00
29-October-2018,2.43,2.43,2.43,2.43,2.428571428571428571,21,1,51.00,21,100.00,0.00,0.00
23-October-2018,2.69,2.69,2.69,2.69,2.000000000000000000,1,1,2.00,1,100.00,0.00,0.00
17-October-2018,2.98,2.98,2.98,2.98,2.980000000000000000,200,1,596.00,200,100.00,0.00,0.00
23-August-2018,3.31,3.31,3.31,3.31,3.310000000000000000,100,2,331.00,100,100.00,0.00,0.00
20-August-2018,3.16,3.16,3.16,3.16,3.158415841584158415,505,2,1595.00,505,100.00,0.00,0.00
10-August-2018,3.32,3.32,3.32,3.32,3.250000000000000000,12,1,39.00,12,100.00,0.00,0.00
2-August-2018,3.17,3.49,3.17,3.49,3.265143992055610724,1007,3,3288.00,1007,100.00,0.32,0.32
20-July-2018,3.67,3.67,3.33,3.33,3.612188365650969529,361,2,1304.00,361,100.00,0.34,-0.34
19-July-2018,3.25,3.50,3.25,3.50,3.249169435215946843,301,2,978.00,301,100.00,0.25,0.25
17-July-2018,3.42,3.42,3.42,3.42,3.420000000000000000,500,1,1710.00,500,100.00,0.00,0.00
11-July-2018,3.28,3.60,3.28,3.60,3.279069767441860465,301,2,987.00,301,100.00,0.32,0.32
10-July-2018,3.45,3.45,3.45,3.45,3.450000000000000000,200,1,690.00,200,100.00,0.00,0.00
6-July-2018,3.63,3.63,3.63,3.63,3.000000000000000000,1,1,3.00,1,100.00,0.00,0.00
3-July-2018,3.82,3.82,3.82,3.82,3.819095477386934673,199,1,760.00,199,100.00,0.00,0.00
7-June-2018,3.64,3.64,3.64,3.64,3.640000000000000000,500,3,1820.00,500,100.00,0.00,0.00
31-May-2018,3.47,3.47,3.47,3.47,3.470000000000000000,200,2,694.00,200,100.00,0.00,0.00
30-May-2018,3.65,3.65,3.31,3.31,3.415966386554621848,476,5,1626.00,326,68.49,0.34,-0.34
29-May-2018,3.84,3.84,3.48,3.48,3.486363636363636363,440,4,1534.00,430,97.73,0.36,-0.36
17-May-2018,3.66,3.66,3.66,3.66,3.660000000000000000,100,1,366.00,100,100.00,0.00,0.00
10-May-2018,3.49,3.49,3.49,3.49,3.480000000000000000,50,1,174.00,50,100.00,0.00,0.00
7-May-2018,3.67,3.67,3.67,3.67,3.669546436285097192,463,2,1699.00,463,100.00,0.00,0.00
4-May-2018,3.49,3.50,3.49,3.50,3.493333333333333333,825,3,2882.00,825,100.00,0.01,0.01
30-April-2018,3.50,3.50,3.34,3.34,3.450000000000000000,40,2,138.00,30,75.00,0.16,-0.16
25-April-2018,3.51,3.51,3.51,3.51,3.510000000000000000,100,1,351.00,100,100.00,0.00,0.00
24-April-2018,3.88,3.88,3.69,3.69,3.749196141479099678,311,3,1166.00,211,67.85,0.19,-0.19
20-April-2018,3.53,3.88,3.53,3.88,3.710303030303030303,825,4,3061.00,425,51.52,0.35,0.35
19-April-2018,4.07,4.07,3.71,3.71,4.041176470588235294,340,3,1374.00,315,92.65,0.36,-0.36
17-April-2018,3.52,3.88,3.52,3.88,3.571428571428571428,2100,5,7500.00,1825,86.90,0.36,0.36
12-April-2018,3.74,3.74,3.70,3.70,3.728571428571428571,700,3,2610.00,500,71.43,0.04,-0.04
11-April-2018,3.57,3.57,3.57,3.57,3.570000000000000000,200,1,714.00,200,100.00,0.00,0.00
10-April-2018,3.40,3.40,3.40,3.40,3.400000000000000000,100,1,340.00,100,100.00,0.00,0.00
5-April-2018,3.57,3.57,3.57,3.57,3.569970225435984687,2351,5,8393.00,2351,100.00,0.00,0.00
27-March-2018,3.57,3.57,3.40,3.40,3.450000000000000000,1700,5,5865.00,1700,100.00,0.17,-0.17
23-March-2018,3.57,3.57,3.57,3.57,3.000000000000000000,1,1,3.00,1,100.00,0.00,0.00
20-March-2018,3.73,3.73,3.73,3.73,3.700000000000000000,20,1,74.00,20,100.00,0.00,0.00
16-March-2018,3.96,3.96,3.72,3.72,3.897297297297297297,555,5,2163.00,555,100.00,0.24,-0.24
15-March-2018,3.86,3.86,3.86,3.86,3.859941234084231145,1021,2,3941.00,1021,100.00,0.00,0.00
14-March-2018,3.35,3.68,3.35,3.68,3.527398303793611294,19691,13,69458.00,18691,94.92,0.33,0.33
13-March-2018,3.51,3.51,3.51,3.51,3.509920634920634920,1512,3,5307.00,1512,100.00,0.00,0.00
12-March-2018,3.85,3.85,3.67,3.69,3.754122938530734632,2001,5,7512.00,2001,100.00,0.18,-0.16
8-March-2018,3.80,3.85,3.80,3.85,3.800000000000000000,155,3,589.00,155,100.00,0.05,0.05
7-March-2018,3.99,3.99,3.99,3.99,3.990000000000000000,500,1,1995.00,500,100.00,0.00,0.00
6-March-2018,4.20,4.20,4.19,4.19,4.195000000000000000,1000,2,4195.00,1000,100.00,0.01,-0.01
1-March-2018,4.41,4.41,4.41,4.41,4.410000000000000000,3100,3,13671.00,3100,100.00,0.00,0.00
27-February-2018,4.20,4.20,4.20,4.20,4.200000000000000000,120,1,504.00,120,100.00,0.00,0.00
23-February-2018,4.01,4.42,4.01,4.42,4.417708333333333333,4800,5,21205.00,4775,99.48,0.41,0.41
22-February-2018,4.21,4.21,4.21,4.21,4.200000000000000000,10,1,42.00,10,100.00,0.00,0.00
21-February-2018,4.43,4.43,4.35,4.43,4.408266129032258064,2976,8,13119.00,2902,97.51,0.08,0.00
20-February-2018,4.22,4.22,4.22,4.22,4.220000000000000000,3000,4,12660.00,3000,100.00,0.00,0.00
16-February-2018,4.02,4.02,4.02,4.02,4.019920318725099601,251,3,1009.00,251,100.00,0.00,0.00
15-February-2018,3.83,3.83,3.83,3.83,3.830000000000000000,700,3,2681.00,700,100.00,0.00,0.00
14-February-2018,3.65,3.65,3.65,3.65,3.646666666666666666,150,1,547.00,150,100.00,0.00,0.00
12-February-2018,3.63,3.82,3.63,3.82,3.674117647058823529,850,4,3123.00,850,100.00,0.19,0.19
9-February-2018,3.30,3.64,3.30,3.64,3.635000000000000000,3400,4,12359.00,3350,98.53,0.34,0.34
8-February-2018,3.47,3.47,3.47,3.47,3.469230769230769230,650,2,2255.00,650,100.00,0.00,0.00
7-February-2018,3.65,3.65,3.65,3.65,3.650000000000000000,400,2,1460.00,400,100.00,0.00,0.00
2-February-2018,3.47,3.83,3.47,3.83,3.674285714285714285,350,2,1286.00,350,100.00,0.36,0.36
29-January-2018,3.65,3.65,3.65,3.65,3.650000000000000000,1000,2,3650.00,1000,100.00,0.00,0.00
24-January-2018,3.54,3.54,3.54,3.54,3.540000000000000000,200,1,708.00,200,100.00,0.00,0.00
23-January-2018,3.54,3.54,3.54,3.54,3.540000000000000000,150,1,531.00,150,100.00,0.00,0.00
22-January-2018,3.65,3.72,3.65,3.72,3.685000000000000000,2000,3,7370.00,2000,100.00,0.07,0.07
17-January-2018,3.55,3.55,3.55,3.55,3.550000000000000000,500,1,1775.00,500,100.00,0.00,0.00
12-January-2018,3.72,3.72,3.72,3.72,3.720000000000000000,100,2,372.00,100,100.00,0.00,0.00
11-January-2018,3.91,3.91,3.91,3.91,3.910000000000000000,300,1,1173.00,300,100.00,0.00,0.00
9-January-2018,4.10,4.10,4.10,4.10,4.100000000000000000,800,1,3280.00,800,100.00,0.00,0.00
4-January-2018,4.10,4.10,4.10,4.10,4.098214285714285714,112,2,459.00,112,100.00,0.00,0.00
3-January-2018,4.30,4.31,4.30,4.31,4.308823529411764705,1224,3,5274.00,1224,100.00,0.01,0.01
1-January-2018,4.01,4.41,4.01,4.41,4.041489772288691624,5182,7,20943.00,5172,99.81,0.40,0.40
29-December-2017,4.41,4.41,4.20,4.20,4.240310077519379844,516,3,2188.00,516,100.00,0.21,-0.21
27-December-2017,3.80,4.20,3.80,4.20,4.176561295296838858,1297,5,5417.00,1222,94.22,0.40,0.40
22-December-2017,4.00,4.00,4.00,4.00,4.000000000000000000,500,4,2000.00,500,100.00,0.00,0.00
21-December-2017,3.80,3.82,3.80,3.81,3.807575757575757575,1320,6,5026.00,1120,84.85,0.02,0.01
20-December-2017,3.63,4.00,3.63,4.00,3.644897959183673469,2450,3,8930.00,2400,97.96,0.37,0.37
18-December-2017,3.45,3.81,3.45,3.81,3.481818181818181818,550,3,1915.00,500,90.91,0.36,0.36
8-December-2017,3.63,3.63,3.63,3.63,3.626506024096385542,83,1,301.00,83,100.00,0.00,0.00
5-December-2017,3.46,3.46,3.46,3.46,3.460000000000000000,2600,2,8996.00,2600,100.00,0.00,0.00
4-December-2017,3.30,3.30,3.30,3.30,3.297297297297297297,37,1,122.00,37,100.00,0.00,0.00
30-November-2017,3.43,3.43,3.43,3.43,3.413043478260869565,46,1,157.00,46,100.00,0.00,0.00
29-November-2017,3.61,3.61,3.61,3.61,3.607142857142857142,196,1,707.00,196,100.00,0.00,0.00
28-November-2017,3.78,3.78,3.78,3.78,3.780000000000000000,1800,8,6804.00,1800,100.00,0.00,0.00
27-November-2017,3.60,3.60,3.60,3.60,3.600000000000000000,1000,2,3600.00,1000,100.00,0.00,0.00
24-November-2017,3.48,3.48,3.46,3.46,3.475216365066876475,1271,5,4417.00,1146,90.17,0.02,-0.02
21-November-2017,3.61,3.97,3.61,3.62,3.677108433734939759,1660,5,6104.00,1360,81.93,0.36,0.01
20-November-2017,3.79,3.79,3.79,3.79,3.788659793814432989,194,1,735.00,194,100.00,0.00,0.00
17-November-2017,4.38,4.38,3.98,3.98,3.990654205607476635,107,4,427.00,106,99.07,0.40,-0.40
16-November-2017,3.80,4.18,3.80,4.18,4.053333333333333333,450,3,1824.00,300,66.67,0.38,0.38
13-November-2017,3.99,3.99,3.99,3.99,3.990000000000000000,1000,3,3990.00,1000,100.00,0.00,0.00
8-November-2017,3.62,4.00,3.62,4.00,3.728183118741058655,699,4,2606.00,599,85.69,0.38,0.38
3-November-2017,4.20,4.20,3.81,3.81,3.810473815461346633,401,4,1528.00,401,100.00,0.39,-0.39
2-November-2017,4.00,4.00,4.00,4.00,4.000000000000000000,1000,1,4000.00,1000,100.00,0.00,0.00
1-November-2017,4.45,4.45,4.05,4.05,4.449700199866755496,1501,3,6679.00,1501,100.00,0.40,-0.40
27-October-2017,4.25,4.25,4.25,4.25,4.250000000000000000,500,1,2125.00,500,100.00,0.00,0.00
26-October-2017,4.05,4.05,4.05,4.05,4.050000000000000000,500,3,2025.00,500,100.00,0.00,0.00
25-October-2017,4.26,4.26,4.26,4.26,4.256000000000000000,125,1,532.00,125,100.00,0.00,0.00
17-October-2017,4.48,4.48,4.48,4.48,4.480000000000000000,200,1,896.00,200,100.00,0.00,0.00
16-October-2017,4.00,4.40,4.00,4.40,4.027605244996549344,1449,3,5836.00,1449,100.00,0.40,0.40
12-October-2017,4.20,4.20,4.20,4.20,4.200000000000000000,100,1,420.00,100,100.00,0.00,0.00
11-October-2017,4.11,4.11,4.11,4.11,4.107638888888888888,288,2,1183.00,288,100.00,0.00,0.00
10-October-2017,4.00,4.32,4.00,4.32,4.265116279069767441,1075,4,4585.00,1000,93.02,0.32,0.32
9-October-2017,4.12,4.12,4.12,4.12,4.120000000000000000,100,1,412.00,100,100.00,0.00,0.00
29-September-2017,4.03,4.03,4.00,4.00,4.003351955307262569,1790,4,7166.00,1790,100.00,0.03,-0.03
28-September-2017,3.84,3.84,3.84,3.84,3.840000000000000000,400,3,1536.00,400,100.00,0.00,0.00
27-September-2017,3.67,3.67,3.67,3.67,3.670000000000000000,400,1,1468.00,400,100.00,0.00,0.00
20-September-2017,3.50,3.50,3.50,3.50,3.500000000000000000,310,1,1085.00,310,100.00,0.00,0.00
13-September-2017,3.34,3.35,3.34,3.35,3.345098039215686274,255,2,853.00,255,100.00,0.01,0.01
12-September-2017,3.19,3.51,3.19,3.51,3.430000000000000000,200,2,686.00,200,100.00,0.32,0.32
5-September-2017,3.35,3.35,3.35,3.35,3.349152542372881355,295,1,988.00,295,100.00,0.00,0.00
1-September-2017,3.49,3.50,3.49,3.50,3.497802887633396107,1593,2,5572.00,1593,100.00,0.01,0.01
24-August-2017,3.67,3.67,3.67,3.67,3.670000000000000000,500,1,1835.00,500,100.00,0.00,0.00
21-August-2017,3.50,3.50,3.50,3.50,3.500000000000000000,452,1,1582.00,452,100.00,0.00,0.00
17-August-2017,3.50,3.50,3.50,3.50,3.500000000000000000,400,2,1400.00,400,100.00,0.00,0.00
16-August-2017,3.27,3.50,3.27,3.50,3.385000000000000000,1000,3,3385.00,1000,100.00,0.23,0.23
10-August-2017,3.79,3.79,3.43,3.43,3.789655172413793103,3770,8,14287.00,3769,99.97,0.36,-0.36
9-August-2017,3.61,3.61,3.61,3.61,3.609822235613136486,3319,8,11981.00,3319,100.00,0.00,0.00
8-August-2017,3.99,3.99,3.80,3.80,3.895000000000000000,1000,2,3895.00,1000,100.00,0.19,-0.19
7-August-2017,3.99,3.99,3.99,3.99,3.989600000000000000,1250,2,4987.00,1250,100.00,0.00,0.00
4-August-2017,3.80,3.80,3.80,3.80,3.800000000000000000,25,1,95.00,25,100.00,0.00,0.00
3-August-2017,3.93,3.93,3.93,3.93,3.928000000000000000,250,1,982.00,250,100.00,0.00,0.00
2-August-2017,4.06,4.07,4.06,4.07,4.067000000000000000,1000,3,4067.00,1000,100.00,0.01,0.01
31-July-2017,3.88,3.88,3.88,3.88,3.880000000000000000,1300,5,5044.00,1300,100.00,0.00,0.00
18-July-2017,4.08,4.08,4.08,4.08,4.080000000000000000,500,1,2040.00,500,100.00,0.00,0.00
17-July-2017,4.29,4.29,4.29,4.29,4.289804118533400301,1991,5,8541.00,1991,100.00,0.00,0.00
14-July-2017,3.71,4.09,3.71,4.09,3.968253968253968253,441,2,1750.00,300,68.03,0.38,0.38
13-July-2017,3.90,3.90,3.90,3.90,3.900000000000000000,100,1,390.00,100,100.00,0.00,0.00
12-July-2017,3.94,3.94,3.94,3.94,3.940000000000000000,300,1,1182.00,300,100.00,0.00,0.00
11-July-2017,4.14,4.14,4.14,4.14,4.140000000000000000,200,1,828.00,200,100.00,0.00,0.00
10-July-2017,4.00,4.35,4.00,4.35,4.175000000000000000,2000,4,8350.00,1100,55.00,0.35,0.35
7-July-2017,3.80,4.16,3.80,4.16,4.065048543689320388,2060,11,8374.00,1650,80.10,0.36,0.36
6-July-2017,3.97,3.97,3.80,3.97,3.968052516411378555,4570,11,18134.00,3700,80.96,0.17,0.00
5-July-2017,3.79,3.79,3.79,3.79,3.789099526066350710,844,5,3198.00,844,100.00,0.00,0.00
4-July-2017,3.61,3.97,3.61,3.61,3.906190722538368684,5799,15,22652.00,5494,94.74,0.36,0.00
3-July-2017,3.79,3.79,3.79,3.79,3.789518900343642611,1164,10,4411.00,1164,100.00,0.00,0.00
30-June-2017,3.61,3.61,3.61,3.61,3.610000000000000000,3800,8,13718.00,3500,92.11,0.00,0.00
29-June-2017,4.16,4.17,3.80,3.80,4.097674418604651162,4300,10,17620.00,3800,88.37,0.37,-0.36
22-June-2017,3.82,3.99,3.82,3.99,3.988000000000000000,1000,5,3988.00,1000,100.00,0.17,0.17
15-June-2017,4.22,4.22,3.82,3.82,3.864444444444444444,2250,8,8695.00,2000,88.89,0.40,-0.40
14-June-2017,3.70,4.02,3.70,4.02,3.827428571428571428,875,4,3349.00,875,100.00,0.32,0.32
2-June-2017,3.84,3.85,3.84,3.85,3.848000000000000000,500,3,1924.00,500,100.00,0.01,0.01
30-May-2017,3.33,3.67,3.33,3.67,3.352429906542056074,10700,6,35871.00,10700,100.00,0.34,0.34
26-May-2017,3.50,3.50,3.50,3.50,3.500000000000000000,300,2,1050.00,300,100.00,0.00,0.00
25-May-2017,3.50,3.50,3.33,3.34,3.338095238095238095,1050,5,3505.00,1050,100.00,0.17,-0.16
24-May-2017,3.50,3.50,3.50,3.50,3.500000000000000000,200,1,700.00,200,100.00,0.00,0.00
22-May-2017,3.43,3.43,3.43,3.43,3.430000000000000000,1300,2,4459.00,1300,100.00,0.00,0.00
19-May-2017,3.61,3.61,3.61,3.61,3.605932203389830508,236,2,851.00,236,100.00,0.00,0.00
18-May-2017,4.05,4.10,3.80,3.80,4.050000000000000000,1600,5,6480.00,1600,100.00,0.30,-0.25
15-May-2017,3.61,3.99,3.61,3.99,3.989495798319327731,952,2,3798.00,952,100.00,0.38,0.38
12-May-2017,4.20,4.20,3.80,3.80,3.803921568627450980,51,2,194.00,51,100.00,0.40,-0.40
11-May-2017,3.98,4.00,3.98,4.00,3.985018726591760299,2670,4,10640.00,2670,100.00,0.02,0.02
10-May-2017,3.92,3.92,3.75,3.92,3.904347826086956521,115,4,449.00,115,100.00,0.17,0.00
9-May-2017,3.75,3.75,3.75,3.75,3.750000000000000000,20,1,75.00,20,100.00,0.00,0.00
8-May-2017,3.58,3.58,3.58,3.58,3.580000000000000000,100,1,358.00,100,100.00,0.00,0.00
5-May-2017,3.57,3.57,3.40,3.41,3.409496753246753246,2464,4,8401.00,2464,100.00,0.17,-0.16
4-May-2017,3.57,3.57,3.57,3.57,3.560000000000000000,50,1,178.00,50,100.00,0.00,0.00
28-April-2017,3.26,3.40,3.26,3.40,3.275555555555555555,225,2,737.00,225,100.00,0.14,0.14
27-April-2017,3.39,3.39,3.39,3.39,3.390000000000000000,100,1,339.00,100,100.00,0.00,0.00
26-April-2017,3.88,3.88,3.52,3.52,3.681273163287551776,4587,9,16886.00,4587,100.00,0.36,-0.36
25-April-2017,3.70,3.70,3.70,3.70,3.700000000000000000,1300,3,4810.00,1300,100.00,0.00,0.00
24-April-2017,3.53,3.53,3.53,3.53,3.526666666666666666,150,1,529.00,150,100.00,0.00,0.00
19-April-2017,3.41,3.41,3.37,3.37,3.369636963696369636,303,3,1021.00,303,100.00,0.04,-0.04
18-April-2017,3.52,3.52,3.50,3.50,3.517187500000000000,1280,4,4502.00,1280,100.00,0.02,-0.02
17-April-2017,3.53,3.53,3.52,3.52,3.522338665195808052,1813,3,6386.00,1813,100.00,0.01,-0.01
13-April-2017,3.70,3.70,3.70,3.70,3.699911738746690203,4532,6,16768.00,4532,100.00,0.00,0.00
12-April-2017,3.89,3.89,3.89,3.89,3.889719626168224299,1605,5,6243.00,1605,100.00,0.00,0.00
11-April-2017,4.10,4.10,4.09,4.09,4.093972602739726027,3650,6,14943.00,3650,100.00,0.01,-0.01
10-April-2017,4.74,4.74,4.30,4.30,4.385595238095238095,8400,15,36839.00,8400,100.00,0.44,-0.44
7-April-2017,4.52,4.52,4.52,4.52,4.520000000000000000,2700,3,12204.00,2700,100.00,0.00,0.00
6-April-2017,4.75,4.75,4.75,4.75,4.750000000000000000,9100,6,43225.00,9100,100.00,0.00,0.00
5-April-2017,5.00,5.00,5.00,5.00,5.000000000000000000,2000,3,10000.00,2000,100.00,0.00,0.00
31-March-2017,5.09,5.09,5.09,5.09,5.089902280130293159,1535,6,7813.00,1535,100.00,0.00,0.00
30-March-2017,4.85,4.85,4.85,4.85,4.850000000000000000,1000,3,4850.00,1000,100.00,0.00,0.00
29-March-2017,4.62,4.62,4.62,4.62,4.583333333333333333,12,1,55.00,12,100.00,0.00,0.00
28-March-2017,4.68,4.68,4.68,4.68,4.679379444085326438,1547,10,7239.00,1547,100.00,0.00,0.00
27-March-2017,4.46,4.46,4.46,4.46,4.459102902374670184,758,2,3380.00,758,100.00,0.00,0.00
24-March-2017,4.25,4.25,4.25,4.25,4.249473684210526315,950,3,4037.00,950,100.00,0.00,0.00
23-March-2017,4.05,4.05,4.05,4.05,4.049528301886792452,424,1,1717.00,424,100.00,0.00,0.00
22-March-2017,3.86,3.86,3.86,3.86,3.859320046893317702,853,4,3292.00,853,100.00,0.00,0.00
21-March-2017,3.67,4.01,3.67,3.68,3.839790052486878280,4001,10,15363.00,4001,100.00,0.34,0.01
20-March-2017,3.82,3.82,3.82,3.82,3.820000000000000000,1000,2,3820.00,1000,100.00,0.00,0.00
17-March-2017,4.01,4.01,4.00,4.00,4.005000000000000000,1000,2,4005.00,1000,100.00,0.01,-0.01
16-March-2017,4.06,4.06,4.06,4.06,4.056872037914691943,211,1,856.00,211,100.00,0.00,0.00
10-March-2017,4.07,4.46,4.05,4.05,4.067827681026581118,1091,4,4438.00,1091,100.00,0.41,-0.02
9-March-2017,4.25,4.25,4.25,4.25,4.248000000000000000,250,1,1062.00,250,100.00,0.00,0.00
8-March-2017,4.20,4.20,4.05,4.05,4.065272819989801121,1961,5,7972.00,1961,100.00,0.15,-0.15
7-March-2017,4.06,4.06,4.02,4.02,4.041304347826086956,4600,6,18590.00,4600,100.00,0.04,-0.04
6-March-2017,4.22,4.63,4.22,4.23,4.362790697674418604,3225,6,14070.00,3225,100.00,0.41,0.01
1-March-2017,4.45,4.45,4.43,4.43,4.446808510638297872,376,3,1672.00,376,100.00,0.02,-0.02
28-February-2017,4.24,4.62,4.24,4.24,4.318235294117647058,3400,7,14682.00,3400,100.00,0.38,0.00
27-February-2017,4.46,4.46,4.46,4.46,4.460000000000000000,14850,7,66231.00,14850,100.00,0.00,0.00
23-February-2017,4.68,4.70,4.68,4.69,4.684195764969849950,7131,16,33403.00,7131,100.00,0.02,0.01
22-February-2017,4.84,4.91,4.84,4.91,4.847255369928400954,3352,8,16248.00,3352,100.00,0.07,0.07
21-February-2017,5.05,5.05,5.05,5.05,5.049912434325744308,5710,2,28835.00,5710,100.00,0.00,0.00
20-February-2017,5.50,5.50,5.23,5.23,5.254603854389721627,14010,17,73617.00,14010,100.00,0.27,-0.27
17-February-2017,5.39,5.50,5.39,5.50,5.432000000000000000,250,4,1358.00,250,100.00,0.11,0.11
16-February-2017,5.85,5.85,5.57,5.65,5.654834761321909424,4085,8,23100.00,4085,100.00,0.28,-0.20
15-February-2017,5.86,5.86,5.86,5.86,5.858928571428571428,560,4,3281.00,560,100.00,0.00,0.00
14-February-2017,6.50,6.50,6.16,6.16,6.184229390681003584,2790,7,17254.00,2790,100.00,0.34,-0.34
13-February-2017,6.48,6.48,6.48,6.48,6.480000000000000000,10100,9,65448.00,10100,100.00,0.00,0.00
10-February-2017,6.18,6.18,6.18,6.18,6.179653679653679653,2310,11,14275.00,2310,100.00,0.00,0.00
9-February-2017,5.89,5.89,5.89,5.89,5.889696969696969696,1650,5,9718.00,1650,100.00,0.00,0.00
8-February-2017,5.61,5.61,5.61,5.61,5.609348914858096828,599,6,3360.00,599,100.00,0.00,0.00
7-February-2017,5.35,5.35,5.35,5.35,5.349425287356321839,1305,3,6981.00,1305,100.00,0.00,0.00
6-February-2017,5.10,5.10,5.10,5.10,5.100000000000000000,2500,5,12750.00,2500,100.00,0.00,0.00
3-February-2017,4.86,4.86,4.86,4.86,4.860000000000000000,750,1,3645.00,750,100.00,0.00,0.00
2-February-2017,4.63,4.63,4.63,4.63,4.629870129870129870,3850,7,17825.00,3850,100.00,0.00,0.00
1-February-2017,4.41,4.41,4.41,4.41,4.410000000000000000,600,3,2646.00,600,100.00,0.00,0.00
31-January-2017,4.19,4.20,4.19,4.20,4.194831013916500994,3018,7,12660.00,3018,100.00,0.01,0.01
30-January-2017,4.00,4.00,4.00,4.00,4.000000000000000000,4599,5,18396.00,4599,100.00,0.00,0.00
27-January-2017,3.81,3.81,3.81,3.81,3.810000000000000000,1000,4,3810.00,1000,100.00,0.00,0.00
24-January-2017,3.63,3.63,3.63,3.63,3.630000000000000000,1900,3,6897.00,1900,100.00,0.00,0.00
23-January-2017,3.46,3.46,3.46,3.46,3.459322033898305084,590,2,2041.00,590,100.00,0.00,0.00
20-January-2017,3.25,3.30,3.25,3.30,3.250000000000000000,64,3,208.00,62,96.88,0.05,0.05
17-January-2017,3.37,3.37,3.37,3.37,3.369140625000000000,1024,4,3450.00,1024,100.00,0.00,0.00
16-January-2017,3.21,3.21,3.21,3.21,3.210000000000000000,100,1,321.00,100,100.00,0.00,0.00
13-January-2017,3.03,3.06,3.03,3.06,3.029990003332222592,3001,3,9093.00,3000,99.97,0.03,0.03
12-January-2017,3.18,3.18,3.18,3.18,3.180000000000000000,1300,2,4134.00,1300,100.00,0.00,0.00
11-January-2017,3.33,3.33,3.33,3.33,3.325714285714285714,175,1,582.00,175,100.00,0.00,0.00
10-January-2017,3.80,3.80,3.50,3.50,3.509090909090909090,660,3,2316.00,660,100.00,0.30,-0.30
9-January-2017,3.80,3.80,3.62,3.62,3.658333333333333333,120,3,439.00,120,100.00,0.18,-0.18
6-January-2017,3.62,3.62,3.62,3.62,3.620000000000000000,450,1,1629.00,450,100.00,0.00,0.00
5-January-2017,3.62,3.62,3.62,3.62,3.620000000000000000,1000,2,3620.00,1000,100.00,0.00,0.00
3-January-2017,3.81,3.81,3.81,3.81,3.810000000000000000,300,1,1143.00,300,100.00,0.00,0.00
28-December-2016,3.63,3.63,3.63,3.63,3.626666666666666666,225,2,816.00,225,100.00,0.00,0.00
23-December-2016,3.46,3.46,3.46,3.46,3.460000000000000000,200,1,692.00,200,100.00,0.00,0.00
20-December-2016,3.30,3.30,3.30,3.30,3.300000000000000000,90,1,297.00,90,100.00,0.00,0.00
13-December-2016,3.40,3.40,3.40,3.40,3.400000000000000000,1000,1,3400.00,1000,100.00,0.00,0.00
9-December-2016,3.31,3.64,3.31,3.31,3.322071653981808056,5387,6,17896.00,5387,100.00,0.33,0.00
1-December-2016,3.20,3.47,3.15,3.47,3.208333333333333333,600,3,1925.00,600,100.00,0.32,0.27
28-November-2016,3.01,3.31,3.01,3.31,3.013647058823529411,2125,5,6404.00,2100,98.82,0.30,0.30
23-November-2016,3.16,3.16,3.16,3.16,3.160000000000000000,250,1,790.00,250,100.00,0.00,0.00
22-November-2016,3.32,3.32,3.32,3.32,3.319875776397515527,644,1,2138.00,644,100.00,0.00,0.00
21-November-2016,3.49,3.49,3.49,3.49,3.490000000000000000,1000,2,3490.00,1000,100.00,0.00,0.00
9-November-2016,3.67,3.67,3.67,3.67,3.670000000000000000,100,1,367.00,100,100.00,0.00,0.00
8-November-2016,3.30,3.50,3.30,3.50,3.322617680826636050,1742,2,5788.00,1742,100.00,0.20,0.20
7-November-2016,3.34,3.34,3.30,3.34,3.325371549893842887,15072,10,50120.00,13272,88.06,0.04,0.00
4-November-2016,3.19,3.19,3.19,3.19,3.189688715953307392,1028,2,3279.00,1028,100.00,0.00,0.00
3-November-2016,3.39,3.39,3.34,3.35,3.369230769230769230,4940,7,16644.00,4940,100.00,0.05,-0.04
2-November-2016,3.24,3.24,3.24,3.24,3.240000000000000000,500,1,1620.00,500,100.00,0.00,0.00
27-October-2016,3.18,3.18,2.89,3.17,3.131147540983606557,610,3,1910.00,600,98.36,0.29,-0.01
26-October-2016,3.04,3.04,3.04,3.04,3.039622641509433962,530,3,1611.00,530,100.00,0.00,0.00
25-October-2016,2.91,2.91,2.91,2.91,2.910000000000000000,1000,1,2910.00,1000,100.00,0.00,0.00
24-October-2016,2.78,2.78,2.78,2.78,2.779808131566925536,2189,5,6085.00,2189,100.00,0.00,0.00
21-October-2016,2.66,2.67,2.65,2.65,2.657749077490774907,5420,8,14405.00,5220,96.31,0.02,-0.01
20-October-2016,2.80,2.80,2.72,2.75,2.756391632771644392,6884,11,18975.00,6884,100.00,0.08,-0.05
19-October-2016,3.02,3.02,2.81,2.81,2.813466584780302607,17911,6,50392.00,17611,98.33,0.21,-0.21
18-October-2016,2.88,2.88,2.88,2.88,2.879776601998824221,3402,5,9797.00,3402,100.00,0.00,0.00
17-October-2016,3.03,3.03,3.03,3.03,3.030000000000000000,500,1,1515.00,500,100.00,0.00,0.00
13-October-2016,3.18,3.18,3.18,3.18,3.180000000000000000,200,2,636.00,200,100.00,0.00,0.00
10-October-2016,3.34,3.34,3.34,3.34,3.340000000000000000,150,1,501.00,150,100.00,0.00,0.00
7-October-2016,3.51,3.51,3.51,3.51,3.510000000000000000,500,1,1755.00,500,100.00,0.00,0.00
5-October-2016,3.69,3.69,3.69,3.69,3.600000000000000000,5,1,18.00,5,100.00,0.00,0.00
4-October-2016,3.88,3.88,3.88,3.88,3.880000000000000000,1000,2,3880.00,1000,100.00,0.00,0.00
3-October-2016,4.08,4.08,4.08,4.08,4.000000000000000000,2,1,8.00,2,100.00,0.00,0.00
29-September-2016,4.29,4.29,4.29,4.29,4.290000000000000000,100,1,429.00,100,100.00,0.00,0.00
22-September-2016,4.51,4.51,4.51,4.51,4.509980039920159680,1002,3,4519.00,1002,100.00,0.00,0.00
6-September-2016,4.74,4.74,4.74,4.74,4.740000000000000000,1300,2,6162.00,1300,100.00,0.00,0.00
29-August-2016,4.52,4.74,4.52,4.74,4.515151515151515151,66,2,298.00,65,98.48,0.22,0.22
26-August-2016,4.52,4.52,4.52,4.52,4.520000000000000000,550,1,2486.00,550,100.00,0.00,0.00
9-August-2016,4.75,4.75,4.75,4.75,4.750000000000000000,60,1,285.00,60,100.00,0.00,0.00
27-July-2016,5.00,5.00,5.00,5.00,5.000000000000000000,54,1,270.00,54,100.00,0.00,0.00
25-July-2016,5.00,5.00,5.00,5.00,5.000000000000000000,50,1,250.00,50,100.00,0.00,0.00
18-July-2016,5.23,5.23,5.23,5.23,5.000000000000000000,1,1,5.00,1,100.00,0.00,0.00
15-July-2016,5.64,5.64,5.50,5.50,5.560000000000000000,175,3,973.00,100,57.14,0.14,-0.14
30-June-2016,5.64,5.64,5.64,5.64,5.640000000000000000,4000,1,22560.00,4000,100.00,0.00,0.00
22-June-2016,5.93,5.93,5.93,5.93,5.000000000000000000,1,1,5.00,1,100.00,0.00,0.00
26-May-2016,6.50,6.50,6.24,6.24,6.492682926829268292,410,4,2662.00,410,100.00,0.26,-0.26
19-May-2016,6.24,6.24,6.24,6.24,6.000000000000000000,1,1,6.00,1,100.00,0.00,0.00
28-April-2016,6.24,6.24,6.24,6.24,6.240000000000000000,100,1,624.00,100,100.00,0.00,0.00
29-March-2016,6.24,6.24,6.24,6.24,6.000000000000000000,2,1,12.00,2,100.00,0.00,0.00
14-March-2016,6.04,6.04,6.04,6.04,6.038720538720538720,594,2,3587.00,594,100.00,0.00,0.00
10-March-2016,6.25,6.35,6.25,6.35,6.286111111111111111,360,3,2263.00,360,100.00,0.10,0.10
1-February-2016,6.14,6.14,6.14,6.14,6.133333333333333333,60,1,368.00,60,100.00,0.00,0.00
29-January-2016,5.85,5.85,5.85,5.85,5.000000000000000000,1,1,5.00,1,100.00,0.00,0.00
28-January-2016,5.70,5.70,5.70,5.70,5.700000000000000000,800,2,4560.00,800,100.00,0.00,0.00
27-January-2016,6.00,6.00,6.00,6.00,6.000000000000000000,600,2,3600.00,600,100.00,0.00,0.00
22-January-2016,6.20,6.20,6.20,6.20,6.181818181818181818,11,2,68.00,11,100.00,0.00,0.00
8-January-2016,6.50,6.50,6.50,6.50,6.500000000000000000,500,2,3250.00,500,100.00,0.00,0.00
7-January-2016,6.70,6.70,6.70,6.70,6.700000000000000000,90,2,603.00,90,100.00,0.00,0.00
4-January-2016,6.70,6.70,6.70,6.70,6.636363636363636363,11,2,73.00,11,100.00,0.00,0.00
1-January-2016,6.70,7.00,6.70,7.00,6.999583766909469302,4805,5,33633.00,4805,100.00,0.30,0.30
31-December-2015,6.80,6.80,6.70,6.80,6.785310734463276836,354,7,2402.00,354,100.00,0.10,0.00
30-December-2015,6.40,7.02,6.40,7.02,6.468888888888888888,450,3,2911.00,450,100.00,0.62,0.62
29-December-2015,6.96,6.96,6.70,6.70,6.794545454545454545,550,5,3737.00,550,100.00,0.26,-0.26
28-December-2015,6.97,6.98,6.97,6.98,6.977024698449167145,3482,10,24294.00,3482,100.00,0.01,0.01
24-December-2015,6.75,6.75,6.75,6.75,6.700000000000000000,10,1,67.00,10,100.00,0.00,0.00
23-December-2015,7.10,7.10,7.10,7.10,7.100000000000000000,400,1,2840.00,400,100.00,0.00,0.00
22-December-2015,6.59,7.00,6.59,7.00,6.999658935879945429,2932,9,20523.00,2932,100.00,0.41,0.41
18-December-2015,7.24,7.24,6.93,6.93,7.001324503311258278,1510,5,10572.00,1510,100.00,0.31,-0.31
17-December-2015,7.30,7.30,6.94,6.94,6.950676213206046141,1257,6,8737.00,1257,100.00,0.36,-0.36
16-December-2015,6.65,7.00,6.65,7.00,6.759375000000000000,1600,6,10815.00,1600,100.00,0.35,0.35
15-December-2015,6.79,6.79,6.79,6.79,6.786666666666666666,150,2,1018.00,150,100.00,0.00,0.00
14-December-2015,6.48,6.48,6.48,6.48,6.479638009049773755,663,4,4296.00,663,100.00,0.00,0.00
11-December-2015,5.60,6.18,5.60,6.18,6.179849853117179849,9191,29,56799.00,9191,100.00,0.58,0.58
10-December-2015,5.89,5.89,5.89,5.89,5.889523809523809523,1050,3,6184.00,1050,100.00,0.00,0.00
9-December-2015,5.61,5.61,5.61,5.61,5.609977324263038548,4851,8,27214.00,4851,100.00,0.00,0.00
8-December-2015,5.35,5.35,5.35,5.35,5.350000000000000000,100,2,535.00,100,100.00,0.00,0.00
7-December-2015,5.00,5.10,5.00,5.10,5.028571428571428571,700,3,3520.00,700,100.00,0.10,0.10
4-December-2015,4.86,4.86,4.86,4.86,4.860000000000000000,400,3,1944.00,400,100.00,0.00,0.00
3-December-2015,4.63,4.63,4.63,4.63,4.630000000000000000,1900,4,8797.00,1900,100.00,0.00,0.00
2-December-2015,4.41,4.41,4.41,4.41,4.410000000000000000,200,2,882.00,200,100.00,0.00,0.00
1-December-2015,4.20,4.20,4.20,4.20,4.199889665318131666,5438,4,22839.00,5438,100.00,0.00,0.00
30-November-2015,4.00,4.00,4.00,4.00,4.000000000000000000,2200,3,8800.00,2200,100.00,0.00,0.00
27-November-2015,3.81,3.81,3.81,3.81,3.800000000000000000,20,1,76.00,20,100.00,0.00,0.00
23-November-2015,3.63,3.63,3.63,3.63,3.583333333333333333,12,2,43.00,12,100.00,0.00,0.00
19-November-2015,3.46,3.46,3.46,3.46,3.460000000000000000,2200,3,7612.00,2200,100.00,0.00,0.00
16-November-2015,3.30,3.30,3.30,3.30,3.300000000000000000,1650,3,5445.00,1650,100.00,0.00,0.00
13-November-2015,3.10,3.15,3.10,3.15,3.147812376823019314,2537,7,7986.00,2537,100.00,0.05,0.05
11-November-2015,3.00,3.00,3.00,3.00,3.000000000000000000,250,4,750.00,250,100.00,0.00,0.00
10-November-2015,3.10,3.10,3.10,3.10,3.085106382978723404,47,4,145.00,47,100.00,0.00,0.00
9-November-2015,3.10,3.10,3.10,3.10,3.090909090909090909,11,2,34.00,11,100.00,0.00,0.00
6-November-2015,3.10,3.10,3.00,3.00,3.006944444444444444,144,5,433.00,133,92.36,0.10,-0.10
5-November-2015,3.10,3.10,3.00,3.00,3.002159827213822894,463,9,1390.00,452,97.62,0.10,-0.10
4-November-2015,3.10,3.10,3.00,3.00,3.006097560975609756,164,4,493.00,151,92.07,0.10,-0.10
3-November-2015,3.10,3.10,3.00,3.00,3.032258064516129032,31,4,94.00,21,67.74,0.10,-0.10
2-November-2015,2.96,2.96,2.96,2.96,2.960000000000000000,1000,2,2960.00,1000,100.00,0.00,0.00
30-October-2015,2.86,2.86,2.82,2.82,2.846666666666666666,300,3,854.00,300,100.00,0.04,-0.04
29-October-2015,2.73,2.73,2.73,2.73,2.730000000000000000,1200,3,3276.00,1200,100.00,0.00,0.00
28-October-2015,2.70,2.70,2.60,2.60,2.662500000000000000,2400,5,6390.00,1185,49.38,0.10,-0.10
27-October-2015,2.58,2.58,2.58,2.58,2.580000000000000000,9250,10,23865.00,9250,100.00,0.00,0.00
19-October-2015,2.46,2.46,2.46,2.46,2.459915611814345991,1185,4,2915.00,1185,100.00,0.00,0.00
16-October-2015,2.58,2.58,2.58,2.58,2.580000000000000000,500,1,1290.00,500,100.00,0.00,0.00
12-October-2015,2.46,2.46,2.46,2.46,2.459744586340921710,1801,1,4430.00,1801,100.00,0.00,0.00
7-October-2015,2.35,2.35,2.35,2.35,2.350000000000000000,700,1,1645.00,700,100.00,0.00,0.00
6-October-2015,2.47,2.47,2.47,2.47,2.000000000000000000,1,1,2.00,1,100.00,0.00,0.00
5-October-2015,2.60,2.60,2.60,2.60,2.600000000000000000,6000,2,15600.00,6000,100.00,0.00,0.00
30-September-2015,2.60,2.60,2.60,2.60,2.599498327759197324,1196,3,3109.00,1196,100.00,0.00,0.00
28-September-2015,2.50,2.50,2.50,2.50,2.000000000000000000,1,1,2.00,1,100.00,0.00,0.00
9-September-2015,2.41,2.41,2.19,2.41,2.191699604743083003,506,4,1109.00,506,100.00,0.22,0.00
4-September-2015,2.30,2.30,2.30,2.30,2.200000000000000000,5,2,11.00,5,100.00,0.00,0.00
3-September-2015,2.42,2.42,2.42,2.42,2.420000000000000000,900,1,2178.00,900,100.00,0.00,0.00
2-September-2015,2.54,2.54,2.54,2.54,2.540000000000000000,100,1,254.00,100,100.00,0.00,0.00
28-August-2015,2.67,2.67,2.67,2.67,2.669811320754716981,954,1,2547.00,954,100.00,0.00,0.00
27-August-2015,2.81,3.08,2.81,2.81,2.909292035398230088,1356,7,3945.00,1354,99.85,0.27,0.00
26-August-2015,2.94,2.94,2.94,2.94,2.000000000000000000,1,1,2.00,1,100.00,0.00,0.00
19-August-2015,2.80,2.80,2.80,2.80,2.000000000000000000,1,1,2.00,1,100.00,0.00,0.00
18-August-2015,2.67,2.67,2.67,2.67,2.670000000000000000,400,2,1068.00,400,100.00,0.00,0.00
17-August-2015,2.81,2.81,2.81,2.81,2.000000000000000000,1,1,2.00,1,100.00,0.00,0.00
5-August-2015,2.94,2.94,2.94,2.94,2.940000000000000000,3000,2,8820.00,3000,100.00,0.00,0.00
4-August-2015,2.94,2.94,2.94,2.94,2.940000000000000000,300,2,882.00,300,100.00,0.00,0.00
31-July-2015,3.09,3.09,3.09,3.09,3.050000000000000000,20,1,61.00,20,100.00,0.00,0.00
30-July-2015,3.09,3.09,3.09,3.09,3.089473684210526315,950,2,2935.00,950,100.00,0.00,0.00
24-July-2015,3.25,3.25,3.25,3.25,3.248695652173913043,575,2,1868.00,575,100.00,0.00,0.00
22-July-2015,3.42,3.42,3.42,3.42,3.420000000000000000,500,1,1710.00,500,100.00,0.00,0.00
21-July-2015,3.42,3.42,3.42,3.42,3.420000000000000000,1000,1,3420.00,1000,100.00,0.00,0.00
3-July-2015,3.59,3.59,3.59,3.59,3.000000000000000000,1,1,3.00,1,100.00,0.00,0.00
6-May-2015,3.77,3.77,3.77,3.77,3.700000000000000000,10,4,37.00,0,0.00,0.00,0.00
24-April-2015,3.96,3.96,3.96,3.96,3.960000000000000000,1000,8,3960.00,1000,100.00,0.00,0.00
23-April-2015,3.78,3.78,3.78,3.78,3.779501385041551246,1805,16,6822.00,1805,100.00,0.00,0.00
22-April-2015,3.60,3.60,3.60,3.60,3.600000000000000000,200,2,720.00,200,100.00,0.00,0.00
21-April-2015,3.57,3.57,3.57,3.57,3.570000000000000000,1200,6,4284.00,1200,100.00,0.00,0.00
20-April-2015,3.40,3.40,3.25,3.40,3.329411764705882352,1700,14,5660.00,1700,100.00,0.15,0.00
17-April-2015,3.25,3.25,3.25,3.25,3.249473684210526315,950,5,3087.00,950,100.00,0.00,0.00
8-April-2015,3.57,3.57,3.40,3.40,3.402962962962962962,2700,5,9188.00,2700,100.00,0.17,-0.17
7-April-2015,3.40,3.40,3.40,3.40,3.400000000000000000,300,2,1020.00,300,100.00,0.00,0.00
6-April-2015,3.33,3.33,3.33,3.33,3.326797385620915032,306,3,1018.00,306,100.00,0.00,0.00
27-March-2015,3.50,3.50,3.50,3.50,3.500000000000000000,100,2,350.00,100,100.00,0.00,0.00
25-March-2015,3.58,3.58,3.58,3.58,3.580000000000000000,200,2,716.00,200,100.00,0.00,0.00
24-March-2015,3.58,3.58,3.58,3.58,3.579404466501240694,806,9,2885.00,806,100.00,0.00,0.00
23-March-2015,3.75,3.75,3.41,3.41,3.708837209302325581,1075,16,3987.00,1075,100.00,0.34,-0.34
20-March-2015,3.58,3.58,3.58,3.58,3.578947368421052631,190,9,680.00,190,100.00,0.00,0.00
19-March-2015,3.41,3.41,3.41,3.41,3.409482758620689655,1160,10,3955.00,1160,100.00,0.00,0.00
18-March-2015,3.25,3.25,3.25,3.25,3.242857142857142857,70,3,227.00,70,100.00,0.00,0.00
17-March-2015,3.10,3.10,3.10,3.10,3.096989966555183946,299,5,926.00,299,100.00,0.00,0.00
16-March-2015,2.96,2.96,2.96,2.96,2.953846153846153846,130,4,384.00,130,100.00,0.00,0.00
13-March-2015,2.69,2.82,2.69,2.82,2.810218978102189781,2740,7,7700.00,2740,100.00,0.13,0.13
12-March-2015,2.69,2.69,2.69,2.69,2.690000000000000000,3000,3,8070.00,3000,100.00,0.00,0.00
11-March-2015,2.57,2.57,2.57,2.57,2.560000000000000000,75,2,192.00,75,100.00,0.00,0.00
10-March-2015,2.45,2.45,2.45,2.45,2.449392712550607287,494,2,1210.00,494,100.00,0.00,0.00
5-March-2015,2.34,2.34,2.34,2.34,2.339534883720930232,645,5,1509.00,645,100.00,0.00,0.00
3-March-2015,2.23,2.23,2.23,2.23,2.229381443298969072,1164,5,2595.00,1164,100.00,0.00,0.00
23-February-2015,2.13,2.13,2.13,2.13,2.000000000000000000,1,2,2.00,1,100.00,0.00,0.00
20-February-2015,2.21,2.21,2.21,2.21,2.000000000000000000,1,2,2.00,1,100.00,0.00,0.00
19-February-2015,2.49,2.49,2.29,2.29,2.489530685920577617,1385,11,3448.00,1384,99.93,0.20,-0.20
18-February-2015,2.38,2.38,2.38,2.38,2.000000000000000000,1,2,2.00,1,100.00,0.00,0.00
13-February-2015,2.73,2.73,2.49,2.49,2.729635182408795602,2001,4,5462.00,2001,100.00,0.24,-0.24
12-February-2015,2.60,2.60,2.60,2.60,2.600000000000000000,1000,3,2600.00,1000,100.00,0.00,0.00
9-February-2015,2.53,2.53,2.53,2.53,2.530000000000000000,100,2,253.00,100,100.00,0.00,0.00
6-February-2015,2.53,2.66,2.53,2.66,2.580076628352490421,1305,8,3367.00,1305,100.00,0.13,0.13
5-February-2015,2.60,2.66,2.60,2.66,2.658119658119658119,351,5,933.00,350,99.72,0.06,0.06
4-February-2015,2.66,2.66,2.66,2.66,2.000000000000000000,1,2,2.00,1,100.00,0.00,0.00
3-February-2015,3.00,3.00,2.80,2.80,2.999500249875062468,2001,4,6002.00,2001,100.00,0.20,-0.20
2-February-2015,2.85,3.00,2.85,2.86,2.982578397212543554,6314,15,18832.00,5672,89.83,0.15,0.01
29-January-2015,3.01,3.01,3.00,3.00,3.003857280617164898,1037,4,3115.00,1037,100.00,0.01,-0.01
23-January-2015,3.07,3.07,3.05,3.07,3.069465648854961832,1310,7,4021.00,1310,100.00,0.02,0.00
22-January-2015,3.07,3.07,3.07,3.07,3.069885982562038900,7455,11,22886.00,7455,100.00,0.00,0.00
21-January-2015,3.05,3.05,3.05,3.05,3.049333333333333333,750,7,2287.00,750,100.00,0.00,0.00
20-January-2015,3.05,3.07,3.05,3.07,3.068124857598541809,4389,9,13466.00,4389,100.00,0.02,0.02
19-January-2015,3.05,3.05,3.05,3.05,3.049056603773584905,530,4,1616.00,530,100.00,0.00,0.00
16-January-2015,3.05,3.05,3.05,3.05,3.050000000000000000,500,5,1525.00,500,100.00,0.00,0.00
9-January-2015,3.20,3.20,3.20,3.20,3.000000000000000000,1,2,3.00,1,100.00,0.00,0.00
6-January-2015,3.05,3.05,3.05,3.05,3.000000000000000000,9,2,27.00,9,100.00,0.00,0.00
5-January-2015,2.91,2.91,2.91,2.91,2.909090909090909090,561,7,1632.00,560,99.82,0.00,0.00
2-January-2015,2.78,2.78,2.78,2.78,2.780000000000000000,100,2,278.00,100,100.00,0.00,0.00
1-January-2015,2.55,2.65,2.55,2.65,2.633333333333333333,1200,5,3160.00,1200,100.00,0.10,0.10
