Date,Open,High,Low,Close,No. of Shares
2015-01-01 00:00:00+05:30,0.27000001072883606,0.27000001072883606,0.27000001072883606,0.27000001072883606,7025
2015-01-02 00:00:00+05:30,0.27000001072883606,0.2800000011920929,0.27000001072883606,0.2800000011920929,12089
2015-01-05 00:00:00+05:30,0.27000001072883606,0.2800000011920929,0.27000001072883606,0.2800000011920929,9328
2015-01-06 00:00:00+05:30,0.27000001072883606,0.28999999165534973,0.27000001072883606,0.28999999165534973,4030
2015-01-07 00:00:00+05:30,0.2800000011920929,0.30000001192092896,0.2800000011920929,0.2800000011920929,60355
2015-01-08 00:00:00+05:30,0.27000001072883606,0.28999999165534973,0.27000001072883606,0.28999999165534973,1900
2015-01-09 00:00:00+05:30,0.2800000011920929,0.30000001192092896,0.2800000011920929,0.30000001192092896,20536
2015-01-12 00:00:00+05:30,0.30000001192092896,0.30000001192092896,0.30000001192092896,0.30000001192092896,200
2015-01-13 00:00:00+05:30,0.3100000023841858,0.3100000023841858,0.28999999165534973,0.3100000023841858,24140
2015-01-14 00:00:00+05:30,0.30000001192092896,0.3199999928474426,0.30000001192092896,0.3100000023841858,29413
2015-01-15 00:00:00+05:30,0.3199999928474426,0.3199999928474426,0.30000001192092896,0.30000001192092896,34525
2015-01-16 00:00:00+05:30,0.3100000023841858,0.3100000023841858,0.28999999165534973,0.30000001192092896,22403
2015-01-19 00:00:00+05:30,0.28999999165534973,0.3100000023841858,0.28999999165534973,0.3100000023841858,34344
2015-01-20 00:00:00+05:30,0.3199999928474426,0.3199999928474426,0.30000001192092896,0.3199999928474426,2160
2015-01-21 00:00:00+05:30,0.3199999928474426,0.3199999928474426,0.3100000023841858,0.3100000023841858,550
2015-01-22 00:00:00+05:30,0.3199999928474426,0.3199999928474426,0.3199999928474426,0.3199999928474426,823
2015-01-23 00:00:00+05:30,0.3199999928474426,0.3199999928474426,0.3100000023841858,0.3100000023841858,2080
2015-01-27 00:00:00+05:30,0.30000001192092896,0.3100000023841858,0.30000001192092896,0.30000001192092896,31150
2015-01-28 00:00:00+05:30,0.28999999165534973,0.30000001192092896,0.28999999165534973,0.30000001192092896,6500
2015-01-29 00:00:00+05:30,0.28999999165534973,0.28999999165534973,0.28999999165534973,0.28999999165534973,12951
2015-01-30 00:00:00+05:30,0.2800000011920929,0.2800000011920929,0.2800000011920929,0.2800000011920929,1000
2015-02-02 00:00:00+05:30,0.28999999165534973,0.28999999165534973,0.2800000011920929,0.2800000011920929,6600
2015-02-03 00:00:00+05:30,0.2800000011920929,0.2800000011920929,0.2800000011920929,0.2800000011920929,12395
2015-02-04 00:00:00+05:30,0.28999999165534973,0.28999999165534973,0.27000001072883606,0.27000001072883606,19600
2015-02-05 00:00:00+05:30,0.27000001072883606,0.2800000011920929,0.27000001072883606,0.2800000011920929,2000
2015-02-06 00:00:00+05:30,0.27000001072883606,0.28999999165534973,0.27000001072883606,0.28999999165534973,39600
2015-02-09 00:00:00+05:30,0.30000001192092896,0.30000001192092896,0.30000001192092896,0.30000001192092896,1000
2015-02-10 00:00:00+05:30,0.3100000023841858,0.3100000023841858,0.3100000023841858,0.3100000023841858,120
2015-02-11 00:00:00+05:30,0.30000001192092896,0.30000001192092896,0.30000001192092896,0.30000001192092896,5275
2015-02-12 00:00:00+05:30,0.28999999165534973,0.28999999165534973,0.28999999165534973,0.28999999165534973,49000
2015-02-13 00:00:00+05:30,0.2800000011920929,0.28999999165534973,0.2800000011920929,0.2800000011920929,32500
2015-02-16 00:00:00+05:30,0.2800000011920929,0.2800000011920929,0.27000001072883606,0.27000001072883606,17700
2015-02-18 00:00:00+05:30,0.25999999046325684,0.27000001072883606,0.25999999046325684,0.25999999046325684,23302
2015-02-19 00:00:00+05:30,0.25999999046325684,0.27000001072883606,0.25999999046325684,0.25999999046325684,8288
2015-02-20 00:00:00+05:30,0.25,0.27000001072883606,0.25,0.25999999046325684,28503
2015-02-23 00:00:00+05:30,0.27000001072883606,0.27000001072883606,0.25999999046325684,0.27000001072883606,36550
2015-02-24 00:00:00+05:30,0.27000001072883606,0.27000001072883606,0.25999999046325684,0.27000001072883606,44217
2015-02-25 00:00:00+05:30,0.2800000011920929,0.2800000011920929,0.25999999046325684,0.27000001072883606,46300
2015-02-26 00:00:00+05:30,0.2800000011920929,0.2800000011920929,0.27000001072883606,0.2800000011920929,14300
2015-02-27 00:00:00+05:30,0.27000001072883606,0.28999999165534973,0.27000001072883606,0.2800000011920929,26420
2015-03-02 00:00:00+05:30,0.2800000011920929,0.2800000011920929,0.25999999046325684,0.2800000011920929,18268
2015-03-03 00:00:00+05:30,0.27000001072883606,0.28999999165534973,0.27000001072883606,0.27000001072883606,19758
2015-03-04 00:00:00+05:30,0.25999999046325684,0.27000001072883606,0.25999999046325684,0.25999999046325684,23693
2015-03-05 00:00:00+05:30,0.25999999046325684,0.25999999046325684,0.25,0.25,5630
2015-03-09 00:00:00+05:30,0.25,0.25999999046325684,0.23999999463558197,0.25999999046325684,24530
2015-03-10 00:00:00+05:30,0.25999999046325684,0.25999999046325684,0.25,0.25,10000
2015-03-11 00:00:00+05:30,0.25,0.25,0.23999999463558197,0.25,3500
2015-03-12 00:00:00+05:30,0.25,0.25,0.23999999463558197,0.25,5780
2015-03-13 00:00:00+05:30,0.25,0.25999999046325684,0.23999999463558197,0.25999999046325684,15740
2015-03-16 00:00:00+05:30,0.27000001072883606,0.27000001072883606,0.25999999046325684,0.25999999046325684,12239
2015-03-17 00:00:00+05:30,0.27000001072883606,0.27000001072883606,0.25,0.25,161175
2015-03-18 00:00:00+05:30,0.25,0.25,0.23999999463558197,0.23999999463558197,10625
2015-03-19 00:00:00+05:30,0.23000000417232513,0.23000000417232513,0.23000000417232513,0.23000000417232513,6000
2015-03-20 00:00:00+05:30,0.23999999463558197,0.23999999463558197,0.2199999988079071,0.23999999463558197,28000
2015-03-23 00:00:00+05:30,0.25,0.25,0.23000000417232513,0.25,30644
2015-03-24 00:00:00+05:30,0.25999999046325684,0.25999999046325684,0.25,0.25999999046325684,27001
2015-03-25 00:00:00+05:30,0.25999999046325684,0.27000001072883606,0.25,0.27000001072883606,15643
2015-03-27 00:00:00+05:30,0.25999999046325684,0.27000001072883606,0.25999999046325684,0.27000001072883606,17489
2015-03-30 00:00:00+05:30,0.25999999046325684,0.27000001072883606,0.25999999046325684,0.27000001072883606,12037
2015-04-06 00:00:00+05:30,0.27000001072883606,0.27000001072883606,0.27000001072883606,0.27000001072883606,7333
2015-04-07 00:00:00+05:30,0.25999999046325684,0.25999999046325684,0.25999999046325684,0.25999999046325684,6120
2015-04-08 00:00:00+05:30,0.25,0.25,0.25,0.25,4500
2015-04-09 00:00:00+05:30,0.23999999463558197,0.23999999463558197,0.23999999463558197,0.23999999463558197,100
2015-04-13 00:00:00+05:30,0.23999999463558197,0.23999999463558197,0.23000000417232513,0.23000000417232513,40700
2015-04-15 00:00:00+05:30,0.23999999463558197,0.23999999463558197,0.23999999463558197,0.23999999463558197,5500
2015-04-16 00:00:00+05:30,0.23999999463558197,0.23999999463558197,0.23999999463558197,0.23999999463558197,12500
2015-04-17 00:00:00+05:30,0.23999999463558197,0.25,0.23999999463558197,0.25,23751
2015-04-20 00:00:00+05:30,0.25999999046325684,0.25999999046325684,0.25999999046325684,0.25999999046325684,1266
2015-04-21 00:00:00+05:30,0.27000001072883606,0.27000001072883606,0.25,0.27000001072883606,19154
2015-04-22 00:00:00+05:30,0.2800000011920929,0.2800000011920929,0.25999999046325684,0.25999999046325684,15300
2015-04-23 00:00:00+05:30,0.27000001072883606,0.27000001072883606,0.25,0.25,25500
2015-04-24 00:00:00+05:30,0.23999999463558197,0.23999999463558197,0.23999999463558197,0.23999999463558197,21000
2015-04-27 00:00:00+05:30,0.23999999463558197,0.25,0.23999999463558197,0.25,7850
2015-04-30 00:00:00+05:30,0.23999999463558197,0.23999999463558197,0.23999999463558197,0.23999999463558197,9000
2015-05-04 00:00:00+05:30,0.23000000417232513,0.23000000417232513,0.23000000417232513,0.23000000417232513,3994
2015-05-05 00:00:00+05:30,0.2199999988079071,0.2199999988079071,0.2199999988079071,0.2199999988079071,2000
2015-05-06 00:00:00+05:30,0.23000000417232513,0.23000000417232513,0.2199999988079071,0.2199999988079071,500
2015-05-07 00:00:00+05:30,0.23000000417232513,0.23000000417232513,0.2199999988079071,0.23000000417232513,2300
2015-05-08 00:00:00+05:30,0.23000000417232513,0.23000000417232513,0.23000000417232513,0.23000000417232513,2000
2015-05-11 00:00:00+05:30,0.2199999988079071,0.2199999988079071,0.2199999988079071,0.2199999988079071,38500
2015-05-13 00:00:00+05:30,0.23000000417232513,0.23000000417232513,0.2199999988079071,0.2199999988079071,15000
2015-05-14 00:00:00+05:30,0.2199999988079071,0.23000000417232513,0.2199999988079071,0.23000000417232513,11400
2015-05-15 00:00:00+05:30,0.2199999988079071,0.23999999463558197,0.2199999988079071,0.23999999463558197,35000
2015-05-18 00:00:00+05:30,0.25,0.25,0.23999999463558197,0.23999999463558197,40920
2015-05-19 00:00:00+05:30,0.23000000417232513,0.25,0.23000000417232513,0.23000000417232513,9000
2015-05-20 00:00:00+05:30,0.23999999463558197,0.23999999463558197,0.23000000417232513,0.23000000417232513,18000
2015-05-21 00:00:00+05:30,0.23000000417232513,0.23999999463558197,0.23000000417232513,0.23999999463558197,15500
2015-05-22 00:00:00+05:30,0.25,0.25,0.23000000417232513,0.25,12000
2015-05-25 00:00:00+05:30,0.23999999463558197,0.23999999463558197,0.23999999463558197,0.23999999463558197,1100
2015-05-26 00:00:00+05:30,0.23000000417232513,0.25,0.23000000417232513,0.23000000417232513,10580
2015-05-27 00:00:00+05:30,0.2199999988079071,0.2199999988079071,0.2199999988079071,0.2199999988079071,3000
2015-05-28 00:00:00+05:30,0.23000000417232513,0.23000000417232513,0.20999999344348907,0.20999999344348907,11499
2015-05-29 00:00:00+05:30,0.20999999344348907,0.2199999988079071,0.20000000298023224,0.20000000298023224,53070
2015-06-01 00:00:00+05:30,0.1899999976158142,0.20999999344348907,0.1899999976158142,0.20999999344348907,26400
2015-06-02 00:00:00+05:30,0.2199999988079071,0.2199999988079071,0.20000000298023224,0.20000000298023224,900
2015-06-05 00:00:00+05:30,0.1899999976158142,0.1899999976158142,0.1899999976158142,0.1899999976158142,9241
2015-06-08 00:00:00+05:30,0.18000000715255737,0.18000000715255737,0.18000000715255737,0.18000000715255737,1000
2015-06-09 00:00:00+05:30,0.1899999976158142,0.1899999976158142,0.18000000715255737,0.1899999976158142,63600
2015-06-10 00:00:00+05:30,0.20000000298023224,0.20000000298023224,0.20000000298023224,0.20000000298023224,18300
2015-06-11 00:00:00+05:30,0.20999999344348907,0.20999999344348907,0.1899999976158142,0.20999999344348907,5025
2015-06-12 00:00:00+05:30,0.20999999344348907,0.20999999344348907,0.20999999344348907,0.20999999344348907,8000
2015-06-15 00:00:00+05:30,0.20000000298023224,0.2199999988079071,0.20000000298023224,0.2199999988079071,51909
2015-06-16 00:00:00+05:30,0.2199999988079071,0.2199999988079071,0.20999999344348907,0.2199999988079071,23933
2015-06-17 00:00:00+05:30,0.20999999344348907,0.20999999344348907,0.20999999344348907,0.20999999344348907,2000
2015-06-18 00:00:00+05:30,0.2199999988079071,0.2199999988079071,0.20000000298023224,0.20000000298023224,59700
2015-06-19 00:00:00+05:30,0.20000000298023224,0.20999999344348907,0.20000000298023224,0.20999999344348907,12000
2015-06-22 00:00:00+05:30,0.2199999988079071,0.2199999988079071,0.20000000298023224,0.20000000298023224,68235
2015-06-24 00:00:00+05:30,0.20999999344348907,0.20999999344348907,0.20999999344348907,0.20999999344348907,1600
2015-06-25 00:00:00+05:30,0.2199999988079071,0.2199999988079071,0.20000000298023224,0.20000000298023224,44975
2015-06-26 00:00:00+05:30,0.20000000298023224,0.20999999344348907,0.1899999976158142,0.20999999344348907,28040
2015-06-29 00:00:00+05:30,0.2199999988079071,0.2199999988079071,0.20000000298023224,0.20000000298023224,79888
2015-06-30 00:00:00+05:30,0.1899999976158142,0.1899999976158142,0.1899999976158142,0.1899999976158142,500
2015-07-01 00:00:00+05:30,0.1899999976158142,0.1899999976158142,0.1899999976158142,0.1899999976158142,39600
2015-07-02 00:00:00+05:30,0.1899999976158142,0.1899999976158142,0.1899999976158142,0.1899999976158142,5010
2015-07-03 00:00:00+05:30,0.1899999976158142,0.1899999976158142,0.1899999976158142,0.1899999976158142,1000
2015-07-06 00:00:00+05:30,0.18000000715255737,0.18000000715255737,0.18000000715255737,0.18000000715255737,500
2015-07-07 00:00:00+05:30,0.1899999976158142,0.1899999976158142,0.1899999976158142,0.1899999976158142,500
2015-07-09 00:00:00+05:30,0.20000000298023224,0.20000000298023224,0.1899999976158142,0.1899999976158142,17000
2015-07-10 00:00:00+05:30,0.1899999976158142,0.1899999976158142,0.1899999976158142,0.1899999976158142,12532
2015-07-13 00:00:00+05:30,0.1899999976158142,0.1899999976158142,0.1899999976158142,0.1899999976158142,2000
2015-07-14 00:00:00+05:30,0.1899999976158142,0.1899999976158142,0.1899999976158142,0.1899999976158142,500
2015-07-15 00:00:00+05:30,0.1899999976158142,0.20000000298023224,0.1899999976158142,0.20000000298023224,30501
2015-07-16 00:00:00+05:30,0.20000000298023224,0.20000000298023224,0.1899999976158142,0.1899999976158142,12000
2015-07-17 00:00:00+05:30,0.1899999976158142,0.20000000298023224,0.1899999976158142,0.20000000298023224,1800
2015-07-20 00:00:00+05:30,0.20000000298023224,0.20000000298023224,0.1899999976158142,0.1899999976158142,100
2015-07-22 00:00:00+05:30,0.20000000298023224,0.20000000298023224,0.18000000715255737,0.18000000715255737,80000
2015-07-23 00:00:00+05:30,0.1899999976158142,0.1899999976158142,0.1899999976158142,0.1899999976158142,1500
2015-07-24 00:00:00+05:30,0.1899999976158142,0.20000000298023224,0.18000000715255737,0.20000000298023224,58925
2015-07-27 00:00:00+05:30,0.20999999344348907,0.20999999344348907,0.20999999344348907,0.20999999344348907,122921
2015-07-28 00:00:00+05:30,0.20000000298023224,0.2199999988079071,0.20000000298023224,0.2199999988079071,11000
2015-07-29 00:00:00+05:30,0.23000000417232513,0.23000000417232513,0.20999999344348907,0.2199999988079071,101040
2015-07-30 00:00:00+05:30,0.20999999344348907,0.23000000417232513,0.20999999344348907,0.20999999344348907,30838
2015-07-31 00:00:00+05:30,0.20000000298023224,0.2199999988079071,0.20000000298023224,0.20999999344348907,21017
2015-08-03 00:00:00+05:30,0.20000000298023224,0.2199999988079071,0.20000000298023224,0.2199999988079071,4200
2015-08-04 00:00:00+05:30,0.23000000417232513,0.23000000417232513,0.2199999988079071,0.23000000417232513,107551
2015-08-05 00:00:00+05:30,0.2199999988079071,0.23999999463558197,0.2199999988079071,0.23999999463558197,66876
2015-08-06 00:00:00+05:30,0.25,0.25,0.23000000417232513,0.25,19500
2015-08-07 00:00:00+05:30,0.25999999046325684,0.25999999046325684,0.25999999046325684,0.25999999046325684,3838
2015-08-10 00:00:00+05:30,0.27000001072883606,0.27000001072883606,0.27000001072883606,0.27000001072883606,41500
2015-08-11 00:00:00+05:30,0.2800000011920929,0.2800000011920929,0.2800000011920929,0.2800000011920929,7000
2015-08-12 00:00:00+05:30,0.28999999165534973,0.28999999165534973,0.28999999165534973,0.28999999165534973,10000
2015-08-13 00:00:00+05:30,0.30000001192092896,0.30000001192092896,0.30000001192092896,0.30000001192092896,3000
2015-08-14 00:00:00+05:30,0.3100000023841858,0.3100000023841858,0.3100000023841858,0.3100000023841858,37550
2015-08-17 00:00:00+05:30,0.3199999928474426,0.3199999928474426,0.3199999928474426,0.3199999928474426,12000
2015-08-18 00:00:00+05:30,0.33000001311302185,0.33000001311302185,0.3199999928474426,0.33000001311302185,29948
2015-08-19 00:00:00+05:30,0.33000001311302185,0.3400000035762787,0.3199999928474426,0.3400000035762787,5001
2015-08-21 00:00:00+05:30,0.33000001311302185,0.33000001311302185,0.33000001311302185,0.33000001311302185,3100
2015-09-04 00:00:00+05:30,0.3199999928474426,0.3199999928474426,0.3199999928474426,0.3199999928474426,3100
2015-09-08 00:00:00+05:30,0.3100000023841858,0.3100000023841858,0.3100000023841858,0.3100000023841858,5700
2015-09-09 00:00:00+05:30,0.30000001192092896,0.30000001192092896,0.30000001192092896,0.30000001192092896,3730
2015-09-18 00:00:00+05:30,0.28999999165534973,0.28999999165534973,0.28999999165534973,0.28999999165534973,2000
2015-09-23 00:00:00+05:30,0.2800000011920929,0.2800000011920929,0.2800000011920929,0.2800000011920929,50
2015-09-24 00:00:00+05:30,0.27000001072883606,0.27000001072883606,0.27000001072883606,0.27000001072883606,2853
2015-09-28 00:00:00+05:30,0.27000001072883606,0.27000001072883606,0.25999999046325684,0.25999999046325684,1800
2015-09-29 00:00:00+05:30,0.25,0.25,0.25,0.25,192
2015-09-30 00:00:00+05:30,0.23999999463558197,0.23999999463558197,0.23999999463558197,0.23999999463558197,1000
2015-10-01 00:00:00+05:30,0.23000000417232513,0.25,0.23000000417232513,0.23999999463558197,81667
2015-10-05 00:00:00+05:30,0.23000000417232513,0.23000000417232513,0.23000000417232513,0.23000000417232513,801
2015-10-06 00:00:00+05:30,0.23999999463558197,0.23999999463558197,0.2199999988079071,0.2199999988079071,7263
2015-10-07 00:00:00+05:30,0.20999999344348907,0.2199999988079071,0.20999999344348907,0.2199999988079071,15785
2015-10-08 00:00:00+05:30,0.23000000417232513,0.23000000417232513,0.23000000417232513,0.23000000417232513,26115
2015-10-09 00:00:00+05:30,0.2199999988079071,0.23999999463558197,0.2199999988079071,0.2199999988079071,40600
2015-10-12 00:00:00+05:30,0.23000000417232513,0.23000000417232513,0.2199999988079071,0.2199999988079071,26633
2015-10-13 00:00:00+05:30,0.23000000417232513,0.23000000417232513,0.23000000417232513,0.23000000417232513,9701
2015-10-14 00:00:00+05:30,0.23000000417232513,0.23999999463558197,0.23000000417232513,0.23000000417232513,38500
2015-10-15 00:00:00+05:30,0.2199999988079071,0.23999999463558197,0.2199999988079071,0.23999999463558197,15317
2015-10-16 00:00:00+05:30,0.23000000417232513,0.23000000417232513,0.23000000417232513,0.23000000417232513,1000
2015-10-19 00:00:00+05:30,0.2199999988079071,0.2199999988079071,0.2199999988079071,0.2199999988079071,3600
2015-10-20 00:00:00+05:30,0.2199999988079071,0.23000000417232513,0.2199999988079071,0.23000000417232513,18326
2015-10-21 00:00:00+05:30,0.23000000417232513,0.23999999463558197,0.23000000417232513,0.23999999463558197,11300
2015-10-23 00:00:00+05:30,0.25,0.25,0.23999999463558197,0.23999999463558197,16100
2015-10-26 00:00:00+05:30,0.23999999463558197,0.25,0.23999999463558197,0.23999999463558197,2405
2015-10-27 00:00:00+05:30,0.25,0.25,0.25,0.25,9205
2015-10-28 00:00:00+05:30,0.25,0.25,0.23999999463558197,0.23999999463558197,27264
2015-10-29 00:00:00+05:30,0.23000000417232513,0.25,0.23000000417232513,0.23999999463558197,8000
2015-10-30 00:00:00+05:30,0.23000000417232513,0.23000000417232513,0.23000000417232513,0.23000000417232513,500
2015-11-02 00:00:00+05:30,0.23000000417232513,0.23000000417232513,0.23000000417232513,0.23000000417232513,11500
2015-11-04 00:00:00+05:30,0.23000000417232513,0.23000000417232513,0.23000000417232513,0.23000000417232513,3930
2015-11-06 00:00:00+05:30,0.2199999988079071,0.2199999988079071,0.2199999988079071,0.2199999988079071,14801
2015-11-09 00:00:00+05:30,0.20999999344348907,0.20999999344348907,0.20999999344348907,0.20999999344348907,3800
2015-11-10 00:00:00+05:30,0.20000000298023224,0.20999999344348907,0.20000000298023224,0.20000000298023224,3000
2015-11-17 00:00:00+05:30,0.1899999976158142,0.1899999976158142,0.1899999976158142,0.1899999976158142,6650
2015-11-18 00:00:00+05:30,0.20000000298023224,0.20000000298023224,0.20000000298023224,0.20000000298023224,12000
2015-11-19 00:00:00+05:30,0.20000000298023224,0.20999999344348907,0.20000000298023224,0.20999999344348907,3000
2015-11-20 00:00:00+05:30,0.2199999988079071,0.2199999988079071,0.2199999988079071,0.2199999988079071,500
2015-11-24 00:00:00+05:30,0.23000000417232513,0.23000000417232513,0.23000000417232513,0.23000000417232513,10000
2015-11-27 00:00:00+05:30,0.23999999463558197,0.23999999463558197,0.23999999463558197,0.23999999463558197,5000
2015-11-30 00:00:00+05:30,0.23000000417232513,0.23999999463558197,0.23000000417232513,0.23000000417232513,8250
2015-12-01 00:00:00+05:30,0.2199999988079071,0.23000000417232513,0.2199999988079071,0.23000000417232513,6546
2015-12-02 00:00:00+05:30,0.2199999988079071,0.23000000417232513,0.2199999988079071,0.23000000417232513,2500
2015-12-03 00:00:00+05:30,0.2199999988079071,0.2199999988079071,0.2199999988079071,0.2199999988079071,101
2015-12-04 00:00:00+05:30,0.2199999988079071,0.23000000417232513,0.20999999344348907,0.20999999344348907,35380
2015-12-07 00:00:00+05:30,0.2199999988079071,0.2199999988079071,0.20000000298023224,0.20999999344348907,21651
2015-12-08 00:00:00+05:30,0.2199999988079071,0.2199999988079071,0.2199999988079071,0.2199999988079071,30000
2015-12-09 00:00:00+05:30,0.20999999344348907,0.23000000417232513,0.20999999344348907,0.23000000417232513,12000
2015-12-10 00:00:00+05:30,0.2199999988079071,0.2199999988079071,0.2199999988079071,0.2199999988079071,1111
2015-12-14 00:00:00+05:30,0.20999999344348907,0.20999999344348907,0.20999999344348907,0.20999999344348907,1000
2015-12-15 00:00:00+05:30,0.2199999988079071,0.2199999988079071,0.2199999988079071,0.2199999988079071,7000
2015-12-16 00:00:00+05:30,0.23000000417232513,0.23000000417232513,0.23000000417232513,0.23000000417232513,12025
2015-12-17 00:00:00+05:30,0.23999999463558197,0.23999999463558197,0.2199999988079071,0.23000000417232513,2951
2015-12-18 00:00:00+05:30,0.2199999988079071,0.23999999463558197,0.2199999988079071,0.2199999988079071,31700
2015-12-22 00:00:00+05:30,0.20999999344348907,0.20999999344348907,0.20999999344348907,0.20999999344348907,4700
2015-12-23 00:00:00+05:30,0.20999999344348907,0.2199999988079071,0.20999999344348907,0.2199999988079071,1500
2015-12-24 00:00:00+05:30,0.2199999988079071,0.23000000417232513,0.2199999988079071,0.2199999988079071,83601
2015-12-28 00:00:00+05:30,0.20999999344348907,0.20999999344348907,0.20999999344348907,0.20999999344348907,1203
2015-12-29 00:00:00+05:30,0.2199999988079071,0.2199999988079071,0.20999999344348907,0.2199999988079071,2210
2015-12-31 00:00:00+05:30,0.20999999344348907,0.20999999344348907,0.20999999344348907,0.20999999344348907,5000
2016-01-01 00:00:00+05:30,0.20000000298023224,0.2199999988079071,0.20000000298023224,0.2199999988079071,4100
2016-01-04 00:00:00+05:30,0.2199999988079071,0.23000000417232513,0.2199999988079071,0.23000000417232513,46500
2016-01-05 00:00:00+05:30,0.23999999463558197,0.23999999463558197,0.23999999463558197,0.23999999463558197,11600
2016-01-06 00:00:00+05:30,0.25,0.25,0.25,0.25,15700
2016-01-08 00:00:00+05:30,0.25999999046325684,0.25999999046325684,0.25999999046325684,0.25999999046325684,11000
2016-01-11 00:00:00+05:30,0.27000001072883606,0.27000001072883606,0.27000001072883606,0.27000001072883606,1000
2016-01-12 00:00:00+05:30,0.2800000011920929,0.2800000011920929,0.2800000011920929,0.2800000011920929,48000
2016-01-13 00:00:00+05:30,0.28999999165534973,0.28999999165534973,0.27000001072883606,0.27000001072883606,21052
2016-01-14 00:00:00+05:30,0.2800000011920929,0.2800000011920929,0.25999999046325684,0.2800000011920929,5000
2016-01-15 00:00:00+05:30,0.2800000011920929,0.2800000011920929,0.27000001072883606,0.27000001072883606,10450
2016-01-18 00:00:00+05:30,0.2800000011920929,0.2800000011920929,0.25999999046325684,0.2800000011920929,69994
2016-01-19 00:00:00+05:30,0.2800000011920929,0.2800000011920929,0.2800000011920929,0.2800000011920929,15000
2016-01-20 00:00:00+05:30,0.2800000011920929,0.2800000011920929,0.2800000011920929,0.2800000011920929,2001
2016-01-21 00:00:00+05:30,0.27000001072883606,0.28999999165534973,0.27000001072883606,0.2800000011920929,14500
2016-01-22 00:00:00+05:30,0.2800000011920929,0.28999999165534973,0.27000001072883606,0.27000001072883606,3731
2016-01-25 00:00:00+05:30,0.25999999046325684,0.2800000011920929,0.25999999046325684,0.27000001072883606,10716
2016-01-28 00:00:00+05:30,0.27000001072883606,0.27000001072883606,0.25999999046325684,0.25999999046325684,16000
2016-01-29 00:00:00+05:30,0.25,0.25,0.25,0.25,600
2016-02-01 00:00:00+05:30,0.23999999463558197,0.25,0.23999999463558197,0.25,7200
2016-02-03 00:00:00+05:30,0.23999999463558197,0.23999999463558197,0.23999999463558197,0.23999999463558197,131
2016-02-04 00:00:00+05:30,0.23000000417232513,0.25,0.23000000417232513,0.23000000417232513,75450
2016-02-05 00:00:00+05:30,0.23000000417232513,0.23000000417232513,0.23000000417232513,0.23000000417232513,500
2016-02-08 00:00:00+05:30,0.2199999988079071,0.2199999988079071,0.2199999988079071,0.2199999988079071,87394
2016-02-09 00:00:00+05:30,0.23000000417232513,0.23000000417232513,0.20999999344348907,0.20999999344348907,364321
2016-02-10 00:00:00+05:30,0.20999999344348907,0.20999999344348907,0.20000000298023224,0.20000000298023224,271785
2016-02-11 00:00:00+05:30,0.1899999976158142,0.20000000298023224,0.1899999976158142,0.1899999976158142,368428
2016-02-12 00:00:00+05:30,0.18000000715255737,0.18000000715255737,0.18000000715255737,0.18000000715255737,262711
2016-02-15 00:00:00+05:30,0.18000000715255737,0.1899999976158142,0.18000000715255737,0.1899999976158142,19006
2016-02-16 00:00:00+05:30,0.18000000715255737,0.18000000715255737,0.18000000715255737,0.18000000715255737,560941
2016-02-17 00:00:00+05:30,0.17000000178813934,0.17000000178813934,0.17000000178813934,0.17000000178813934,212857
2016-02-18 00:00:00+05:30,0.18000000715255737,0.18000000715255737,0.1599999964237213,0.1599999964237213,8960
2016-02-19 00:00:00+05:30,0.15000000596046448,0.17000000178813934,0.15000000596046448,0.17000000178813934,202
2016-02-23 00:00:00+05:30,0.18000000715255737,0.18000000715255737,0.18000000715255737,0.18000000715255737,13551
2016-02-24 00:00:00+05:30,0.1899999976158142,0.1899999976158142,0.1899999976158142,0.1899999976158142,10004
2016-02-25 00:00:00+05:30,0.20000000298023224,0.20000000298023224,0.20000000298023224,0.20000000298023224,93002
2016-02-26 00:00:00+05:30,0.20999999344348907,0.20999999344348907,0.20000000298023224,0.20000000298023224,12500
2016-02-29 00:00:00+05:30,0.1899999976158142,0.20999999344348907,0.1899999976158142,0.20999999344348907,52900
2016-03-02 00:00:00+05:30,0.2199999988079071,0.2199999988079071,0.20000000298023224,0.20999999344348907,23002
2016-03-03 00:00:00+05:30,0.20000000298023224,0.2199999988079071,0.20000000298023224,0.2199999988079071,19502
2016-03-04 00:00:00+05:30,0.20999999344348907,0.20999999344348907,0.20999999344348907,0.20999999344348907,3000
2016-03-08 00:00:00+05:30,0.20000000298023224,0.20000000298023224,0.20000000298023224,0.20000000298023224,5502
2016-03-09 00:00:00+05:30,0.1899999976158142,0.20999999344348907,0.1899999976158142,0.1899999976158142,76686
2016-03-10 00:00:00+05:30,0.20000000298023224,0.20000000298023224,0.1899999976158142,0.1899999976158142,13254
2016-03-11 00:00:00+05:30,0.20000000298023224,0.20000000298023224,0.18000000715255737,0.18000000715255737,28002
2016-03-14 00:00:00+05:30,0.1899999976158142,0.1899999976158142,0.18000000715255737,0.18000000715255737,11502
2016-03-15 00:00:00+05:30,0.1899999976158142,0.1899999976158142,0.17000000178813934,0.17000000178813934,71653
2016-03-16 00:00:00+05:30,0.18000000715255737,0.18000000715255737,0.18000000715255737,0.18000000715255737,9002
2016-03-17 00:00:00+05:30,0.17000000178813934,0.1899999976158142,0.17000000178813934,0.17000000178813934,101014
2016-03-18 00:00:00+05:30,0.1599999964237213,0.18000000715255737,0.1599999964237213,0.17000000178813934,13900
2016-03-21 00:00:00+05:30,0.17000000178813934,0.18000000715255737,0.17000000178813934,0.17000000178813934,3000
2016-03-22 00:00:00+05:30,0.17000000178813934,0.18000000715255737,0.17000000178813934,0.18000000715255737,29827
2016-03-23 00:00:00+05:30,0.17000000178813934,0.1899999976158142,0.17000000178813934,0.18000000715255737,33023
2016-03-28 00:00:00+05:30,0.17000000178813934,0.1899999976158142,0.17000000178813934,0.18000000715255737,36789
2016-03-29 00:00:00+05:30,0.17000000178813934,0.1899999976158142,0.17000000178813934,0.17000000178813934,18701
2016-03-30 00:00:00+05:30,0.17000000178813934,0.17000000178813934,0.17000000178813934,0.17000000178813934,7000
2016-03-31 00:00:00+05:30,0.18000000715255737,0.18000000715255737,0.18000000715255737,0.18000000715255737,18266
2016-04-01 00:00:00+05:30,0.18000000715255737,0.18000000715255737,0.18000000715255737,0.18000000715255737,2000
2016-04-04 00:00:00+05:30,0.1899999976158142,0.1899999976158142,0.1899999976158142,0.1899999976158142,1000
2016-04-05 00:00:00+05:30,0.20000000298023224,0.20000000298023224,0.20000000298023224,0.20000000298023224,4004
2016-04-06 00:00:00+05:30,0.1899999976158142,0.20999999344348907,0.1899999976158142,0.20999999344348907,30800
2016-04-07 00:00:00+05:30,0.20000000298023224,0.2199999988079071,0.20000000298023224,0.2199999988079071,15464
2016-04-08 00:00:00+05:30,0.20999999344348907,0.20999999344348907,0.20999999344348907,0.20999999344348907,200
2016-04-12 00:00:00+05:30,0.20000000298023224,0.2199999988079071,0.20000000298023224,0.2199999988079071,27500
2016-04-13 00:00:00+05:30,0.2199999988079071,0.2199999988079071,0.2199999988079071,0.2199999988079071,455
2016-04-18 00:00:00+05:30,0.2199999988079071,0.2199999988079071,0.2199999988079071,0.2199999988079071,6000
2016-04-20 00:00:00+05:30,0.20999999344348907,0.20999999344348907,0.20999999344348907,0.20999999344348907,1000
2016-04-21 00:00:00+05:30,0.20000000298023224,0.20000000298023224,0.20000000298023224,0.20000000298023224,18000
2016-04-22 00:00:00+05:30,0.20000000298023224,0.20000000298023224,0.1899999976158142,0.1899999976158142,19838
2016-04-25 00:00:00+05:30,0.20000000298023224,0.20000000298023224,0.18000000715255737,0.1899999976158142,45951
2016-04-26 00:00:00+05:30,0.18000000715255737,0.20000000298023224,0.18000000715255737,0.18000000715255737,6710
2016-04-27 00:00:00+05:30,0.18000000715255737,0.1899999976158142,0.18000000715255737,0.1899999976158142,3691
2016-04-28 00:00:00+05:30,0.18000000715255737,0.20000000298023224,0.18000000715255737,0.20000000298023224,10000
2016-04-29 00:00:00+05:30,0.20000000298023224,0.20000000298023224,0.20000000298023224,0.20000000298023224,10000
2016-05-02 00:00:00+05:30,0.20999999344348907,0.20999999344348907,0.20000000298023224,0.20000000298023224,17700
2016-05-03 00:00:00+05:30,0.20999999344348907,0.20999999344348907,0.1899999976158142,0.1899999976158142,3500
2016-05-04 00:00:00+05:30,0.18000000715255737,0.20000000298023224,0.18000000715255737,0.20000000298023224,4469
2016-05-06 00:00:00+05:30,0.1899999976158142,0.20999999344348907,0.1899999976158142,0.20999999344348907,3178
2016-05-10 00:00:00+05:30,0.20000000298023224,0.2199999988079071,0.20000000298023224,0.2199999988079071,15009
2016-05-11 00:00:00+05:30,0.2199999988079071,0.23000000417232513,0.2199999988079071,0.23000000417232513,19000
2016-05-12 00:00:00+05:30,0.2199999988079071,0.23000000417232513,0.2199999988079071,0.23000000417232513,17900
2016-05-13 00:00:00+05:30,0.2199999988079071,0.2199999988079071,0.2199999988079071,0.2199999988079071,1
2016-05-16 00:00:00+05:30,0.20999999344348907,0.23000000417232513,0.20999999344348907,0.20999999344348907,12004
2016-05-17 00:00:00+05:30,0.20999999344348907,0.2199999988079071,0.20999999344348907,0.20999999344348907,2005
2016-05-18 00:00:00+05:30,0.2199999988079071,0.2199999988079071,0.2199999988079071,0.2199999988079071,5
2016-05-19 00:00:00+05:30,0.20999999344348907,0.23000000417232513,0.20999999344348907,0.23000000417232513,7005
2016-05-20 00:00:00+05:30,0.2199999988079071,0.23000000417232513,0.2199999988079071,0.2199999988079071,150005
2016-05-23 00:00:00+05:30,0.20999999344348907,0.23000000417232513,0.20999999344348907,0.23000000417232513,20450
2016-05-24 00:00:00+05:30,0.2199999988079071,0.2199999988079071,0.2199999988079071,0.2199999988079071,255
2016-05-25 00:00:00+05:30,0.23000000417232513,0.23000000417232513,0.23000000417232513,0.23000000417232513,200
2016-05-26 00:00:00+05:30,0.2199999988079071,0.23000000417232513,0.2199999988079071,0.23000000417232513,255
2016-05-27 00:00:00+05:30,0.2199999988079071,0.23000000417232513,0.2199999988079071,0.23000000417232513,605
2016-05-30 00:00:00+05:30,0.23000000417232513,0.23000000417232513,0.23000000417232513,0.23000000417232513,3505
2016-05-31 00:00:00+05:30,0.23000000417232513,0.23000000417232513,0.2199999988079071,0.2199999988079071,8005
2016-06-01 00:00:00+05:30,0.20999999344348907,0.20999999344348907,0.20999999344348907,0.20999999344348907,5105
2016-06-02 00:00:00+05:30,0.20000000298023224,0.2199999988079071,0.20000000298023224,0.2199999988079071,47469
2016-06-03 00:00:00+05:30,0.2199999988079071,0.2199999988079071,0.20999999344348907,0.20999999344348907,6472
2016-06-06 00:00:00+05:30,0.20000000298023224,0.20000000298023224,0.20000000298023224,0.20000000298023224,572
2016-06-07 00:00:00+05:30,0.1899999976158142,0.20999999344348907,0.1899999976158142,0.20999999344348907,6700
2016-06-08 00:00:00+05:30,0.20000000298023224,0.2199999988079071,0.20000000298023224,0.20000000298023224,750
2016-06-09 00:00:00+05:30,0.1899999976158142,0.1899999976158142,0.1899999976158142,0.1899999976158142,12000
2016-06-10 00:00:00+05:30,0.18000000715255737,0.20000000298023224,0.18000000715255737,0.20000000298023224,62000
2016-06-13 00:00:00+05:30,0.1899999976158142,0.20000000298023224,0.1899999976158142,0.20000000298023224,6000
2016-06-14 00:00:00+05:30,0.20999999344348907,0.20999999344348907,0.1899999976158142,0.1899999976158142,6000
2016-06-17 00:00:00+05:30,0.18000000715255737,0.1899999976158142,0.18000000715255737,0.1899999976158142,2000
2016-06-20 00:00:00+05:30,0.18000000715255737,0.20000000298023224,0.18000000715255737,0.1899999976158142,7100
2016-06-21 00:00:00+05:30,0.1899999976158142,0.20000000298023224,0.1899999976158142,0.20000000298023224,9001
2016-06-22 00:00:00+05:30,0.20999999344348907,0.20999999344348907,0.20999999344348907,0.20999999344348907,71100
2016-06-23 00:00:00+05:30,0.20000000298023224,0.20000000298023224,0.20000000298023224,0.20000000298023224,815
2016-06-24 00:00:00+05:30,0.20999999344348907,0.20999999344348907,0.20999999344348907,0.20999999344348907,28185
2016-06-27 00:00:00+05:30,0.20999999344348907,0.20999999344348907,0.20000000298023224,0.20000000298023224,28300
2016-06-28 00:00:00+05:30,0.20000000298023224,0.20999999344348907,0.20000000298023224,0.20999999344348907,1500
2016-06-29 00:00:00+05:30,0.20999999344348907,0.2199999988079071,0.20999999344348907,0.2199999988079071,11829
2016-06-30 00:00:00+05:30,0.2199999988079071,0.2199999988079071,0.20999999344348907,0.20999999344348907,22244
2016-07-01 00:00:00+05:30,0.20000000298023224,0.20000000298023224,0.20000000298023224,0.20000000298023224,1500
2016-07-04 00:00:00+05:30,0.1899999976158142,0.20000000298023224,0.1899999976158142,0.20000000298023224,11000
2016-07-05 00:00:00+05:30,0.20000000298023224,0.20000000298023224,0.20000000298023224,0.20000000298023224,15000
2016-07-07 00:00:00+05:30,0.20000000298023224,0.20000000298023224,0.20000000298023224,0.20000000298023224,11613
2016-07-08 00:00:00+05:30,0.1899999976158142,0.1899999976158142,0.1899999976158142,0.1899999976158142,1000
2016-07-11 00:00:00+05:30,0.1899999976158142,0.1899999976158142,0.1899999976158142,0.1899999976158142,1801
2016-07-12 00:00:00+05:30,0.1899999976158142,0.20000000298023224,0.1899999976158142,0.20000000298023224,14501
2016-07-13 00:00:00+05:30,0.20000000298023224,0.20000000298023224,0.20000000298023224,0.20000000298023224,1600
2016-07-14 00:00:00+05:30,0.20000000298023224,0.20999999344348907,0.1899999976158142,0.20999999344348907,87179
2016-07-15 00:00:00+05:30,0.20999999344348907,0.20999999344348907,0.20000000298023224,0.20000000298023224,7000
2016-07-18 00:00:00+05:30,0.20000000298023224,0.20000000298023224,0.20000000298023224,0.20000000298023224,1950
2016-07-19 00:00:00+05:30,0.20000000298023224,0.20999999344348907,0.1899999976158142,0.20999999344348907,47470
2016-07-20 00:00:00+05:30,0.2199999988079071,0.2199999988079071,0.2199999988079071,0.2199999988079071,3329
2016-07-21 00:00:00+05:30,0.2199999988079071,0.23000000417232513,0.2199999988079071,0.23000000417232513,899
2016-07-22 00:00:00+05:30,0.23999999463558197,0.23999999463558197,0.2199999988079071,0.2199999988079071,98214
2016-07-25 00:00:00+05:30,0.20999999344348907,0.23000000417232513,0.20999999344348907,0.23000000417232513,17300
2016-07-26 00:00:00+05:30,0.23999999463558197,0.23999999463558197,0.2199999988079071,0.23000000417232513,141000
2016-07-27 00:00:00+05:30,0.23000000417232513,0.23000000417232513,0.23000000417232513,0.23000000417232513,10000
2016-07-28 00:00:00+05:30,0.23000000417232513,0.23000000417232513,0.23000000417232513,0.23000000417232513,1000
2016-08-01 00:00:00+05:30,0.2199999988079071,0.2199999988079071,0.2199999988079071,0.2199999988079071,500
2016-08-02 00:00:00+05:30,0.20999999344348907,0.20999999344348907,0.20999999344348907,0.20999999344348907,22790
2016-08-03 00:00:00+05:30,0.20999999344348907,0.2199999988079071,0.20999999344348907,0.2199999988079071,16002
2016-08-04 00:00:00+05:30,0.2199999988079071,0.23000000417232513,0.20999999344348907,0.20999999344348907,5250
2016-08-05 00:00:00+05:30,0.20000000298023224,0.20999999344348907,0.20000000298023224,0.20999999344348907,5000
2016-08-08 00:00:00+05:30,0.20000000298023224,0.20999999344348907,0.20000000298023224,0.20999999344348907,18476
2016-08-09 00:00:00+05:30,0.20000000298023224,0.20000000298023224,0.20000000298023224,0.20000000298023224,17000
2016-08-10 00:00:00+05:30,0.20000000298023224,0.20000000298023224,0.20000000298023224,0.20000000298023224,9478
2016-08-11 00:00:00+05:30,0.20000000298023224,0.20000000298023224,0.20000000298023224,0.20000000298023224,2038
2016-08-12 00:00:00+05:30,0.20000000298023224,0.20000000298023224,0.20000000298023224,0.20000000298023224,1000
2016-08-16 00:00:00+05:30,0.20000000298023224,0.20000000298023224,0.1899999976158142,0.1899999976158142,36393
2016-08-17 00:00:00+05:30,0.1899999976158142,0.20000000298023224,0.1899999976158142,0.20000000298023224,37249
2016-08-18 00:00:00+05:30,0.1899999976158142,0.20000000298023224,0.1899999976158142,0.1899999976158142,15500
2016-08-19 00:00:00+05:30,0.1899999976158142,0.20000000298023224,0.1899999976158142,0.20000000298023224,502
2016-08-22 00:00:00+05:30,0.1899999976158142,0.20999999344348907,0.1899999976158142,0.20999999344348907,4761
2016-08-23 00:00:00+05:30,0.20000000298023224,0.2199999988079071,0.20000000298023224,0.20000000298023224,14350
2016-08-24 00:00:00+05:30,0.20000000298023224,0.20999999344348907,0.1899999976158142,0.20999999344348907,60000
2016-08-25 00:00:00+05:30,0.20000000298023224,0.2199999988079071,0.20000000298023224,0.20000000298023224,46430
2016-08-26 00:00:00+05:30,0.1899999976158142,0.1899999976158142,0.1899999976158142,0.1899999976158142,120
2016-08-29 00:00:00+05:30,0.1899999976158142,0.20000000298023224,0.1899999976158142,0.1899999976158142,31741
2016-08-30 00:00:00+05:30,0.20000000298023224,0.20000000298023224,0.20000000298023224,0.20000000298023224,1000
2016-08-31 00:00:00+05:30,0.1899999976158142,0.1899999976158142,0.1899999976158142,0.1899999976158142,3000
2016-09-01 00:00:00+05:30,0.1899999976158142,0.1899999976158142,0.1899999976158142,0.1899999976158142,32000
2016-09-02 00:00:00+05:30,0.1899999976158142,0.1899999976158142,0.1899999976158142,0.1899999976158142,12050
2016-09-06 00:00:00+05:30,0.20000000298023224,0.20000000298023224,0.20000000298023224,0.20000000298023224,3498
2016-09-07 00:00:00+05:30,0.1899999976158142,0.1899999976158142,0.1899999976158142,0.1899999976158142,22000
2016-09-08 00:00:00+05:30,0.1899999976158142,0.20000000298023224,0.1899999976158142,0.20000000298023224,68874
2016-09-09 00:00:00+05:30,0.1899999976158142,0.1899999976158142,0.1899999976158142,0.1899999976158142,300
2016-09-12 00:00:00+05:30,0.1899999976158142,0.20000000298023224,0.1899999976158142,0.1899999976158142,7697
2016-09-14 00:00:00+05:30,0.1899999976158142,0.1899999976158142,0.1899999976158142,0.1899999976158142,21902
2016-09-15 00:00:00+05:30,0.1899999976158142,0.1899999976158142,0.1899999976158142,0.1899999976158142,502
2016-09-16 00:00:00+05:30,0.20000000298023224,0.20000000298023224,0.20000000298023224,0.20000000298023224,4000
2016-09-20 00:00:00+05:30,0.20999999344348907,0.20999999344348907,0.20999999344348907,0.20999999344348907,7400
2016-09-21 00:00:00+05:30,0.2199999988079071,0.2199999988079071,0.2199999988079071,0.2199999988079071,2460
2016-09-22 00:00:00+05:30,0.23000000417232513,0.23000000417232513,0.20999999344348907,0.2199999988079071,6935
2016-09-23 00:00:00+05:30,0.23000000417232513,0.23000000417232513,0.23000000417232513,0.23000000417232513,980
2016-09-26 00:00:00+05:30,0.2199999988079071,0.23999999463558197,0.2199999988079071,0.23999999463558197,1700
2016-09-27 00:00:00+05:30,0.25,0.25,0.23000000417232513,0.23000000417232513,4800
2016-09-28 00:00:00+05:30,0.2199999988079071,0.2199999988079071,0.2199999988079071,0.2199999988079071,18057
2016-09-29 00:00:00+05:30,0.20999999344348907,0.20999999344348907,0.20999999344348907,0.20999999344348907,10000
2016-09-30 00:00:00+05:30,0.20999999344348907,0.20999999344348907,0.20000000298023224,0.20000000298023224,17450
2016-10-03 00:00:00+05:30,0.20000000298023224,0.20000000298023224,0.20000000298023224,0.20000000298023224,4250
2016-10-04 00:00:00+05:30,0.20000000298023224,0.20000000298023224,0.20000000298023224,0.20000000298023224,32300
2016-10-05 00:00:00+05:30,0.20000000298023224,0.20000000298023224,0.20000000298023224,0.20000000298023224,2000
2016-10-06 00:00:00+05:30,0.20000000298023224,0.20000000298023224,0.20000000298023224,0.20000000298023224,1000
2016-10-07 00:00:00+05:30,0.20000000298023224,0.20999999344348907,0.20000000298023224,0.20000000298023224,5024
2016-10-10 00:00:00+05:30,0.20999999344348907,0.20999999344348907,0.20999999344348907,0.20999999344348907,2000
2016-10-13 00:00:00+05:30,0.20000000298023224,0.2199999988079071,0.20000000298023224,0.20000000298023224,16500
2016-10-14 00:00:00+05:30,0.20000000298023224,0.20000000298023224,0.20000000298023224,0.20000000298023224,10050
2016-10-18 00:00:00+05:30,0.20999999344348907,0.20999999344348907,0.20000000298023224,0.20000000298023224,4000
2016-10-19 00:00:00+05:30,0.20000000298023224,0.20999999344348907,0.20000000298023224,0.20999999344348907,13000
2016-10-20 00:00:00+05:30,0.2199999988079071,0.2199999988079071,0.20999999344348907,0.20999999344348907,16000
2016-10-21 00:00:00+05:30,0.20000000298023224,0.2199999988079071,0.20000000298023224,0.2199999988079071,34716
2016-10-24 00:00:00+05:30,0.2199999988079071,0.23000000417232513,0.2199999988079071,0.23000000417232513,6000
2016-10-25 00:00:00+05:30,0.2199999988079071,0.23999999463558197,0.2199999988079071,0.23999999463558197,27944
2016-10-26 00:00:00+05:30,0.23000000417232513,0.25,0.23000000417232513,0.25,8000
2016-10-27 00:00:00+05:30,0.25,0.25,0.23999999463558197,0.23999999463558197,7068
2016-10-28 00:00:00+05:30,0.25,0.25,0.23000000417232513,0.23000000417232513,12735
2016-11-01 00:00:00+05:30,0.25,0.25,0.25,0.25,620
2016-11-02 00:00:00+05:30,0.25999999046325684,0.25999999046325684,0.23999999463558197,0.25999999046325684,83984
2016-11-03 00:00:00+05:30,0.27000001072883606,0.27000001072883606,0.25999999046325684,0.25999999046325684,45494
2016-11-04 00:00:00+05:30,0.27000001072883606,0.27000001072883606,0.25,0.25,20000
2016-11-07 00:00:00+05:30,0.25999999046325684,0.25999999046325684,0.23999999463558197,0.23999999463558197,19965
2016-11-08 00:00:00+05:30,0.25,0.25,0.25,0.25,5551
2016-11-09 00:00:00+05:30,0.25999999046325684,0.25999999046325684,0.23999999463558197,0.23999999463558197,2730
2016-11-10 00:00:00+05:30,0.23999999463558197,0.23999999463558197,0.23999999463558197,0.23999999463558197,520
2016-11-11 00:00:00+05:30,0.23000000417232513,0.23000000417232513,0.23000000417232513,0.23000000417232513,8500
2016-11-15 00:00:00+05:30,0.23999999463558197,0.23999999463558197,0.23999999463558197,0.23999999463558197,1100
2016-11-16 00:00:00+05:30,0.23999999463558197,0.23999999463558197,0.23999999463558197,0.23999999463558197,950
2016-11-17 00:00:00+05:30,0.23999999463558197,0.23999999463558197,0.23999999463558197,0.23999999463558197,4000
2016-11-18 00:00:00+05:30,0.23000000417232513,0.23000000417232513,0.23000000417232513,0.23000000417232513,8980
2016-11-21 00:00:00+05:30,0.23999999463558197,0.23999999463558197,0.23999999463558197,0.23999999463558197,2014
2016-11-23 00:00:00+05:30,0.23000000417232513,0.23999999463558197,0.23000000417232513,0.23000000417232513,7510
2016-11-24 00:00:00+05:30,0.23999999463558197,0.23999999463558197,0.2199999988079071,0.2199999988079071,6700
2016-11-25 00:00:00+05:30,0.23000000417232513,0.23000000417232513,0.23000000417232513,0.23000000417232513,25000
2016-11-29 00:00:00+05:30,0.23999999463558197,0.23999999463558197,0.23999999463558197,0.23999999463558197,2000
2016-11-30 00:00:00+05:30,0.23000000417232513,0.23000000417232513,0.23000000417232513,0.23000000417232513,6651
2016-12-01 00:00:00+05:30,0.23000000417232513,0.23999999463558197,0.23000000417232513,0.23999999463558197,3194
2016-12-02 00:00:00+05:30,0.23000000417232513,0.25,0.23000000417232513,0.25,8500
2016-12-07 00:00:00+05:30,0.25,0.25,0.25,0.25,23343
2016-12-08 00:00:00+05:30,0.23999999463558197,0.23999999463558197,0.23999999463558197,0.23999999463558197,20542
2016-12-09 00:00:00+05:30,0.23000000417232513,0.23000000417232513,0.23000000417232513,0.23000000417232513,5000
2016-12-12 00:00:00+05:30,0.2199999988079071,0.2199999988079071,0.2199999988079071,0.2199999988079071,15017
2016-12-13 00:00:00+05:30,0.20999999344348907,0.2199999988079071,0.20999999344348907,0.20999999344348907,26870
2016-12-14 00:00:00+05:30,0.20999999344348907,0.20999999344348907,0.20999999344348907,0.20999999344348907,4458
2016-12-16 00:00:00+05:30,0.20000000298023224,0.20999999344348907,0.20000000298023224,0.20999999344348907,4626
2016-12-19 00:00:00+05:30,0.2199999988079071,0.2199999988079071,0.2199999988079071,0.2199999988079071,6000
2016-12-22 00:00:00+05:30,0.20999999344348907,0.20999999344348907,0.20999999344348907,0.20999999344348907,19499
2016-12-23 00:00:00+05:30,0.20000000298023224,0.20999999344348907,0.20000000298023224,0.20999999344348907,21000
2016-12-27 00:00:00+05:30,0.20999999344348907,0.20999999344348907,0.20999999344348907,0.20999999344348907,1000
2016-12-28 00:00:00+05:30,0.2199999988079071,0.2199999988079071,0.20000000298023224,0.20000000298023224,4000
2016-12-29 00:00:00+05:30,0.1899999976158142,0.1899999976158142,0.1899999976158142,0.1899999976158142,500
2016-12-30 00:00:00+05:30,0.18000000715255737,0.18000000715255737,0.18000000715255737,0.18000000715255737,900
2017-01-05 00:00:00+05:30,0.17000000178813934,0.17000000178813934,0.17000000178813934,0.17000000178813934,1600
2017-01-06 00:00:00+05:30,0.1599999964237213,0.1599999964237213,0.1599999964237213,0.1599999964237213,10000
2017-01-10 00:00:00+05:30,0.15000000596046448,0.15000000596046448,0.15000000596046448,0.15000000596046448,815
2017-01-11 00:00:00+05:30,0.15000000596046448,0.15000000596046448,0.15000000596046448,0.15000000596046448,2800
2017-01-12 00:00:00+05:30,0.14000000059604645,0.1599999964237213,0.14000000059604645,0.1599999964237213,10000
2017-01-13 00:00:00+05:30,0.17000000178813934,0.17000000178813934,0.17000000178813934,0.17000000178813934,5100
2017-01-16 00:00:00+05:30,0.17000000178813934,0.17000000178813934,0.1599999964237213,0.1599999964237213,5364
2017-01-17 00:00:00+05:30,0.15000000596046448,0.15000000596046448,0.15000000596046448,0.15000000596046448,2000
2017-01-18 00:00:00+05:30,0.1599999964237213,0.1599999964237213,0.1599999964237213,0.1599999964237213,10200
2017-01-19 00:00:00+05:30,0.15000000596046448,0.1599999964237213,0.15000000596046448,0.1599999964237213,2000
2017-01-23 00:00:00+05:30,0.17000000178813934,0.17000000178813934,0.15000000596046448,0.15000000596046448,5000
2017-01-24 00:00:00+05:30,0.15000000596046448,0.15000000596046448,0.15000000596046448,0.15000000596046448,500
2017-01-25 00:00:00+05:30,0.1599999964237213,0.1599999964237213,0.1599999964237213,0.1599999964237213,50
2017-01-30 00:00:00+05:30,0.15000000596046448,0.15000000596046448,0.15000000596046448,0.15000000596046448,5000
2017-01-31 00:00:00+05:30,0.1599999964237213,0.1599999964237213,0.15000000596046448,0.1599999964237213,21176
2017-02-01 00:00:00+05:30,0.17000000178813934,0.17000000178813934,0.15000000596046448,0.15000000596046448,2524
2017-02-02 00:00:00+05:30,0.1599999964237213,0.1599999964237213,0.1599999964237213,0.1599999964237213,20302
2017-02-03 00:00:00+05:30,0.17000000178813934,0.17000000178813934,0.15000000596046448,0.1599999964237213,4134
2017-02-06 00:00:00+05:30,0.17000000178813934,0.17000000178813934,0.17000000178813934,0.17000000178813934,44604
2017-02-07 00:00:00+05:30,0.1599999964237213,0.1599999964237213,0.1599999964237213,0.1599999964237213,4200
2017-02-08 00:00:00+05:30,0.15000000596046448,0.17000000178813934,0.15000000596046448,0.17000000178813934,2002
2017-02-09 00:00:00+05:30,0.17000000178813934,0.18000000715255737,0.1599999964237213,0.18000000715255737,8201
2017-02-10 00:00:00+05:30,0.18000000715255737,0.1899999976158142,0.18000000715255737,0.1899999976158142,7519
2017-02-13 00:00:00+05:30,0.18000000715255737,0.20000000298023224,0.18000000715255737,0.1899999976158142,54432
2017-03-06 00:00:00+05:30,0.1899999976158142,0.20000000298023224,0.1899999976158142,0.20000000298023224,2002
2017-03-14 00:00:00+05:30,0.1899999976158142,0.1899999976158142,0.1899999976158142,0.1899999976158142,5511
2017-03-20 00:00:00+05:30,0.1899999976158142,0.1899999976158142,0.18000000715255737,0.18000000715255737,893
2017-04-10 00:00:00+05:30,0.17000000178813934,0.17000000178813934,0.17000000178813934,0.17000000178813934,150
2017-06-19 00:00:00+05:30,0.17000000178813934,0.17000000178813934,0.17000000178813934,0.17000000178813934,500
2017-06-27 00:00:00+05:30,0.17000000178813934,0.17000000178813934,0.1599999964237213,0.17000000178813934,9000
2017-07-03 00:00:00+05:30,0.1599999964237213,0.17000000178813934,0.1599999964237213,0.17000000178813934,20150
2017-07-17 00:00:00+05:30,0.17000000178813934,0.17000000178813934,0.17000000178813934,0.17000000178813934,1000
2017-08-07 00:00:00+05:30,0.17000000178813934,0.17000000178813934,0.17000000178813934,0.17000000178813934,500
2022-12-23 00:00:00+05:30,1.7999999523162842,1.7999999523162842,1.7100000381469727,1.7100000381469727,239969
2022-12-26 00:00:00+05:30,1.7799999713897705,1.7799999713897705,1.6299999952316284,1.6299999952316284,326680
2022-12-27 00:00:00+05:30,1.600000023841858,1.600000023841858,1.5499999523162842,1.5499999523162842,11834
2022-12-28 00:00:00+05:30,1.4800000190734863,1.4800000190734863,1.4800000190734863,1.4800000190734863,27865
2022-12-29 00:00:00+05:30,1.409999966621399,1.409999966621399,1.409999966621399,1.409999966621399,2685
2022-12-30 00:00:00+05:30,1.340000033378601,1.340000033378601,1.340000033378601,1.340000033378601,24200
2023-01-02 00:00:00+05:30,1.2799999713897705,1.2799999713897705,1.2799999713897705,1.2799999713897705,16261
2023-01-03 00:00:00+05:30,1.2200000286102295,1.2200000286102295,1.2200000286102295,1.2200000286102295,38274
2023-01-04 00:00:00+05:30,1.159999966621399,1.159999966621399,1.159999966621399,1.159999966621399,40671
2023-01-05 00:00:00+05:30,1.1100000143051147,1.1100000143051147,1.1100000143051147,1.1100000143051147,15481
2023-01-06 00:00:00+05:30,1.059999942779541,1.059999942779541,1.059999942779541,1.059999942779541,26711
2023-01-09 00:00:00+05:30,1.0099999904632568,1.0099999904632568,1.0099999904632568,1.0099999904632568,71273
2023-01-10 00:00:00+05:30,0.9599999785423279,1.059999942779541,0.9599999785423279,1.059999942779541,1228326
2023-01-11 00:00:00+05:30,1.090000033378601,1.1100000143051147,1.090000033378601,1.1100000143051147,579281
2023-01-12 00:00:00+05:30,1.159999966621399,1.159999966621399,1.1100000143051147,1.159999966621399,787868
2023-01-13 00:00:00+05:30,1.2000000476837158,1.2000000476837158,1.1100000143051147,1.1100000143051147,246737
2023-01-16 00:00:00+05:30,1.059999942779541,1.059999942779541,1.059999942779541,1.059999942779541,255133
2023-01-17 00:00:00+05:30,1.0099999904632568,1.100000023841858,1.0099999904632568,1.0399999618530273,317662
2023-01-18 00:00:00+05:30,1.059999942779541,1.090000033378601,1.0,1.090000033378601,356271
2023-01-19 00:00:00+05:30,1.1200000047683716,1.1299999952316284,1.059999942779541,1.100000023841858,121257
2023-01-20 00:00:00+05:30,1.059999942779541,1.1399999856948853,1.0499999523162842,1.059999942779541,121010
2023-01-23 00:00:00+05:30,1.059999942779541,1.100000023841858,1.0099999904632568,1.0299999713897705,94159
2023-01-24 00:00:00+05:30,1.0499999523162842,1.0499999523162842,0.9900000095367432,1.0299999713897705,122938
2023-01-25 00:00:00+05:30,1.059999942779541,1.059999942779541,0.9800000190734863,1.0,136523
2023-01-27 00:00:00+05:30,1.0,1.0399999618530273,0.949999988079071,0.949999988079071,82059
2023-01-30 00:00:00+05:30,0.9100000262260437,0.9599999785423279,0.9100000262260437,0.9100000262260437,262370
2023-01-31 00:00:00+05:30,0.8700000047683716,0.949999988079071,0.8700000047683716,0.949999988079071,275611
2023-02-01 00:00:00+05:30,0.9900000095367432,0.9900000095367432,0.9599999785423279,0.9800000190734863,72914
2023-02-02 00:00:00+05:30,1.0199999809265137,1.0199999809265137,0.9599999785423279,0.9900000095367432,43490
2023-02-03 00:00:00+05:30,1.0,1.0,0.949999988079071,0.9599999785423279,89185
2023-02-06 00:00:00+05:30,0.949999988079071,1.0,0.9200000166893005,0.9399999976158142,123954
2023-02-07 00:00:00+05:30,0.949999988079071,0.9800000190734863,0.949999988079071,0.949999988079071,59557
2023-02-08 00:00:00+05:30,0.9900000095367432,0.9900000095367432,0.9100000262260437,0.949999988079071,100521
2023-02-09 00:00:00+05:30,0.9800000190734863,0.9800000190734863,0.9300000071525574,0.9700000286102295,91611
2023-02-10 00:00:00+05:30,0.9800000190734863,1.0,0.949999988079071,0.9800000190734863,39398
2023-02-13 00:00:00+05:30,1.0199999809265137,1.0199999809265137,0.9399999976158142,0.949999988079071,149849
2023-02-14 00:00:00+05:30,0.949999988079071,0.9800000190734863,0.9100000262260437,0.9399999976158142,104926
2023-02-15 00:00:00+05:30,0.949999988079071,0.949999988079071,0.8999999761581421,0.8999999761581421,24318
2023-02-16 00:00:00+05:30,0.8899999856948853,0.8999999761581421,0.8600000143051147,0.8600000143051147,124574
2023-02-17 00:00:00+05:30,0.8600000143051147,0.8799999952316284,0.8199999928474426,0.8700000047683716,72244
2023-02-20 00:00:00+05:30,0.8600000143051147,0.8700000047683716,0.8299999833106995,0.8500000238418579,50803
2023-02-21 00:00:00+05:30,0.8799999952316284,0.8799999952316284,0.8299999833106995,0.8500000238418579,25403
2023-02-22 00:00:00+05:30,0.8700000047683716,0.8700000047683716,0.8199999928474426,0.8600000143051147,39214
2023-02-23 00:00:00+05:30,0.8799999952316284,0.8799999952316284,0.8399999737739563,0.8600000143051147,30166
2023-02-24 00:00:00+05:30,0.8600000143051147,0.8999999761581421,0.8600000143051147,0.8899999856948853,49964
2023-02-27 00:00:00+05:30,0.8999999761581421,0.8999999761581421,0.8600000143051147,0.8600000143051147,30160
2023-02-28 00:00:00+05:30,0.8899999856948853,0.8899999856948853,0.8399999737739563,0.8500000238418579,21789
2023-03-01 00:00:00+05:30,0.8500000238418579,0.8799999952316284,0.8299999833106995,0.8799999952316284,24274
2023-03-02 00:00:00+05:30,0.8999999761581421,0.8999999761581421,0.8500000238418579,0.8799999952316284,89289
2023-03-03 00:00:00+05:30,0.9100000262260437,0.9200000166893005,0.8600000143051147,0.8999999761581421,89229
2023-03-06 00:00:00+05:30,0.8999999761581421,0.9200000166893005,0.8600000143051147,0.8899999856948853,116710
2023-03-08 00:00:00+05:30,0.8500000238418579,0.9300000071525574,0.8500000238418579,0.8700000047683716,119947
2023-03-09 00:00:00+05:30,0.8999999761581421,0.9100000262260437,0.8999999761581421,0.9100000262260437,11
2023-03-10 00:00:00+05:30,0.9100000262260437,0.9399999976158142,0.8700000047683716,0.9399999976158142,19636
2023-03-13 00:00:00+05:30,0.949999988079071,0.949999988079071,0.8999999761581421,0.8999999761581421,21197
2023-03-14 00:00:00+05:30,0.8999999761581421,0.8999999761581421,0.8600000143051147,0.8600000143051147,77523
2023-03-15 00:00:00+05:30,0.8500000238418579,0.8899999856948853,0.8199999928474426,0.8700000047683716,32164
2023-03-16 00:00:00+05:30,0.8999999761581421,0.8999999761581421,0.8399999737739563,0.8700000047683716,42223
2023-03-17 00:00:00+05:30,0.8899999856948853,0.8999999761581421,0.8399999737739563,0.8399999737739563,23741
2023-03-20 00:00:00+05:30,0.8799999952316284,0.8799999952316284,0.8100000023841858,0.8199999928474426,68926
2023-03-21 00:00:00+05:30,0.8100000023841858,0.8600000143051147,0.8100000023841858,0.8299999833106995,102868
2023-03-22 00:00:00+05:30,0.8199999928474426,0.8700000047683716,0.8199999928474426,0.8700000047683716,3653
2023-03-23 00:00:00+05:30,0.8999999761581421,0.9100000262260437,0.8700000047683716,0.9100000262260437,32322
2023-03-24 00:00:00+05:30,0.8999999761581421,0.949999988079071,0.8700000047683716,0.9100000262260437,54865
2023-03-27 00:00:00+05:30,0.949999988079071,0.949999988079071,0.8700000047683716,0.8999999761581421,35212
2023-03-28 00:00:00+05:30,0.8600000143051147,0.9399999976158142,0.8600000143051147,0.8600000143051147,14352
2023-03-29 00:00:00+05:30,0.8999999761581421,0.8999999761581421,0.8299999833106995,0.8999999761581421,44028
2023-03-31 00:00:00+05:30,0.8999999761581421,0.8999999761581421,0.8600000143051147,0.8600000143051147,10406
2023-04-03 00:00:00+05:30,0.8600000143051147,0.8899999856948853,0.8299999833106995,0.8700000047683716,19514
2023-04-05 00:00:00+05:30,0.8500000238418579,0.8999999761581421,0.8500000238418579,0.8899999856948853,39772
2023-04-06 00:00:00+05:30,0.9300000071525574,0.9300000071525574,0.8600000143051147,0.8799999952316284,60117
2023-04-10 00:00:00+05:30,0.8999999761581421,0.9200000166893005,0.8999999761581421,0.9200000166893005,53108
2023-04-11 00:00:00+05:30,0.9300000071525574,0.9599999785423279,0.9200000166893005,0.9300000071525574,22283
2023-04-12 00:00:00+05:30,0.949999988079071,0.949999988079071,0.8999999761581421,0.9200000166893005,29934
2023-04-13 00:00:00+05:30,0.9200000166893005,0.949999988079071,0.9100000262260437,0.9300000071525574,121707
2023-04-17 00:00:00+05:30,0.949999988079071,0.9700000286102295,0.8999999761581421,0.8999999761581421,150883
2023-04-18 00:00:00+05:30,0.8999999761581421,0.9300000071525574,0.8799999952316284,0.8999999761581421,44128
2023-04-19 00:00:00+05:30,0.9200000166893005,0.9399999976158142,0.9100000262260437,0.9200000166893005,87276
2023-04-20 00:00:00+05:30,0.949999988079071,0.949999988079071,0.8999999761581421,0.9100000262260437,74764
2023-04-21 00:00:00+05:30,0.9100000262260437,0.9200000166893005,0.8999999761581421,0.9200000166893005,76425
2023-04-24 00:00:00+05:30,0.8999999761581421,0.9399999976158142,0.8999999761581421,0.9200000166893005,93554
2023-04-25 00:00:00+05:30,0.8999999761581421,0.9300000071525574,0.8799999952316284,0.8799999952316284,96743
2023-04-26 00:00:00+05:30,0.8799999952316284,0.8999999761581421,0.8600000143051147,0.8999999761581421,55156
2023-04-27 00:00:00+05:30,0.9300000071525574,0.9300000071525574,0.8799999952316284,0.9200000166893005,62625
2023-04-28 00:00:00+05:30,0.949999988079071,0.949999988079071,0.8999999761581421,0.8999999761581421,44743
2023-05-02 00:00:00+05:30,0.9300000071525574,0.9300000071525574,0.8600000143051147,0.8999999761581421,51983
2023-05-03 00:00:00+05:30,0.9399999976158142,0.9399999976158142,0.8600000143051147,0.8700000047683716,253260
2023-05-04 00:00:00+05:30,0.9100000262260437,0.9100000262260437,0.8700000047683716,0.9100000262260437,40831
2023-05-05 00:00:00+05:30,0.9399999976158142,0.9399999976158142,0.8700000047683716,0.8700000047683716,81403
2023-05-08 00:00:00+05:30,0.8999999761581421,0.8999999761581421,0.8500000238418579,0.8700000047683716,24900
2023-05-09 00:00:00+05:30,0.8999999761581421,0.8999999761581421,0.8700000047683716,0.8799999952316284,6047
2023-05-10 00:00:00+05:30,0.8500000238418579,0.8899999856948853,0.8399999737739563,0.8600000143051147,72105
2023-05-11 00:00:00+05:30,0.8799999952316284,0.8799999952316284,0.8199999928474426,0.8700000047683716,161566
2023-05-12 00:00:00+05:30,0.8700000047683716,0.8799999952316284,0.8399999737739563,0.8500000238418579,15719
2023-05-15 00:00:00+05:30,0.8500000238418579,0.8799999952316284,0.8299999833106995,0.8399999737739563,85679
2023-05-16 00:00:00+05:30,0.8399999737739563,0.8799999952316284,0.8299999833106995,0.8600000143051147,12177
2023-05-17 00:00:00+05:30,0.8600000143051147,0.8799999952316284,0.8500000238418579,0.8600000143051147,67427
2023-05-19 00:00:00+05:30,0.8700000047683716,0.8799999952316284,0.8500000238418579,0.8799999952316284,49607
2023-05-22 00:00:00+05:30,0.8799999952316284,0.8799999952316284,0.8399999737739563,0.8799999952316284,18902
2023-05-23 00:00:00+05:30,0.8799999952316284,0.8799999952316284,0.8399999737739563,0.8500000238418579,36583
2023-05-24 00:00:00+05:30,0.8700000047683716,0.8700000047683716,0.8399999737739563,0.8600000143051147,19091
2023-05-25 00:00:00+05:30,0.8500000238418579,0.8799999952316284,0.8500000238418579,0.8700000047683716,18443
2023-05-26 00:00:00+05:30,0.8700000047683716,0.8700000047683716,0.8299999833106995,0.8600000143051147,19297
2023-05-30 00:00:00+05:30,0.8500000238418579,0.8899999856948853,0.8399999737739563,0.8600000143051147,13084
2023-05-31 00:00:00+05:30,0.8600000143051147,0.8700000047683716,0.8500000238418579,0.8500000238418579,79797
2023-06-01 00:00:00+05:30,0.8500000238418579,0.8899999856948853,0.8500000238418579,0.8799999952316284,98500
2023-06-02 00:00:00+05:30,0.8500000238418579,0.8899999856948853,0.8500000238418579,0.8700000047683716,168368
2023-06-05 00:00:00+05:30,0.8500000238418579,0.8799999952316284,0.8500000238418579,0.8799999952316284,69136
2023-06-06 00:00:00+05:30,0.8799999952316284,0.8799999952316284,0.8600000143051147,0.8700000047683716,16373
2023-06-07 00:00:00+05:30,0.8799999952316284,0.8799999952316284,0.8399999737739563,0.8700000047683716,259501
2023-06-08 00:00:00+05:30,0.8700000047683716,0.8700000047683716,0.8500000238418579,0.8700000047683716,65970
2023-06-09 00:00:00+05:30,0.8299999833106995,0.8700000047683716,0.8299999833106995,0.8500000238418579,71815
2023-06-12 00:00:00+05:30,0.8799999952316284,0.8799999952316284,0.8500000238418579,0.8500000238418579,9175
2023-06-13 00:00:00+05:30,0.8399999737739563,0.8799999952316284,0.8399999737739563,0.8600000143051147,69868
2023-06-14 00:00:00+05:30,0.8600000143051147,0.8700000047683716,0.8399999737739563,0.8600000143051147,25265
2023-06-15 00:00:00+05:30,0.8799999952316284,0.8799999952316284,0.8500000238418579,0.8500000238418579,218836
2023-06-16 00:00:00+05:30,0.8399999737739563,0.8799999952316284,0.8399999737739563,0.8600000143051147,48015
2023-06-19 00:00:00+05:30,0.8600000143051147,0.8899999856948853,0.8299999833106995,0.8500000238418579,61600
2023-06-20 00:00:00+05:30,0.8799999952316284,0.8799999952316284,0.8399999737739563,0.8399999737739563,72994
2023-06-21 00:00:00+05:30,0.8500000238418579,0.8700000047683716,0.8299999833106995,0.8299999833106995,75473
2023-06-22 00:00:00+05:30,0.8100000023841858,0.8500000238418579,0.800000011920929,0.8299999833106995,79351
2023-06-23 00:00:00+05:30,0.8600000143051147,0.8600000143051147,0.8199999928474426,0.8299999833106995,173747
2023-06-26 00:00:00+05:30,0.8299999833106995,0.8299999833106995,0.8199999928474426,0.8299999833106995,23414
2023-06-27 00:00:00+05:30,0.8199999928474426,0.8399999737739563,0.8199999928474426,0.8299999833106995,35236
2023-06-28 00:00:00+05:30,0.8299999833106995,0.8500000238418579,0.8199999928474426,0.8399999737739563,116367
2023-06-30 00:00:00+05:30,0.8399999737739563,0.8600000143051147,0.8199999928474426,0.8299999833106995,57281
2023-07-07 00:00:00+05:30,0.8199999928474426,0.8500000238418579,0.8100000023841858,0.8100000023841858,190469
2023-07-10 00:00:00+05:30,0.8100000023841858,0.8500000238418579,0.8100000023841858,0.8399999737739563,141037
2023-07-14 00:00:00+05:30,0.8100000023841858,0.8500000238418579,0.800000011920929,0.8199999928474426,134627
2023-07-17 00:00:00+05:30,0.8500000238418579,0.8500000238418579,0.8100000023841858,0.8199999928474426,31772
2023-07-19 00:00:00+05:30,0.8500000238418579,0.8500000238418579,0.7799999713897705,0.7799999713897705,137072
2023-07-20 00:00:00+05:30,0.7699999809265137,0.8100000023841858,0.7699999809265137,0.8100000023841858,73314
2023-07-21 00:00:00+05:30,0.8399999737739563,0.8399999737739563,0.800000011920929,0.8199999928474426,32586
2023-07-24 00:00:00+05:30,0.8399999737739563,0.8399999737739563,0.800000011920929,0.800000011920929,34539
2023-07-26 00:00:00+05:30,0.8299999833106995,0.8299999833106995,0.800000011920929,0.800000011920929,77228
2023-07-28 00:00:00+05:30,0.8299999833106995,0.8299999833106995,0.800000011920929,0.8100000023841858,33486
2023-08-03 00:00:00+05:30,0.8299999833106995,0.8799999952316284,0.800000011920929,0.8100000023841858,159052
2023-08-04 00:00:00+05:30,0.8500000238418579,0.8500000238418579,0.8100000023841858,0.8500000238418579,153334
2023-08-07 00:00:00+05:30,0.8600000143051147,0.8899999856948853,0.8100000023841858,0.8100000023841858,144850
2023-08-08 00:00:00+05:30,0.8299999833106995,0.8299999833106995,0.8100000023841858,0.8299999833106995,36003
2023-08-09 00:00:00+05:30,0.8199999928474426,0.8700000047683716,0.8100000023841858,0.8700000047683716,88506
2023-08-10 00:00:00+05:30,0.8500000238418579,0.8700000047683716,0.8299999833106995,0.8600000143051147,71784
2023-08-11 00:00:00+05:30,0.8399999737739563,0.8799999952316284,0.8299999833106995,0.8500000238418579,121343
2023-08-14 00:00:00+05:30,0.8500000238418579,0.8899999856948853,0.8399999737739563,0.8700000047683716,174876
2023-08-16 00:00:00+05:30,0.8700000047683716,0.9100000262260437,0.8700000047683716,0.9100000262260437,28736
2023-08-17 00:00:00+05:30,0.949999988079071,0.949999988079071,0.949999988079071,0.949999988079071,29373
2023-08-18 00:00:00+05:30,0.9900000095367432,0.9900000095367432,0.9900000095367432,0.9900000095367432,19118
2023-08-21 00:00:00+05:30,1.0,1.0,1.0,1.0,8369
2023-08-22 00:00:00+05:30,1.0199999809265137,1.0199999809265137,1.0199999809265137,1.0199999809265137,19230
2023-08-23 00:00:00+05:30,1.0399999618530273,1.0399999618530273,1.0399999618530273,1.0399999618530273,35548
2023-08-24 00:00:00+05:30,1.059999942779541,1.059999942779541,1.059999942779541,1.059999942779541,3692
2023-08-25 00:00:00+05:30,1.0800000429153442,1.0800000429153442,1.0800000429153442,1.0800000429153442,48773
2023-08-28 00:00:00+05:30,1.100000023841858,1.100000023841858,1.100000023841858,1.100000023841858,115196
2023-08-29 00:00:00+05:30,1.1200000047683716,1.1200000047683716,1.1200000047683716,1.1200000047683716,66516
2023-08-30 00:00:00+05:30,1.1399999856948853,1.1399999856948853,1.1399999856948853,1.1399999856948853,38853
2023-08-31 00:00:00+05:30,1.159999966621399,1.159999966621399,1.159999966621399,1.159999966621399,31684
2023-09-01 00:00:00+05:30,1.1799999475479126,1.1799999475479126,1.1799999475479126,1.1799999475479126,5325
2023-09-04 00:00:00+05:30,1.2000000476837158,1.2000000476837158,1.2000000476837158,1.2000000476837158,11988
2023-09-05 00:00:00+05:30,1.2200000286102295,1.2200000286102295,1.2200000286102295,1.2200000286102295,14220
2023-09-06 00:00:00+05:30,1.2400000095367432,1.2400000095367432,1.2400000095367432,1.2400000095367432,165
2023-09-07 00:00:00+05:30,1.2599999904632568,1.2599999904632568,1.2599999904632568,1.2599999904632568,7011
2023-09-08 00:00:00+05:30,1.2799999713897705,1.2799999713897705,1.2799999713897705,1.2799999713897705,15175
2023-09-11 00:00:00+05:30,1.2999999523162842,1.2999999523162842,1.2999999523162842,1.2999999523162842,69068
2023-09-12 00:00:00+05:30,1.3200000524520874,1.3200000524520874,1.3200000524520874,1.3200000524520874,4749
2023-09-13 00:00:00+05:30,1.340000033378601,1.340000033378601,1.340000033378601,1.340000033378601,53531
2023-09-14 00:00:00+05:30,1.3600000143051147,1.3600000143051147,1.3600000143051147,1.3600000143051147,101780
2023-09-15 00:00:00+05:30,1.3799999952316284,1.3799999952316284,1.3799999952316284,1.3799999952316284,41921
2023-09-18 00:00:00+05:30,1.399999976158142,1.399999976158142,1.399999976158142,1.399999976158142,7279
2023-09-20 00:00:00+05:30,1.4199999570846558,1.4199999570846558,1.4199999570846558,1.4199999570846558,16894
2023-09-21 00:00:00+05:30,1.440000057220459,1.440000057220459,1.440000057220459,1.440000057220459,1840
2023-09-22 00:00:00+05:30,1.4600000381469727,1.4600000381469727,1.4600000381469727,1.4600000381469727,47058
2023-09-25 00:00:00+05:30,1.4800000190734863,1.4800000190734863,1.4800000190734863,1.4800000190734863,7394
2023-09-26 00:00:00+05:30,1.5,1.5,1.5,1.5,5025
2023-09-27 00:00:00+05:30,1.5299999713897705,1.5299999713897705,1.5299999713897705,1.5299999713897705,19057
2023-09-28 00:00:00+05:30,1.559999942779541,1.559999942779541,1.559999942779541,1.559999942779541,58679
2023-09-29 00:00:00+05:30,1.590000033378601,1.590000033378601,1.590000033378601,1.590000033378601,7062
2023-10-03 00:00:00+05:30,1.6200000047683716,1.6200000047683716,1.6200000047683716,1.6200000047683716,30597
2023-10-04 00:00:00+05:30,1.649999976158142,1.649999976158142,1.649999976158142,1.649999976158142,6945
2023-10-05 00:00:00+05:30,1.6799999475479126,1.6799999475479126,1.6799999475479126,1.6799999475479126,35066
2023-10-06 00:00:00+05:30,1.7100000381469727,1.7100000381469727,1.7100000381469727,1.7100000381469727,20531
2023-10-09 00:00:00+05:30,1.7400000095367432,1.7400000095367432,1.7400000095367432,1.7400000095367432,3980
2023-10-10 00:00:00+05:30,1.7699999809265137,1.7699999809265137,1.7699999809265137,1.7699999809265137,16735
2023-10-11 00:00:00+05:30,1.7999999523162842,1.7999999523162842,1.7999999523162842,1.7999999523162842,10146
2023-10-12 00:00:00+05:30,1.8300000429153442,1.8300000429153442,1.8300000429153442,1.8300000429153442,7759
2023-10-13 00:00:00+05:30,1.8600000143051147,1.8600000143051147,1.8600000143051147,1.8600000143051147,13393
2023-10-16 00:00:00+05:30,1.8899999856948853,1.8899999856948853,1.8899999856948853,1.8899999856948853,9543
2023-10-17 00:00:00+05:30,1.9199999570846558,1.9199999570846558,1.9199999570846558,1.9199999570846558,9151
2023-10-18 00:00:00+05:30,1.9500000476837158,1.9500000476837158,1.9500000476837158,1.9500000476837158,2682
2023-10-19 00:00:00+05:30,1.9800000190734863,1.9800000190734863,1.9800000190734863,1.9800000190734863,5238
2023-10-20 00:00:00+05:30,2.009999990463257,2.009999990463257,2.009999990463257,2.009999990463257,16600
2023-10-23 00:00:00+05:30,2.049999952316284,2.049999952316284,2.049999952316284,2.049999952316284,8122
2023-10-25 00:00:00+05:30,2.0899999141693115,2.0899999141693115,2.0899999141693115,2.0899999141693115,112900
2023-10-26 00:00:00+05:30,2.130000114440918,2.130000114440918,2.130000114440918,2.130000114440918,114968
2023-10-27 00:00:00+05:30,2.1700000762939453,2.1700000762939453,2.1700000762939453,2.1700000762939453,56589
2023-10-30 00:00:00+05:30,2.2100000381469727,2.2100000381469727,2.2100000381469727,2.2100000381469727,133334
2023-10-31 00:00:00+05:30,2.25,2.25,2.25,2.25,158316
2023-11-01 00:00:00+05:30,2.25,2.25,2.2100000381469727,2.2100000381469727,245126
2023-11-02 00:00:00+05:30,2.1700000762939453,2.1700000762939453,2.1700000762939453,2.1700000762939453,96101
2023-11-03 00:00:00+05:30,2.130000114440918,2.130000114440918,2.130000114440918,2.130000114440918,96709
2023-11-06 00:00:00+05:30,2.0899999141693115,2.1700000762939453,2.0899999141693115,2.1700000762939453,682945
2023-11-07 00:00:00+05:30,2.2100000381469727,2.2100000381469727,2.200000047683716,2.2100000381469727,207785
2023-11-08 00:00:00+05:30,2.1700000762939453,2.1700000762939453,2.1700000762939453,2.1700000762939453,203580
2023-11-09 00:00:00+05:30,2.130000114440918,2.130000114440918,2.130000114440918,2.130000114440918,69269
2023-11-10 00:00:00+05:30,2.0899999141693115,2.0899999141693115,2.0899999141693115,2.0899999141693115,102547
2023-11-13 00:00:00+05:30,2.009999990463257,2.009999990463257,2.009999990463257,2.009999990463257,66689
2023-11-15 00:00:00+05:30,1.9700000286102295,1.9700000286102295,1.9700000286102295,1.9700000286102295,166556
2023-11-16 00:00:00+05:30,1.940000057220459,1.940000057220459,1.940000057220459,1.940000057220459,97193
2023-11-17 00:00:00+05:30,1.909999966621399,1.909999966621399,1.909999966621399,1.909999966621399,89718
2023-11-20 00:00:00+05:30,1.9500000476837158,2.0,1.850000023841858,2.0,822238
2023-11-21 00:00:00+05:30,2.0799999237060547,2.0999999046325684,2.0799999237060547,2.0999999046325684,277676
2023-11-22 00:00:00+05:30,2.200000047683716,2.200000047683716,2.200000047683716,2.200000047683716,43944
2023-11-23 00:00:00+05:30,2.309999942779541,2.309999942779541,2.309999942779541,2.309999942779541,135249
2023-11-24 00:00:00+05:30,2.4200000762939453,2.4200000762939453,2.4200000762939453,2.4200000762939453,88174
2023-11-28 00:00:00+05:30,2.5399999618530273,2.5399999618530273,2.4700000286102295,2.5399999618530273,1699511
2023-11-29 00:00:00+05:30,2.6600000858306885,2.6600000858306885,2.5999999046325684,2.6600000858306885,644447
2023-11-30 00:00:00+05:30,2.609999895095825,2.609999895095825,2.609999895095825,2.609999895095825,313707
2023-12-01 00:00:00+05:30,2.559999942779541,2.559999942779541,2.559999942779541,2.559999942779541,101944
2023-12-04 00:00:00+05:30,2.509999990463257,2.509999990463257,2.509999990463257,2.509999990463257,197629
2023-12-05 00:00:00+05:30,2.4600000381469727,2.4600000381469727,2.4600000381469727,2.4600000381469727,155196
2023-12-06 00:00:00+05:30,2.4200000762939453,2.4200000762939453,2.4200000762939453,2.4200000762939453,180173
2023-12-07 00:00:00+05:30,2.380000114440918,2.380000114440918,2.380000114440918,2.380000114440918,212515
2023-12-08 00:00:00+05:30,2.4000000953674316,2.4200000762939453,2.4000000953674316,2.4000000953674316,253717
2023-12-11 00:00:00+05:30,2.4100000858306885,2.440000057220459,2.4100000858306885,2.440000057220459,145879
2023-12-12 00:00:00+05:30,2.4800000190734863,2.4800000190734863,2.4800000190734863,2.4800000190734863,91037
2023-12-13 00:00:00+05:30,2.4800000190734863,2.4800000190734863,2.450000047683716,2.450000047683716,238684
2023-12-14 00:00:00+05:30,2.490000009536743,2.490000009536743,2.450000047683716,2.450000047683716,135052
2023-12-15 00:00:00+05:30,2.4100000858306885,2.4100000858306885,2.4100000858306885,2.4100000858306885,159874
2023-12-18 00:00:00+05:30,2.4000000953674316,2.4100000858306885,2.4000000953674316,2.4100000858306885,75107
2023-12-19 00:00:00+05:30,2.4100000858306885,2.430000066757202,2.4000000953674316,2.430000066757202,67344
2023-12-20 00:00:00+05:30,2.430000066757202,2.430000066757202,2.390000104904175,2.390000104904175,100053
2023-12-21 00:00:00+05:30,2.3499999046325684,2.3499999046325684,2.3499999046325684,2.3499999046325684,113475
2023-12-22 00:00:00+05:30,2.309999942779541,2.309999942779541,2.309999942779541,2.309999942779541,64264
2023-12-26 00:00:00+05:30,2.2699999809265137,2.2699999809265137,2.2699999809265137,2.2699999809265137,86710
2023-12-27 00:00:00+05:30,2.2699999809265137,2.2699999809265137,2.25,2.25,207445
2023-12-28 00:00:00+05:30,2.25,2.25,2.2200000286102295,2.2200000286102295,92000
2023-12-29 00:00:00+05:30,2.180000066757202,2.200000047683716,2.180000066757202,2.180000066757202,117912
2024-01-01 00:00:00+05:30,2.200000047683716,2.200000047683716,2.1600000858306885,2.1600000858306885,66150
2024-01-02 00:00:00+05:30,2.1500000953674316,2.1500000953674316,2.140000104904175,2.140000104904175,130768
2024-01-03 00:00:00+05:30,2.180000066757202,2.180000066757202,2.1700000762939453,2.180000066757202,135291
2024-01-04 00:00:00+05:30,2.2200000286102295,2.2200000286102295,2.2200000286102295,2.2200000286102295,201027
2024-01-05 00:00:00+05:30,2.259999990463257,2.259999990463257,2.240000009536743,2.240000009536743,280832
2024-01-08 00:00:00+05:30,2.3499999046325684,2.3499999046325684,2.3499999046325684,2.3499999046325684,20116
2024-01-09 00:00:00+05:30,2.4600000381469727,2.4600000381469727,2.4600000381469727,2.4600000381469727,123848
2024-01-10 00:00:00+05:30,2.5799999237060547,2.5799999237060547,2.5799999237060547,2.5799999237060547,161736
2024-01-11 00:00:00+05:30,2.700000047683716,2.700000047683716,2.700000047683716,2.700000047683716,213969
2024-01-12 00:00:00+05:30,2.8299999237060547,2.8299999237060547,2.819999933242798,2.8299999237060547,1091358
2024-01-15 00:00:00+05:30,2.9700000286102295,2.9700000286102295,2.9700000286102295,2.9700000286102295,458742
2024-01-16 00:00:00+05:30,3.0199999809265137,3.109999895095825,2.950000047683716,3.0899999141693115,1484494
2024-01-17 00:00:00+05:30,3.0299999713897705,3.0299999713897705,3.0299999713897705,3.0299999713897705,167706
2024-01-19 00:00:00+05:30,2.9200000762939453,2.9200000762939453,2.9200000762939453,2.9200000762939453,58477
2024-01-23 00:00:00+05:30,2.819999933242798,2.819999933242798,2.819999933242798,2.819999933242798,64679
2024-01-24 00:00:00+05:30,2.7699999809265137,2.7699999809265137,2.7699999809265137,2.7699999809265137,80986
2024-01-25 00:00:00+05:30,2.7200000286102295,2.7200000286102295,2.7200000286102295,2.7200000286102295,95695
2024-01-29 00:00:00+05:30,2.7200000286102295,2.7699999809265137,2.7200000286102295,2.7699999809265137,191142
2024-01-30 00:00:00+05:30,2.819999933242798,2.819999933242798,2.819999933242798,2.819999933242798,118625
2024-01-31 00:00:00+05:30,2.869999885559082,2.869999885559082,2.869999885559082,2.869999885559082,256966
2024-02-01 00:00:00+05:30,2.9200000762939453,2.9200000762939453,2.9100000858306885,2.9100000858306885,202407
2024-02-02 00:00:00+05:30,2.9000000953674316,2.9100000858306885,2.9000000953674316,2.9100000858306885,206770
2024-02-05 00:00:00+05:30,2.9100000858306885,2.9100000858306885,2.9000000953674316,2.9000000953674316,174126
2024-02-06 00:00:00+05:30,2.9000000953674316,2.9000000953674316,2.8499999046325684,2.8499999046325684,96468
2024-02-07 00:00:00+05:30,2.8499999046325684,2.8499999046325684,2.799999952316284,2.799999952316284,95398
2024-02-08 00:00:00+05:30,2.799999952316284,2.799999952316284,2.75,2.75,95386
2024-02-09 00:00:00+05:30,2.75,2.75,2.700000047683716,2.700000047683716,85966
2024-02-12 00:00:00+05:30,2.700000047683716,2.700000047683716,2.6500000953674316,2.6500000953674316,45240
2024-02-13 00:00:00+05:30,2.640000104904175,2.640000104904175,2.5999999046325684,2.5999999046325684,57093
2024-02-14 00:00:00+05:30,2.549999952316284,2.549999952316284,2.549999952316284,2.549999952316284,65003
2024-02-15 00:00:00+05:30,2.5,2.5,2.5,2.5,96295
2024-02-16 00:00:00+05:30,2.5,2.5,2.450000047683716,2.450000047683716,82509
2024-02-19 00:00:00+05:30,2.450000047683716,2.490000009536743,2.450000047683716,2.490000009536743,82944
2024-02-20 00:00:00+05:30,2.5299999713897705,2.5299999713897705,2.5299999713897705,2.5299999713897705,34793
2024-02-21 00:00:00+05:30,2.5799999237060547,2.5799999237060547,2.5799999237060547,2.5799999237060547,145269
2024-02-22 00:00:00+05:30,2.630000114440918,2.630000114440918,2.630000114440918,2.630000114440918,197015
2024-02-23 00:00:00+05:30,2.680000066757202,2.680000066757202,2.680000066757202,2.680000066757202,32610
2024-02-26 00:00:00+05:30,2.809999942779541,2.809999942779541,2.809999942779541,2.809999942779541,51971
2024-02-27 00:00:00+05:30,2.950000047683716,2.950000047683716,2.950000047683716,2.950000047683716,149450
2024-02-28 00:00:00+05:30,3.0899999141693115,3.0899999141693115,3.0899999141693115,3.0899999141693115,376342
2024-02-29 00:00:00+05:30,3.200000047683716,3.240000009536743,3.0999999046325684,3.240000009536743,590647
2024-03-01 00:00:00+05:30,3.4000000953674316,3.4000000953674316,3.3499999046325684,3.4000000953674316,669444
2024-03-04 00:00:00+05:30,3.740000009536743,3.740000009536743,3.700000047683716,3.740000009536743,459626
2024-03-05 00:00:00+05:30,3.6700000762939453,3.6700000762939453,3.6700000762939453,3.6700000762939453,297563
2024-03-06 00:00:00+05:30,3.5999999046325684,3.5999999046325684,3.5999999046325684,3.5999999046325684,107141
2024-03-07 00:00:00+05:30,3.5299999713897705,3.5299999713897705,3.5299999713897705,3.5299999713897705,42683
2024-03-11 00:00:00+05:30,3.4600000381469727,3.4600000381469727,3.4600000381469727,3.4600000381469727,55310
2024-03-12 00:00:00+05:30,3.4000000953674316,3.4000000953674316,3.4000000953674316,3.4000000953674316,14957
2024-03-13 00:00:00+05:30,3.3399999141693115,3.3399999141693115,3.3399999141693115,3.3399999141693115,87286
2024-03-14 00:00:00+05:30,3.2799999713897705,3.2799999713897705,3.2799999713897705,3.2799999713897705,62980
2024-03-15 00:00:00+05:30,3.2200000286102295,3.2200000286102295,3.2200000286102295,3.2200000286102295,16131
2024-03-18 00:00:00+05:30,3.1600000858306885,3.1600000858306885,3.1600000858306885,3.1600000858306885,83643
2024-03-19 00:00:00+05:30,3.0999999046325684,3.0999999046325684,3.0999999046325684,3.0999999046325684,12175
2024-03-20 00:00:00+05:30,3.0399999618530273,3.0399999618530273,3.0399999618530273,3.0399999618530273,15527
2024-03-21 00:00:00+05:30,2.9800000190734863,2.9800000190734863,2.9800000190734863,2.9800000190734863,17564
2024-03-22 00:00:00+05:30,2.930000066757202,2.930000066757202,2.930000066757202,2.930000066757202,34244
2024-03-26 00:00:00+05:30,2.880000114440918,2.880000114440918,2.880000114440918,2.880000114440918,16525
2024-03-27 00:00:00+05:30,2.8299999237060547,2.8299999237060547,2.8299999237060547,2.8299999237060547,19162
2024-03-28 00:00:00+05:30,2.7799999713897705,2.7799999713897705,2.7799999713897705,2.7799999713897705,31606
2024-04-01 00:00:00+05:30,2.7300000190734863,2.7300000190734863,2.7300000190734863,2.7300000190734863,52017
2024-04-02 00:00:00+05:30,2.680000066757202,2.700000047683716,2.680000066757202,2.680000066757202,36610
2024-04-03 00:00:00+05:30,2.630000114440918,2.6500000953674316,2.630000114440918,2.6500000953674316,72262
2024-04-04 00:00:00+05:30,2.700000047683716,2.700000047683716,2.700000047683716,2.700000047683716,18705
2024-04-05 00:00:00+05:30,2.75,2.75,2.75,2.75,30497
2024-04-08 00:00:00+05:30,2.799999952316284,2.799999952316284,2.799999952316284,2.799999952316284,16805
2024-04-09 00:00:00+05:30,2.8499999046325684,2.8499999046325684,2.8499999046325684,2.8499999046325684,143032
2024-04-10 00:00:00+05:30,2.9000000953674316,2.9000000953674316,2.859999895095825,2.859999895095825,66270
2024-04-12 00:00:00+05:30,2.9100000858306885,2.9100000858306885,2.9100000858306885,2.9100000858306885,110742
2024-04-15 00:00:00+05:30,3.0399999618530273,3.049999952316284,2.869999885559082,3.049999952316284,287565
2024-04-16 00:00:00+05:30,3.190000057220459,3.200000047683716,3.109999895095825,3.200000047683716,101467
2024-04-18 00:00:00+05:30,3.359999895095825,3.359999895095825,3.359999895095825,3.359999895095825,222468
2024-04-19 00:00:00+05:30,3.5199999809265137,3.5199999809265137,3.430000066757202,3.5199999809265137,699811
2024-04-22 00:00:00+05:30,3.619999885559082,3.690000057220459,3.619999885559082,3.690000057220459,164746
2024-04-23 00:00:00+05:30,3.869999885559082,3.869999885559082,3.799999952316284,3.869999885559082,877627
2024-04-24 00:00:00+05:30,4.050000190734863,4.059999942779541,3.9800000190734863,4.059999942779541,452161
2024-04-25 00:00:00+05:30,3.9800000190734863,3.9800000190734863,3.9800000190734863,3.9800000190734863,235096
2024-04-26 00:00:00+05:30,3.9100000858306885,3.9100000858306885,3.9100000858306885,3.9100000858306885,81956
2024-04-29 00:00:00+05:30,3.8399999141693115,3.8399999141693115,3.8399999141693115,3.8399999141693115,39657
2024-04-30 00:00:00+05:30,3.7699999809265137,3.7699999809265137,3.7699999809265137,3.7699999809265137,38256
2024-05-02 00:00:00+05:30,3.700000047683716,3.700000047683716,3.700000047683716,3.700000047683716,57180
2024-05-03 00:00:00+05:30,3.630000114440918,3.630000114440918,3.630000114440918,3.630000114440918,33734
2024-05-06 00:00:00+05:30,3.559999942779541,3.559999942779541,3.559999942779541,3.559999942779541,37288
2024-05-07 00:00:00+05:30,3.490000009536743,3.490000009536743,3.490000009536743,3.490000009536743,46430
2024-05-08 00:00:00+05:30,3.430000066757202,3.430000066757202,3.430000066757202,3.430000066757202,31079
2024-05-09 00:00:00+05:30,3.369999885559082,3.369999885559082,3.369999885559082,3.369999885559082,81598
2024-05-10 00:00:00+05:30,3.309999942779541,3.309999942779541,3.309999942779541,3.309999942779541,77048
2024-05-13 00:00:00+05:30,3.25,3.25,3.25,3.25,46489
2024-05-14 00:00:00+05:30,3.190000057220459,3.190000057220459,3.190000057220459,3.190000057220459,25447
2024-05-15 00:00:00+05:30,3.140000104904175,3.140000104904175,3.130000114440918,3.130000114440918,23754
2024-05-16 00:00:00+05:30,3.069999933242798,3.190000057220459,3.069999933242798,3.190000057220459,93439
2024-05-17 00:00:00+05:30,3.25,3.25,3.25,3.25,28748
2024-05-21 00:00:00+05:30,3.309999942779541,3.309999942779541,3.25,3.25,63435
2024-05-22 00:00:00+05:30,3.2100000381469727,3.309999942779541,3.2100000381469727,3.309999942779541,23192
2024-05-23 00:00:00+05:30,3.25,3.25,3.25,3.25,51539
2024-05-24 00:00:00+05:30,3.25,3.25,3.190000057220459,3.190000057220459,93386
2024-05-27 00:00:00+05:30,3.2100000381469727,3.25,3.2100000381469727,3.2200000286102295,73866
2024-05-28 00:00:00+05:30,3.2200000286102295,3.2200000286102295,3.1600000858306885,3.1600000858306885,23224
2024-05-29 00:00:00+05:30,3.109999895095825,3.109999895095825,3.0999999046325684,3.0999999046325684,34035
2024-05-30 00:00:00+05:30,3.140000104904175,3.140000104904175,3.0399999618530273,3.049999952316284,17353
2024-05-31 00:00:00+05:30,3.109999895095825,3.109999895095825,3.109999895095825,3.109999895095825,45230
2024-06-03 00:00:00+05:30,3.259999990463257,3.259999990463257,3.259999990463257,3.259999990463257,62710
2024-06-04 00:00:00+05:30,3.4200000762939453,3.4200000762939453,3.3499999046325684,3.4200000762939453,80078
2024-06-05 00:00:00+05:30,3.5899999141693115,3.5899999141693115,3.25,3.5899999141693115,193757
2024-06-06 00:00:00+05:30,3.740000009536743,3.759999990463257,3.5899999141693115,3.759999990463257,64662
2024-06-07 00:00:00+05:30,3.8399999141693115,3.890000104904175,3.5799999237060547,3.5799999237060547,150300
2024-06-10 00:00:00+05:30,3.6500000953674316,3.7200000286102295,3.4100000858306885,3.630000114440918,160921
2024-06-11 00:00:00+05:30,3.700000047683716,3.809999942779541,3.700000047683716,3.809999942779541,18872
2024-06-12 00:00:00+05:30,3.890000104904175,4.0,3.890000104904175,4.0,36708
2024-06-13 00:00:00+05:30,4.199999809265137,4.199999809265137,4.199999809265137,4.199999809265137,46565
2024-06-14 00:00:00+05:30,4.409999847412109,4.409999847412109,4.409999847412109,4.409999847412109,24955
2024-06-18 00:00:00+05:30,4.329999923706055,4.329999923706055,4.329999923706055,4.329999923706055,131316
2024-06-19 00:00:00+05:30,4.25,4.25,4.25,4.25,46237
2024-06-20 00:00:00+05:30,4.170000076293945,4.170000076293945,4.170000076293945,4.170000076293945,39382
2024-06-21 00:00:00+05:30,4.090000152587891,4.090000152587891,4.090000152587891,4.090000152587891,37744
2024-06-24 00:00:00+05:30,4.010000228881836,4.010000228881836,4.010000228881836,4.010000228881836,27889
2024-06-25 00:00:00+05:30,3.930000066757202,3.930000066757202,3.930000066757202,3.930000066757202,16890
2024-06-26 00:00:00+05:30,3.859999895095825,3.859999895095825,3.859999895095825,3.859999895095825,56384
2024-06-27 00:00:00+05:30,3.7899999618530273,3.7899999618530273,3.7899999618530273,3.7899999618530273,17921
2024-06-28 00:00:00+05:30,3.7200000286102295,3.7200000286102295,3.7200000286102295,3.7200000286102295,54590
