Date,Open,High,Low,Close,Volume,Dividends,Stock Splits
2023-05-05 00:00:00+05:30,111.55818640526738,117.96910944006828,107.84230471727925,108.53648376464844,109569,0.0,0.0
2023-05-08 00:00:00+05:30,108.53648391547748,108.74065198399627,104.86142822065933,106.82145690917969,35697,0.0,0.0
2023-05-09 00:00:00+05:30,109.43482907817744,110.61901155221584,105.35144465045245,106.33145904541016,41605,0.0,0.0
2023-05-10 00:00:00+05:30,106.0864454185326,108.20980858531385,103.39141165358645,105.92311096191406,40912,0.0,0.0
2023-05-11 00:00:00+05:30,105.35144161990537,106.8214593623701,103.96309110672367,104.45309448242188,17349,0.0,0.0
2023-05-12 00:00:00+05:30,102.90141270636617,107.22979883889909,99.71636781930316,104.6164321899414,76528,0.0,0.0
2023-05-15 00:00:00+05:30,104.61642769359561,108.45481788561172,102.94224189788542,105.92311096191406,105724,0.0,0.0
2023-05-16 00:00:00+05:30,106.65812435514049,113.43655004298392,105.14727300580627,109.31232452392578,237191,0.0,0.0
2023-05-17 00:00:00+05:30,112.5382020037804,113.43654912940772,105.35144022950186,107.35230255126953,164636,0.0,0.0
2023-05-18 00:00:00+05:30,108.94482096741716,110.12900339014072,107.7606385446936,108.78148651123047,64706,0.0,0.0
2023-05-19 00:00:00+05:30,110.12900682898126,110.12900682898126,107.06646283374101,107.80147552490234,35600,0.0,0.0
2023-05-22 00:00:00+05:30,109.43482341696019,109.43482341696019,105.759775337512,106.82145690917969,63406,0.0,0.0
2023-05-23 00:00:00+05:30,108.41397865312899,110.65984270374413,106.57645836695217,107.8423080444336,87891,0.0,0.0
2023-05-24 00:00:00+05:30,108.94482436928094,109.0264915999244,105.5964450667886,107.80147552490234,86899,0.0,0.0
2023-05-25 00:00:00+05:30,112.70153773079096,112.70153773079096,104.16725897954076,106.1681137084961,181828,0.0,0.0
2023-05-26 00:00:00+05:30,106.73979351065135,107.39313896871771,102.08473091996053,102.4113998413086,94818,0.0,0.0
2023-05-29 00:00:00+05:30,103.96308799260768,106.73978893579763,101.308880274303,102.8605728149414,83189,0.0,0.0
2023-05-30 00:00:00+05:30,102.90140634557062,105.35143837944231,102.90140634557062,103.71807861328125,29651,0.0,0.0
2023-05-31 00:00:00+05:30,104.45309597514961,112.7015395582045,103.2280799030274,109.80233764648438,208676,0.0,0.0
2023-06-01 00:00:00+05:30,110.25150659386844,112.53820426020329,106.78062647944486,107.55647277832031,146962,0.0,0.0
2023-06-02 00:00:00+05:30,112.70153711415895,113.51821701631998,109.47565873522446,111.5990219116211,209955,0.0,0.0
2023-06-05 00:00:00+05:30,113.27321781407043,113.27321781407043,108.82232329198287,109.51649475097656,117839,0.0,0.0
2023-06-06 00:00:00+05:30,110.98651806377576,121.19499022077258,110.70068276245311,118.1324462890625,1135769,0.0,0.0
2023-06-07 00:00:00+05:30,118.54078630343288,119.92914447163295,112.29320500801393,114.00822448730469,271503,0.0,0.0
2023-06-08 00:00:00+05:30,115.02906603344192,115.96824675960748,111.02734906307245,112.53820037841797,142209,0.0,0.0
2023-06-09 00:00:00+05:30,110.37400378769676,115.06989980980023,109.43482306020208,110.82318115234375,138817,0.0,0.0
2023-06-12 00:00:00+05:30,112.49737150923666,112.61987235494142,108.82232329198287,109.51649475097656,75364,0.0,0.0
2023-06-13 00:00:00+05:30,110.65984478866362,112.57903995618341,108.45482192678108,108.90399169921875,69895,0.0,0.0
2023-06-14 00:00:00+05:30,112.29320207278504,112.41570291700587,109.51649342433555,111.55818939208984,81509,0.0,0.0
2023-06-15 00:00:00+05:30,112.04819724882721,113.43654772651578,109.43482313247056,109.96566772460938,173089,0.0,0.0
2023-06-16 00:00:00+05:30,111.59902223447696,112.25236768116993,107.76063962934482,108.74065399169922,124141,0.0,0.0
2023-06-19 00:00:00+05:30,111.72152645647995,111.72152645647995,107.80147650388415,108.61815643310547,145658,0.0,0.0
2023-06-20 00:00:00+05:30,110.08816769676363,110.08816769676363,106.57645410896842,107.14812469482422,93942,0.0,0.0
2023-06-21 00:00:00+05:30,107.14812494150164,108.57731664017116,102.12556003558322,104.28975677490234,114342,0.0,0.0
2023-06-22 00:00:00+05:30,104.28976111768125,107.80147485979408,103.39141397077559,104.41226196289062,119016,0.0,0.0
2023-06-23 00:00:00+05:30,103.43224334716797,105.88227538169309,102.7380643040589,103.43224334716797,75238,0.0,0.0
2023-06-26 00:00:00+05:30,103.43224559036653,106.08644574943705,102.28889677510031,102.77890014648438,108503,0.0,0.0
2023-06-27 00:00:00+05:30,103.88141529349573,104.16725820869134,102.41139756473723,103.35057830810547,61196,0.0,1.2222222222222223
2023-06-28 00:00:00+05:30,103.35058182912076,104.73893237665692,98.45051748940709,101.51305389404297,120930,0.0,0.0
2023-06-30 00:00:00+05:30,101.47222142118109,102.98308044805883,100.45137340301547,101.18638610839844,75972,0.0,0.0
2023-07-03 00:00:00+05:30,102.08472563206833,104.12642151547627,99.30801709832998,100.61470794677734,159927,0.0,0.0
2023-07-04 00:00:00+05:30,101.55388219455665,102.20722762616309,98.81801485832638,100.002197265625,184259,0.0,0.0
2023-07-05 00:00:00+05:30,115.7867640363942,116.73501466123398,105.95487223396401,109.14898681640625,527316,0.0,1.2222222222222223
2023-07-06 00:00:00+05:30,110.04733848527565,113.44109012943754,107.90128909151369,110.84587097167969,220759,0.0,0.0
2023-07-07 00:00:00+05:30,110.69614160937586,110.84586739767026,102.81066211802607,106.10459899902344,118022,0.0,0.0
2023-07-10 00:00:00+05:30,105.80514642231117,107.45211484724187,103.5093713311508,104.90679931640625,69320,0.0,0.0
2023-07-11 00:00:00+05:30,105.95487781386662,106.00478133521949,100.8143429615643,101.41323852539062,116636,0.0,0.0
2023-07-12 00:00:00+05:30,102.26166928236644,102.26166928236644,97.81985249579708,98.56847381591797,133443,0.0,0.0
2023-07-13 00:00:00+05:30,98.56847426470588,104.55744485294117,97.72003828777987,101.8125,148042,0.0,0.0
2023-07-14 00:00:00+05:30,101.81249963518098,104.20808938496509,101.06387831433406,101.76258850097656,70355,0.0,0.0
2023-07-17 00:00:00+05:30,101.76259429473014,103.45947395448194,98.11930975147754,99.36701202392578,81724,0.0,0.0
2023-07-18 00:00:00+05:30,100.8642509978156,102.31158253385382,99.616548771793,99.9159927368164,60607,0.0,0.0
2023-07-19 00:00:00+05:30,100.81433831948354,101.71268543154301,99.51672497813429,100.7644271850586,43985,0.0,0.0
2023-07-20 00:00:00+05:30,100.76443174189741,100.91415753657331,98.0693978992122,99.2671890258789,49257,0.0,0.0
2023-07-21 00:00:00+05:30,99.11747237471553,99.21728703424827,95.82353530254248,96.272705078125,135661,0.0,0.0
2023-07-24 00:00:00+05:30,96.27270460861985,97.27086642982015,89.78465277081797,91.93070220947266,209814,0.0,0.0
2023-07-25 00:00:00+05:30,91.63125268794603,95.27453702258437,90.58317979295398,93.27821350097656,96662,0.0,0.0
2023-07-26 00:00:00+05:30,92.82904572587776,94.17656260850197,86.98980082425945,88.23750305175781,191813,0.0,0.0
2023-07-27 00:00:00+05:30,89.83456495331555,93.22831670795934,85.09329624744612,92.08042907714844,440600,0.0,0.0
2023-07-28 00:00:00+05:30,92.08042685696313,93.12849980229618,88.63677166293212,89.63493347167969,98451,0.0,0.0
2023-07-31 00:00:00+05:30,90.53327046317742,90.53327046317742,88.83639848213852,89.28556823730469,103610,0.0,0.0
2023-08-01 00:00:00+05:30,90.13401453077884,94.82537199379757,89.33548203626192,93.9270248413086,181655,0.0,0.0
2023-08-02 00:00:00+05:30,94.57583086456329,94.57583086456329,89.73474764153568,90.63309478759766,105979,0.0,0.0
2023-08-03 00:00:00+05:30,90.63309541383076,91.23199097688678,87.93805395702333,88.58686065673828,139689,0.0,0.0
2023-08-04 00:00:00+05:30,89.4852089487497,92.67932373597759,89.38539428953077,90.88263702392578,126344,0.0,0.0
2023-08-07 00:00:00+05:30,91.83088516961735,91.83088516961735,89.88447271488764,90.53327178955078,44902,0.0,0.0
2023-08-08 00:00:00+05:30,89.8844711443545,91.7310689103608,87.43897021932344,88.18759155273438,143984,0.0,0.0
2023-08-09 00:00:00+05:30,88.83639944092067,92.03051412747989,86.59053541011087,90.48336791992188,184131,0.0,0.0
2023-08-10 00:00:00+05:30,90.83272313786784,90.83272313786784,88.08777820787734,89.43529510498047,153210,0.0,0.0
2023-08-11 00:00:00+05:30,90.2837290314749,90.2837290314749,87.83823574163421,88.08777618408203,97695,0.0,0.0
2023-08-14 00:00:00+05:30,89.38539260221224,89.38539260221224,83.9454062007115,84.24485778808594,152873,0.0,0.0
2023-08-16 00:00:00+05:30,85.19310424480454,85.84191090846575,79.65331107516616,81.54981231689453,119721,0.0,0.0
2023-08-17 00:00:00+05:30,81.84926641584354,83.84558998696168,81.5498148340278,81.89917755126953,81434,0.0,0.0
2023-08-18 00:00:00+05:30,82.69770041967537,85.84191149156842,82.39825646043835,83.74577331542969,90692,0.0,0.0
2023-08-21 00:00:00+05:30,83.84558785574299,84.69402382882832,79.90285194915064,80.55165100097656,110140,0.0,0.0
2023-08-22 00:00:00+05:30,80.1523985717784,81.64964132754983,79.20414025723423,80.3520278930664,96993,0.0,0.0
2023-08-23 00:00:00+05:30,80.40193630858901,82.64780036619909,78.00634645739756,78.90469360351562,145097,0.0,0.0
2023-08-24 00:00:00+05:30,79.10431881971954,79.25404460554377,74.66250207094315,75.16158294677734,287913,0.0,0.0
2023-08-25 00:00:00+05:30,75.1615856548154,76.05992517138786,67.67537224757761,70.2206802368164,493388,0.0,0.0
2023-08-28 00:00:00+05:30,70.22068014493256,76.85845754707188,70.22068014493256,74.4628677368164,444915,0.0,0.0
2023-08-29 00:00:00+05:30,74.9619476520627,76.15974634924959,72.26691391028966,73.26507568359375,182293,0.0,0.0
2023-08-30 00:00:00+05:30,74.16342617724182,81.74945447645997,73.16526435851917,78.00634765625,582602,0.0,0.0
2023-08-31 00:00:00+05:30,79.25404942526049,80.05257430593441,77.95643602303124,79.00450897216797,145694,0.0,0.0
2023-09-01 00:00:00+05:30,80.20229506263406,80.20229506263406,75.96010762655118,77.25772094726562,204392,0.0,0.0
2023-09-04 00:00:00+05:30,78.40561161384758,78.40561161384758,74.71240842335895,75.56084442138672,208420,0.0,0.0
2023-09-05 00:00:00+05:30,76.15974916720994,76.75864473027791,73.66434464161813,74.71240997314453,218442,0.0,0.0
2023-09-06 00:00:00+05:30,74.86213825559163,75.81038896068092,74.1135168730357,75.061767578125,80080,0.0,0.0
2023-09-07 00:00:00+05:30,76.15975069492308,90.03419404322925,75.11167772700279,88.8364028930664,2982306,0.0,0.0
2023-09-08 00:00:00+05:30,93.52775824701843,99.71636601813631,90.6330950997182,93.87712097167969,3101991,0.0,0.0
2023-09-11 00:00:00+05:30,95.82352903717447,98.01948186479508,90.78280909896681,93.27821350097656,912757,0.0,0.0
2023-09-12 00:00:00+05:30,94.72555170765823,94.8752774934054,83.84558709699768,85.74209594726562,575469,0.0,0.0
2023-09-13 00:00:00+05:30,84.4444889379857,92.57950934117368,84.2947631410445,86.64044952392578,744352,0.0,0.0
2023-09-14 00:00:00+05:30,87.53878371855792,88.73658240542693,84.14503981085385,84.84375,290309,0.0,0.0
2023-09-15 00:00:00+05:30,84.8437563549071,86.79016889572442,80.20230227829985,81.45000457763672,546622,0.0,0.0
2023-09-18 00:00:00+05:30,83.6500015258789,85.0999984741211,81.5,82.4000015258789,215452,0.15,0.0
2023-09-20 00:00:00+05:30,82.94999694824219,84.30000305175781,80.8499984741211,81.19999694824219,193549,0.0,0.0
2023-09-21 00:00:00+05:30,82.0,83.8499984741211,80.5999984741211,81.19999694824219,312290,0.0,0.0
2023-09-22 00:00:00+05:30,81.94999694824219,83.30000305175781,78.9000015258789,82.3499984741211,310178,0.0,0.0
2023-09-25 00:00:00+05:30,82.80000305175781,87.75,82.0,82.8499984741211,711384,0.0,0.0
2023-09-26 00:00:00+05:30,83.5999984741211,84.55000305175781,81.69999694824219,82.05000305175781,192780,0.0,0.0
2023-09-27 00:00:00+05:30,82.69999694824219,82.69999694824219,80.0999984741211,80.25,141917,0.0,0.0
2023-09-28 00:00:00+05:30,80.94999694824219,82.1500015258789,80.0999984741211,80.94999694824219,102697,0.0,0.0
2023-09-29 00:00:00+05:30,82.4000015258789,96.9000015258789,80.0,83.5999984741211,8468213,0.0,0.0
2023-10-03 00:00:00+05:30,83.9000015258789,83.9000015258789,81.44999694824219,82.8499984741211,512996,0.0,0.0
2023-10-04 00:00:00+05:30,82.30000305175781,82.69999694824219,78.55000305175781,80.3499984741211,550635,0.0,0.0
2023-10-05 00:00:00+05:30,81.05000305175781,81.4000015258789,79.0,79.6500015258789,255373,0.0,0.0
2023-10-06 00:00:00+05:30,79.80000305175781,80.94999694824219,79.4000015258789,80.44999694824219,247325,0.0,0.0
2023-10-09 00:00:00+05:30,78.69999694824219,82.44999694824219,78.4000015258789,79.4000015258789,328035,0.0,0.0
2023-10-10 00:00:00+05:30,79.9000015258789,82.30000305175781,79.3499984741211,80.5999984741211,186331,0.0,0.0
2023-10-11 00:00:00+05:30,81.5,83.4000015258789,80.8499984741211,81.9000015258789,373286,0.0,0.0
2023-10-12 00:00:00+05:30,81.19999694824219,83.69999694824219,81.19999694824219,82.69999694824219,245380,0.0,0.0
2023-10-13 00:00:00+05:30,83.19999694824219,84.80000305175781,82.5999984741211,83.4000015258789,293265,0.0,0.0
2023-10-16 00:00:00+05:30,83.4000015258789,84.94999694824219,82.5,82.94999694824219,227625,0.0,0.0
2023-10-17 00:00:00+05:30,84.0,84.0,81.30000305175781,82.0999984741211,215922,0.0,0.0
2023-10-18 00:00:00+05:30,82.80000305175781,82.80000305175781,81.5999984741211,82.19999694824219,302527,0.0,0.0
2023-10-19 00:00:00+05:30,81.94999694824219,82.30000305175781,80.4000015258789,81.6500015258789,93130,0.0,0.0
2023-10-20 00:00:00+05:30,81.9000015258789,83.8499984741211,81.25,81.69999694824219,168638,0.0,0.0
2023-10-23 00:00:00+05:30,81.69999694824219,84.55000305175781,76.8499984741211,82.19999694824219,1107139,0.0,0.0
2023-10-25 00:00:00+05:30,85.69999694824219,96.94999694824219,84.0,91.75,6660695,0.0,0.0
2023-10-26 00:00:00+05:30,94.0,94.5999984741211,86.75,88.44999694824219,1491234,0.0,0.0
2023-10-27 00:00:00+05:30,93.4000015258789,98.44999694824219,86.5999984741211,97.0,3198358,0.0,0.0
2023-10-30 00:00:00+05:30,97.5,104.0,93.19999694824219,99.8499984741211,2217574,0.0,0.0
2023-10-31 00:00:00+05:30,102.5,105.0,98.0999984741211,100.8499984741211,2094969,0.0,0.0
2023-11-01 00:00:00+05:30,101.5,107.1500015258789,100.4000015258789,101.8499984741211,1317203,0.0,0.0
2023-11-02 00:00:00+05:30,103.19999694824219,106.80000305175781,102.5,106.30000305175781,2096353,0.0,0.0
2023-11-03 00:00:00+05:30,107.5,108.3499984741211,102.9000015258789,103.55000305175781,708296,0.0,0.0
2023-11-06 00:00:00+05:30,104.4000015258789,107.19999694824219,99.9000015258789,105.3499984741211,2637703,0.0,0.0
2023-11-07 00:00:00+05:30,105.94999694824219,110.0,103.3499984741211,107.44999694824219,1049067,0.0,0.0
2023-11-08 00:00:00+05:30,108.5,109.69999694824219,101.25,102.8499984741211,1815348,0.0,0.0
2023-11-09 00:00:00+05:30,103.75,103.80000305175781,94.8499984741211,95.9000015258789,2253361,0.0,0.0
2023-11-10 00:00:00+05:30,95.9000015258789,98.5,92.6500015258789,93.25,1736779,0.0,0.0
2023-11-13 00:00:00+05:30,95.5,99.0999984741211,94.69999694824219,98.30000305175781,687607,0.0,0.0
2023-11-15 00:00:00+05:30,99.9000015258789,100.6500015258789,95.5,96.5999984741211,1583233,0.0,0.0
2023-11-16 00:00:00+05:30,97.25,98.69999694824219,95.5999984741211,96.25,439516,0.0,0.0
2023-11-17 00:00:00+05:30,96.25,99.69999694824219,93.0,93.6500015258789,2124897,0.0,0.0
2023-11-20 00:00:00+05:30,93.5,99.75,91.55000305175781,92.69999694824219,2395063,0.0,0.0
2023-11-21 00:00:00+05:30,93.6500015258789,94.5,88.19999694824219,90.1500015258789,1968352,0.0,0.0
2023-11-22 00:00:00+05:30,89.5,90.80000305175781,87.19999694824219,88.80000305175781,1149033,0.0,0.0
2023-11-23 00:00:00+05:30,88.80000305175781,92.94999694824219,88.80000305175781,90.69999694824219,936559,0.0,0.0
2023-11-24 00:00:00+05:30,90.80000305175781,91.69999694824219,89.30000305175781,90.0,356550,0.0,0.0
2023-11-28 00:00:00+05:30,91.69999694824219,94.4000015258789,88.80000305175781,93.25,1645773,0.0,0.0
2023-11-29 00:00:00+05:30,93.69999694824219,95.05000305175781,89.8499984741211,90.30000305175781,1471606,0.0,0.0
2023-11-30 00:00:00+05:30,89.80000305175781,92.9000015258789,87.1500015258789,89.0,1318975,0.0,0.0
2023-12-01 00:00:00+05:30,88.6500015258789,91.55000305175781,88.25,88.80000305175781,1962298,0.0,0.0
2023-12-04 00:00:00+05:30,95.0,98.4000015258789,90.5,94.8499984741211,5554611,0.0,0.0
2023-12-05 00:00:00+05:30,96.9000015258789,100.94999694824219,92.0,92.55000305175781,3552345,0.0,0.0
2023-12-06 00:00:00+05:30,93.3499984741211,100.0,91.0,98.30000305175781,9488027,0.0,0.0
2023-12-07 00:00:00+05:30,99.69999694824219,105.69999694824219,95.0,101.94999694824219,8641603,0.0,0.0
2023-12-08 00:00:00+05:30,103.0,106.94999694824219,92.6500015258789,94.0,15137004,0.0,0.0
2023-12-11 00:00:00+05:30,94.0,94.0,89.44999694824219,91.19999694824219,2821691,0.0,0.0
2023-12-12 00:00:00+05:30,91.94999694824219,92.94999694824219,89.19999694824219,89.5999984741211,2613133,0.0,0.0
2023-12-13 00:00:00+05:30,90.69999694824219,91.25,87.44999694824219,87.8499984741211,1608000,0.0,0.0
2023-12-14 00:00:00+05:30,88.30000305175781,89.80000305175781,87.4000015258789,87.80000305175781,1499303,0.0,0.0
2023-12-15 00:00:00+05:30,88.5999984741211,91.69999694824219,86.55000305175781,87.3499984741211,1907714,0.0,0.0
2023-12-18 00:00:00+05:30,87.55000305175781,88.44999694824219,86.4000015258789,86.5999984741211,1561406,0.0,0.0
2023-12-19 00:00:00+05:30,87.05000305175781,88.8499984741211,86.05000305175781,87.3499984741211,913768,0.0,0.0
2023-12-20 00:00:00+05:30,87.9000015258789,89.44999694824219,84.3499984741211,85.9000015258789,1109609,0.0,0.0
2023-12-21 00:00:00+05:30,85.0,86.25,83.44999694824219,84.5,779249,0.0,0.0
2023-12-22 00:00:00+05:30,84.8499984741211,86.6500015258789,84.8499984741211,85.80000305175781,364446,0.0,0.0
2023-12-26 00:00:00+05:30,86.19999694824219,87.9000015258789,86.0,86.75,332904,0.0,0.0
2023-12-27 00:00:00+05:30,87.44999694824219,89.25,87.0,87.6500015258789,573144,0.0,0.0
2023-12-28 00:00:00+05:30,88.5,88.6500015258789,86.0999984741211,86.9000015258789,376114,0.0,0.0
2023-12-29 00:00:00+05:30,87.4000015258789,87.8499984741211,86.0,86.6500015258789,358800,0.0,0.0
2024-01-01 00:00:00+05:30,88.94999694824219,92.5,88.25,91.1500015258789,2257680,0.0,0.0
2024-01-02 00:00:00+05:30,92.5,93.30000305175781,91.19999694824219,93.0,1241631,0.0,0.0
2024-01-03 00:00:00+05:30,94.0999984741211,94.4000015258789,92.30000305175781,92.80000305175781,818493,0.0,0.0
2024-01-04 00:00:00+05:30,93.05000305175781,94.5,91.69999694824219,94.05000305175781,975207,0.0,0.0
2024-01-05 00:00:00+05:30,95.0999984741211,95.6500015258789,93.30000305175781,94.25,974563,0.0,0.0
2024-01-08 00:00:00+05:30,95.75,95.80000305175781,92.80000305175781,93.80000305175781,903138,0.0,0.0
2024-01-09 00:00:00+05:30,94.4000015258789,94.80000305175781,93.0,93.30000305175781,460838,0.0,0.0
2024-01-10 00:00:00+05:30,93.69999694824219,93.69999694824219,91.5999984741211,92.1500015258789,351466,0.0,0.0
2024-01-11 00:00:00+05:30,92.19999694824219,94.0,91.4000015258789,93.6500015258789,524354,0.0,0.0
2024-01-12 00:00:00+05:30,94.1500015258789,94.1500015258789,92.80000305175781,93.1500015258789,303053,0.0,0.0
2024-01-15 00:00:00+05:30,93.1500015258789,93.1500015258789,93.1500015258789,93.1500015258789,0,0.0,0.0
2024-01-16 00:00:00+05:30,90.9000015258789,91.80000305175781,87.5,88.80000305175781,731355,0.0,0.0
2024-01-17 00:00:00+05:30,88.0,89.0,87.30000305175781,88.0999984741211,480892,0.0,0.0
2024-01-18 00:00:00+05:30,88.3499984741211,89.3499984741211,85.94999694824219,88.6500015258789,369987,0.0,0.0
2024-01-19 00:00:00+05:30,88.6500015258789,91.0,88.6500015258789,90.0,298378,0.0,0.0
2024-01-23 00:00:00+05:30,90.44999694824219,90.5,86.1500015258789,86.5,405728,0.0,0.0
2024-01-24 00:00:00+05:30,87.19999694824219,88.80000305175781,85.69999694824219,87.80000305175781,210461,0.0,0.0
2024-01-25 00:00:00+05:30,88.0,88.80000305175781,86.69999694824219,86.94999694824219,270463,0.0,0.0
2024-01-29 00:00:00+05:30,87.4000015258789,88.1500015258789,85.9000015258789,86.69999694824219,321127,0.0,0.0
2024-01-30 00:00:00+05:30,87.75,90.8499984741211,86.9000015258789,89.75,687084,0.0,0.0
2024-01-31 00:00:00+05:30,88.94999694824219,88.94999694824219,84.69999694824219,85.6500015258789,804617,0.0,0.0
2024-02-01 00:00:00+05:30,85.80000305175781,86.5,84.75,85.80000305175781,372216,0.0,0.0
2024-02-02 00:00:00+05:30,86.80000305175781,86.8499984741211,85.0,85.25,334364,0.0,0.0
2024-02-05 00:00:00+05:30,84.5,85.5999984741211,81.19999694824219,82.30000305175781,850858,0.0,0.0
2024-02-06 00:00:00+05:30,82.30000305175781,83.44999694824219,80.75,81.4000015258789,551399,0.0,0.0
2024-02-07 00:00:00+05:30,82.0,83.69999694824219,81.5999984741211,82.5,379031,0.0,0.0
2024-02-08 00:00:00+05:30,83.5999984741211,83.5999984741211,81.4000015258789,82.44999694824219,455367,0.0,0.0
2024-02-09 00:00:00+05:30,82.44999694824219,82.8499984741211,80.6500015258789,81.25,413511,0.0,0.0
2024-02-12 00:00:00+05:30,81.25,82.05000305175781,77.25,77.75,423678,0.0,0.0
2024-02-13 00:00:00+05:30,77.0999984741211,78.0999984741211,75.4000015258789,77.05000305175781,257316,0.0,0.0
2024-02-14 00:00:00+05:30,77.0,79.55000305175781,76.5,78.69999694824219,273935,0.0,0.0
2024-02-15 00:00:00+05:30,79.0999984741211,79.75,77.69999694824219,78.1500015258789,327850,0.0,0.0
2024-02-16 00:00:00+05:30,73.3499984741211,79.5,73.3499984741211,78.1500015258789,570169,0.0,0.0
2024-02-19 00:00:00+05:30,78.8499984741211,83.80000305175781,77.6500015258789,82.4000015258789,654043,0.0,0.0
2024-02-20 00:00:00+05:30,82.0,82.25,79.5,79.94999694824219,421538,0.0,0.0
2024-02-21 00:00:00+05:30,79.55000305175781,80.9000015258789,78.44999694824219,79.0,291770,0.0,0.0
2024-02-22 00:00:00+05:30,79.4000015258789,80.5,77.44999694824219,78.1500015258789,284491,0.0,0.0
2024-02-23 00:00:00+05:30,78.5999984741211,79.55000305175781,77.55000305175781,77.80000305175781,236699,0.0,0.0
2024-02-26 00:00:00+05:30,78.25,79.8499984741211,77.44999694824219,78.19999694824219,250917,0.0,0.0
2024-02-27 00:00:00+05:30,78.55000305175781,79.6500015258789,77.30000305175781,77.5,219428,0.0,0.0
2024-02-28 00:00:00+05:30,77.80000305175781,78.8499984741211,75.44999694824219,75.80000305175781,246750,0.0,0.0
2024-02-29 00:00:00+05:30,76.1500015258789,76.44999694824219,73.94999694824219,74.75,266244,0.0,0.0
2024-03-01 00:00:00+05:30,75.0999984741211,76.69999694824219,75.0999984741211,75.55000305175781,141308,0.0,0.0
2024-03-04 00:00:00+05:30,77.5,77.5,71.5999984741211,73.30000305175781,419176,0.0,0.0
2024-03-05 00:00:00+05:30,73.55000305175781,74.0999984741211,69.94999694824219,71.19999694824219,501913,0.0,0.0
2024-03-06 00:00:00+05:30,71.80000305175781,78.25,69.94999694824219,76.69999694824219,1222759,0.0,0.0
2024-03-07 00:00:00+05:30,77.0,77.3499984741211,72.0,73.5999984741211,597904,0.0,0.0
2024-03-11 00:00:00+05:30,74.0,74.0,70.9000015258789,71.1500015258789,377308,0.0,0.0
2024-03-12 00:00:00+05:30,71.80000305175781,72.4000015258789,69.0999984741211,70.4000015258789,319587,0.0,0.0
2024-03-13 00:00:00+05:30,71.0,72.80000305175781,64.5,65.94999694824219,838011,0.0,0.0
2024-03-14 00:00:00+05:30,66.55000305175781,69.9000015258789,66.1500015258789,69.19999694824219,431172,0.0,0.0
2024-03-15 00:00:00+05:30,69.44999694824219,71.0,67.80000305175781,69.05000305175781,341116,0.0,0.0
2024-03-18 00:00:00+05:30,69.9000015258789,70.80000305175781,68.1500015258789,69.0,268724,0.0,0.0
2024-03-19 00:00:00+05:30,69.4000015258789,69.6500015258789,67.5,67.75,267980,0.0,0.0
2024-03-20 00:00:00+05:30,67.9000015258789,68.44999694824219,65.0999984741211,65.94999694824219,353599,0.0,0.0
2024-03-21 00:00:00+05:30,66.30000305175781,67.5,65.5999984741211,65.8499984741211,499542,0.0,0.0
2024-03-22 00:00:00+05:30,65.9000015258789,68.80000305175781,65.5999984741211,67.05000305175781,834671,0.0,0.0
2024-03-26 00:00:00+05:30,67.0,67.19999694824219,65.0,65.0999984741211,712817,0.0,0.0
2024-03-27 00:00:00+05:30,65.5,66.19999694824219,62.25,63.5,962102,0.0,0.0
2024-03-28 00:00:00+05:30,64.44999694824219,65.94999694824219,60.79999923706055,62.400001525878906,1111488,0.0,0.0
2024-04-01 00:00:00+05:30,63.349998474121094,67.8499984741211,63.349998474121094,67.6500015258789,645813,0.0,0.0
2024-04-02 00:00:00+05:30,67.5,70.1500015258789,67.5,69.69999694824219,390605,0.0,0.0
2024-04-03 00:00:00+05:30,70.05000305175781,73.94999694824219,69.25,72.0,473488,0.0,0.0
2024-04-04 00:00:00+05:30,72.0,72.8499984741211,71.0999984741211,71.8499984741211,206354,0.0,0.0
2024-04-05 00:00:00+05:30,72.5,72.5999984741211,71.1500015258789,71.94999694824219,215656,0.0,0.0
2024-04-08 00:00:00+05:30,73.05000305175781,73.05000305175781,70.05000305175781,70.5999984741211,163535,0.0,0.0
2024-04-09 00:00:00+05:30,70.6500015258789,71.5999984741211,69.0,69.3499984741211,174229,0.0,0.0
2024-04-10 00:00:00+05:30,69.6500015258789,70.8499984741211,68.55000305175781,69.9000015258789,223310,0.0,0.0
2024-04-12 00:00:00+05:30,69.9000015258789,72.05000305175781,69.44999694824219,69.94999694824219,258052,0.0,0.0
2024-04-15 00:00:00+05:30,67.69999694824219,69.0,66.5,67.8499984741211,225514,0.0,0.0
2024-04-16 00:00:00+05:30,67.8499984741211,68.9000015258789,66.94999694824219,67.94999694824219,127853,0.0,0.0
2024-04-18 00:00:00+05:30,68.0,72.0,67.0,69.0999984741211,391462,0.0,0.0
2024-04-19 00:00:00+05:30,68.8499984741211,69.0999984741211,67.1500015258789,68.9000015258789,192014,0.0,0.0
2024-04-22 00:00:00+05:30,69.0,70.0999984741211,68.0,68.5999984741211,145346,0.0,0.0
2024-04-23 00:00:00+05:30,68.6500015258789,71.19999694824219,68.19999694824219,69.8499984741211,249422,0.0,0.0
2024-04-24 00:00:00+05:30,70.80000305175781,73.0,70.1500015258789,71.55000305175781,384102,0.0,0.0
2024-04-25 00:00:00+05:30,71.55000305175781,71.5999984741211,69.9000015258789,70.1500015258789,124432,0.0,0.0
2024-04-26 00:00:00+05:30,70.1500015258789,70.9000015258789,68.0,69.5999984741211,182267,0.0,0.0
2024-04-29 00:00:00+05:30,69.69999694824219,71.9000015258789,69.5,71.25,203659,0.0,0.0
2024-04-30 00:00:00+05:30,71.69999694824219,71.9000015258789,69.5,69.75,131083,0.0,0.0
2024-05-02 00:00:00+05:30,70.05000305175781,70.75,69.5,69.80000305175781,111179,0.0,0.0
2024-05-03 00:00:00+05:30,69.80000305175781,71.0,68.75,69.8499984741211,143460,0.0,0.0
2024-05-06 00:00:00+05:30,70.19999694824219,70.6500015258789,68.19999694824219,68.75,122925,0.0,0.0
2024-05-07 00:00:00+05:30,69.80000305175781,69.80000305175781,67.5,68.3499984741211,115680,0.0,0.0
2024-05-08 00:00:00+05:30,68.05000305175781,69.3499984741211,67.5,68.5999984741211,126754,0.0,0.0
2024-05-09 00:00:00+05:30,68.9000015258789,68.94999694824219,65.0,66.25,124416,0.0,0.0
2024-05-10 00:00:00+05:30,67.4000015258789,67.75,65.80000305175781,66.3499984741211,95432,0.0,0.0
2024-05-13 00:00:00+05:30,66.5999984741211,66.8499984741211,64.94999694824219,66.44999694824219,84276,0.0,0.0
2024-05-14 00:00:00+05:30,66.19999694824219,68.05000305175781,66.19999694824219,66.9000015258789,136518,0.0,0.0
2024-05-15 00:00:00+05:30,67.55000305175781,68.9000015258789,66.9000015258789,67.1500015258789,89463,0.0,0.0
2024-05-16 00:00:00+05:30,67.19999694824219,68.9000015258789,67.19999694824219,67.69999694824219,86510,0.0,0.0
2024-05-17 00:00:00+05:30,67.30000305175781,71.75,67.30000305175781,69.8499984741211,327854,0.0,0.0
2024-05-21 00:00:00+05:30,67.69999694824219,68.3499984741211,66.5,67.55000305175781,259115,0.0,0.0
2024-05-22 00:00:00+05:30,68.0999984741211,70.55000305175781,67.9000015258789,68.94999694824219,253657,0.0,0.0
2024-05-23 00:00:00+05:30,68.4000015258789,70.69999694824219,68.4000015258789,68.69999694824219,170681,0.0,0.0
2024-05-24 00:00:00+05:30,68.69999694824219,69.4000015258789,67.5,68.0999984741211,224243,0.0,0.0
2024-05-27 00:00:00+05:30,68.5,68.8499984741211,66.80000305175781,66.94999694824219,178074,0.0,0.0
2024-05-28 00:00:00+05:30,67.94999694824219,69.0,63.04999923706055,63.849998474121094,1695670,0.0,0.0
2024-05-29 00:00:00+05:30,64.0,66.44999694824219,61.5,61.95000076293945,624887,0.0,0.0
2024-05-30 00:00:00+05:30,61.599998474121094,63.0,61.599998474121094,62.400001525878906,123492,0.0,0.0
2024-05-31 00:00:00+05:30,62.70000076293945,63.20000076293945,55.20000076293945,56.349998474121094,1948361,0.0,0.0
2024-06-03 00:00:00+05:30,59.099998474121094,59.099998474121094,54.75,56.150001525878906,701364,0.0,0.0
2024-06-04 00:00:00+05:30,56.900001525878906,56.95000076293945,49.099998474121094,54.25,636197,0.0,0.0
2024-06-05 00:00:00+05:30,55.0,60.099998474121094,54.79999923706055,58.29999923706055,468573,0.0,0.0
2024-06-06 00:00:00+05:30,58.29999923706055,62.75,58.20000076293945,62.29999923706055,585777,0.0,0.0
2024-06-07 00:00:00+05:30,62.29999923706055,62.650001525878906,61.45000076293945,62.04999923706055,192374,0.0,0.0
2024-06-10 00:00:00+05:30,62.25,62.650001525878906,61.560001373291016,62.09000015258789,208030,0.0,0.0
2024-06-11 00:00:00+05:30,62.209999084472656,65.19999694824219,62.099998474121094,64.38999938964844,258278,0.0,0.0
2024-06-12 00:00:00+05:30,65.0,65.5,63.459999084472656,64.91000366210938,257843,0.0,0.0
2024-06-13 00:00:00+05:30,64.55000305175781,67.98999786376953,64.55000305175781,66.19000244140625,324402,0.0,0.0
2024-06-14 00:00:00+05:30,66.19999694824219,67.0,65.0,65.58999633789062,210036,0.0,0.0
2024-06-18 00:00:00+05:30,66.0999984741211,67.1500015258789,66.0,66.77999877929688,161786,0.0,0.0
2024-06-19 00:00:00+05:30,66.77999877929688,67.25,65.25,65.43000030517578,147877,0.0,0.0
2024-06-20 00:00:00+05:30,65.5999984741211,73.0,65.5999984741211,71.80000305175781,2571742,0.0,0.0
2024-06-21 00:00:00+05:30,72.0,74.38999938964844,70.69999694824219,71.58999633789062,883005,0.0,0.0
2024-06-24 00:00:00+05:30,71.5,74.04000091552734,70.55000305175781,71.22000122070312,386541,0.0,0.0
2024-06-25 00:00:00+05:30,71.22000122070312,71.73999786376953,67.19999694824219,68.01000213623047,410839,0.0,0.0
2024-06-26 00:00:00+05:30,68.5,69.7699966430664,67.7699966430664,67.98999786376953,136216,0.0,0.0
2024-06-27 00:00:00+05:30,69.0,69.3499984741211,66.75,67.05999755859375,153983,0.0,0.0
2024-06-28 00:00:00+05:30,67.6500015258789,69.0,66.83999633789062,68.12999725341797,198067,0.0,0.0
