Date,Open Price,High Price,Low Price,Close Price,No.of Shares,No. of Trades
28-June-2024,38.0,38.0,38.0,38.0,387,2
27-June-2024,38.09,38.09,38.09,38.09,693,8
26-June-2024,38.1,38.1,38.1,38.1,851,7
25-June-2024,38.87,38.87,38.87,38.87,421,4
24-June-2024,39.66,39.66,39.66,39.66,200,2
21-June-2024,39.64,40.43,39.64,40.43,1857,7
20-June-2024,41.24,41.24,39.64,39.64,610,13
19-June-2024,40.44,40.44,40.44,40.44,571,4
18-June-2024,40.5,41.26,40.5,41.26,342,26
14-June-2024,42.1,42.1,41.26,41.26,197,10
13-June-2024,42.89,42.89,42.1,42.1,239,15
12-June-2024,43.98,46.0,41.8,42.1,1015,25
11-June-2024,43.98,43.98,42.21,43.98,3319,27
10-June-2024,41.89,41.89,41.89,41.89,513,6
7-June-2024,39.9,39.9,39.9,39.9,1713,17
6-June-2024,36.2,38.01,35.0,38.0,674,12
5-June-2024,37.97,38.0,36.1,36.2,443,12
4-June-2024,37.97,40.0,37.97,37.97,1659,23
3-June-2024,39.15,40.0,39.15,39.15,1322,15
31-May-2024,40.2,42.0,38.4,39.15,1907,24
30-May-2024,41.0,41.0,39.86,40.2,644,10
29-May-2024,44.0,44.0,41.85,41.95,486,15
28-May-2024,46.72,46.72,43.05,44.05,207,9
27-May-2024,44.5,44.5,44.49,44.5,211,6
24-May-2024,47.48,47.48,44.35,46.83,536,18
23-May-2024,47.53,49.0,46.55,46.55,4,3
22-May-2024,49.0,49.0,49.0,49.0,219,8
21-May-2024,51.15,51.15,51.0,51.0,204,8
18-May-2024,51.15,51.15,51.15,51.15,5,2
17-May-2024,49.9,49.9,48.38,48.76,509,11
16-May-2024,50.0,50.92,49.39,50.92,369,12
15-May-2024,49.07,49.07,48.5,48.5,155,8
14-May-2024,50.0,50.0,48.45,49.07,538,9
13-May-2024,51.0,51.0,48.45,51.0,1386,15
10-May-2024,51.97,51.97,49.45,50.99,1794,15
9-May-2024,52.0,52.0,49.5,49.5,650,4
8-May-2024,50.8,52.0,48.26,52.0,1471,21
7-May-2024,54.45,54.75,50.72,50.8,777,19
6-May-2024,51.0,53.4,50.73,53.38,1409,20
3-May-2024,54.74,54.74,52.02,53.4,953,16
2-May-2024,54.75,54.75,54.75,54.75,2458,33
30-April-2024,52.15,52.15,47.5,52.15,2601,27
29-April-2024,46.73,49.67,46.73,49.67,1964,17
26-April-2024,48.0,50.6,46.72,47.31,3324,24
25-April-2024,50.7,50.7,49.0,49.17,913,12
24-April-2024,51.6,51.6,50.71,50.71,2069,29
23-April-2024,55.38,55.38,50.12,53.37,5706,47
22-April-2024,51.12,56.5,51.12,52.75,6409,86
19-April-2024,53.81,53.81,53.81,53.81,189,14
18-April-2024,58.5,58.5,56.64,56.64,533,13
16-April-2024,60.1,60.1,59.62,59.62,2408,47
15-April-2024,61.81,63.63,57.57,62.75,5363,73
12-April-2024,57.12,61.4,53.45,60.6,3427,41
10-April-2024,56.77,57.0,51.01,56.0,2174,56
9-April-2024,47.0,56.5,47.0,55.27,8685,80
8-April-2024,48.95,52.98,48.17,51.86,2801,33
5-April-2024,47.0,48.95,45.5,48.17,1625,26
4-April-2024,49.0,49.0,44.51,44.73,1897,37
3-April-2024,45.81,48.1,44.01,46.83,1038,25
2-April-2024,46.95,47.2,43.4,45.81,6984,48
1-April-2024,43.76,45.95,43.76,45.0,5906,34
28-March-2024,42.0,44.62,40.39,43.77,11625,32
27-March-2024,45.36,45.36,42.5,42.5,733,13
26-March-2024,43.98,43.98,41.0,43.2,185,13
22-March-2024,41.8,41.89,41.8,41.89,599,17
21-March-2024,39.9,39.9,39.9,39.9,725,17
20-March-2024,39.09,39.09,38.0,38.0,585,9
19-March-2024,37.07,37.23,37.05,37.23,1241,25
18-March-2024,36.4,36.43,33.0,35.46,2753,24
15-March-2024,31.41,34.71,31.41,34.7,1725,33
14-March-2024,33.06,34.0,33.06,33.06,5573,34
13-March-2024,36.63,36.63,34.79,34.79,1020,24
12-March-2024,38.05,39.95,36.15,36.62,850,25
11-March-2024,38.2,42.0,38.02,38.05,1656,34
7-March-2024,41.04,43.95,39.79,40.02,1173,16
6-March-2024,42.0,44.08,41.88,41.88,1821,19
5-March-2024,44.08,44.08,40.5,44.08,2557,33
4-March-2024,43.45,45.5,41.25,41.99,6373,53
2-March-2024,45.55,45.59,43.42,43.42,274,8
1-March-2024,43.42,43.42,43.42,43.42,2605,12
29-February-2024,45.2,45.2,44.3,44.3,925,9
28-February-2024,45.2,45.2,45.2,45.2,472,3
27-February-2024,46.12,46.12,46.12,46.12,20,1
26-February-2024,47.06,47.1,47.06,47.06,1356,9
23-February-2024,49.98,49.98,48.02,48.02,2345,17
22-February-2024,48.71,49.0,48.71,49.0,319,10
21-February-2024,49.7,49.7,48.71,48.71,600,10
20-February-2024,49.68,49.7,49.68,49.7,528,7
19-February-2024,50.69,50.69,50.69,50.69,109,5
16-February-2024,51.69,51.72,51.69,51.72,4325,12
15-February-2024,52.74,52.74,52.74,52.74,184,6
14-February-2024,53.81,53.81,53.81,53.81,79,5
13-February-2024,55.06,56.17,54.9,54.9,600,12
12-February-2024,56.19,56.19,55.07,55.07,350,3
9-February-2024,56.19,56.19,56.19,56.19,217,9
8-February-2024,57.33,57.34,57.33,57.33,856,13
7-February-2024,58.49,58.49,58.49,58.49,1390,18
6-February-2024,60.89,60.89,59.68,59.68,1351,12
5-February-2024,60.89,61.0,60.89,60.89,665,16
2-February-2024,59.71,60.89,59.71,60.89,1895,24
1-February-2024,60.89,60.89,60.89,60.89,1038,14
31-January-2024,62.13,62.13,62.13,62.13,458,10
30-January-2024,63.39,63.39,63.39,63.39,349,11
29-January-2024,64.68,64.68,64.68,64.68,282,8
25-January-2024,67.29,67.29,65.99,65.99,52,6
24-January-2024,63.95,66.0,63.95,66.0,2125,22
23-January-2024,65.96,65.96,62.8,65.25,9740,101
20-January-2024,62.82,62.82,62.82,62.82,569,13
19-January-2024,58.9,59.83,58.9,59.83,9323,43
18-January-2024,56.99,56.99,54.28,56.99,2460,35
17-January-2024,54.22,54.28,51.7,54.28,3454,65
16-January-2024,51.7,51.7,51.7,51.7,2005,18
15-January-2024,49.24,49.24,49.24,49.24,145,6
12-January-2024,47.1,47.1,46.9,46.9,263,5
11-January-2024,45.28,46.18,45.28,46.18,1656,7
10-January-2024,45.28,45.28,45.28,45.28,549,8
9-January-2024,46.0,46.2,46.0,46.2,215,4
8-January-2024,45.08,45.99,45.08,45.99,4090,4
5-January-2024,46.92,46.92,45.99,45.99,877,10
4-January-2024,46.92,46.92,46.92,46.92,230,7
3-January-2024,45.97,46.0,45.06,46.0,902,10
2-January-2024,45.97,45.97,45.97,45.97,400,1
1-January-2024,46.89,46.89,45.96,45.97,852,10
29-December-2023,46.89,46.89,46.89,46.89,2826,9
28-December-2023,48.81,49.0,47.84,47.84,832,11
27-December-2023,48.81,48.81,48.81,48.81,952,7
26-December-2023,49.25,50.23,49.25,49.8,1054,15
22-December-2023,50.25,50.25,49.25,49.25,425,7
21-December-2023,50.25,50.25,50.25,50.25,3,2
20-December-2023,49.35,51.25,49.35,49.36,1682,9
19-December-2023,50.4,50.4,50.35,50.35,1243,10
18-December-2023,49.99,49.99,49.99,49.99,524,6
15-December-2023,50.96,50.97,49.01,49.01,3362,25
14-December-2023,49.98,49.98,49.98,49.98,690,5
13-December-2023,49.11,49.11,48.15,49.0,19700,11
12-December-2023,46.28,48.15,46.28,48.15,728,11
11-December-2023,48.16,48.16,47.2,47.21,4185,22
8-December-2023,49.0,49.0,48.16,48.16,4674,19
7-December-2023,49.14,49.14,49.14,49.14,3058,23
6-December-2023,52.1,52.1,50.14,50.14,5626,39
5-December-2023,51.16,51.16,51.16,51.16,7487,40
4-December-2023,52.2,52.2,52.2,52.2,698,10
1-December-2023,49.72,49.72,49.72,49.72,678,16
30-November-2023,47.36,47.36,47.36,47.36,867,14
29-November-2023,45.11,45.11,45.11,45.11,979,14
28-November-2023,42.85,42.97,42.85,42.97,1736,17
24-November-2023,44.25,44.36,40.14,40.93,10962,73
23-November-2023,42.25,42.25,40.2,42.25,6274,64
22-November-2023,42.21,42.21,38.19,40.24,13344,111
21-November-2023,40.2,40.2,40.2,40.2,14119,62
20-November-2023,38.29,38.29,38.29,38.29,2679,11
17-November-2023,36.47,36.47,36.47,36.47,6574,34
16-November-2023,34.74,34.74,34.74,34.74,3831,14
15-November-2023,33.09,33.09,33.09,33.09,3707,13
13-November-2023,31.54,32.28,29.5,31.52,9352,45
12-November-2023,32.19,32.19,29.15,30.78,5389,53
10-November-2023,30.65,30.66,30.65,30.66,11508,36
9-November-2023,30.5,30.59,27.7,29.2,8875,64
8-November-2023,29.13,29.14,29.13,29.14,4026,14
7-November-2023,26.9,27.77,26.9,27.77,2317,22
6-November-2023,25.9,26.62,24.8,26.45,5288,37
3-November-2023,23.2,25.36,23.2,25.36,742,10
2-November-2023,22.51,24.5,22.51,24.16,1754,24
1-November-2023,23.89,23.89,23.1,23.41,1606,13
31-October-2023,23.89,23.89,23.89,23.89,480,5
30-October-2023,24.9,24.9,24.0,24.5,621,12
27-October-2023,25.45,25.8,24.24,24.31,468,15
26-October-2023,25.56,26.72,25.42,25.44,719,14
25-October-2023,26.04,27.89,26.04,26.75,768,5
23-October-2023,29.42,29.42,27.4,27.41,1126,17
20-October-2023,28.0,28.9,26.71,28.84,315,13
19-October-2023,27.6,27.89,26.61,27.85,1384,19
18-October-2023,28.89,28.89,26.8,27.7,4749,37
17-October-2023,26.86,27.52,26.86,27.52,3917,21
16-October-2023,26.9,27.6,25.8,26.21,3032,31
13-October-2023,26.61,27.79,26.6,26.6,1870,28
12-October-2023,28.4,28.4,26.6,27.88,2544,29
11-October-2023,29.0,29.0,27.98,27.98,1824,29
10-October-2023,28.6,29.75,27.6,29.45,1785,41
9-October-2023,27.99,28.99,26.94,28.4,5626,45
6-October-2023,26.15,28.59,26.15,28.35,1657,24
5-October-2023,27.29,28.85,27.0,27.51,9455,69
4-October-2023,28.42,29.89,28.42,28.42,10230,50
3-October-2023,29.91,32.31,29.91,29.91,6376,38
29-September-2023,34.78,34.78,31.48,31.48,29216,129
28-September-2023,33.13,33.13,33.13,33.13,2854,9
27-September-2023,31.56,31.56,31.56,31.56,14574,15
26-September-2023,28.72,30.97,28.52,30.06,9658,88
25-September-2023,27.14,28.52,25.56,28.16,7459,58
22-September-2023,24.81,27.26,24.81,25.96,2858,24
21-September-2023,24.65,26.5,24.65,25.19,5125,51
20-September-2023,24.49,25.79,24.49,25.44,2992,39
18-September-2023,26.06,26.06,24.4,24.44,3053,37
15-September-2023,26.96,26.97,24.5,25.55,2811,33
14-September-2023,25.14,27.37,24.34,25.22,1493,40
13-September-2023,25.45,25.45,22.66,25.14,1338,26
12-September-2023,25.0,25.0,23.09,23.5,8898,51
11-September-2023,24.5,24.5,23.14,24.1,4240,38
8-September-2023,22.21,23.9,22.21,23.35,3964,31
7-September-2023,22.94,23.9,21.28,23.63,2896,28
6-September-2023,22.99,22.99,20.75,22.94,4104,38
5-September-2023,22.45,23.61,21.89,21.96,2359,20
4-September-2023,23.85,23.85,21.06,21.47,3303,35
1-September-2023,21.26,23.93,21.26,21.69,269,11
31-August-2023,23.39,23.39,22.0,22.31,4616,31
30-August-2023,23.0,25.25,22.15,22.9,8128,77
29-August-2023,22.79,23.2,22.79,23.0,1901,7
28-August-2023,23.0,23.0,20.43,22.0,1164,19
25-August-2023,22.9,22.9,21.14,21.9,1010,24
24-August-2023,22.99,22.99,21.85,22.04,8972,27
23-August-2023,23.46,23.46,21.6,22.99,1881,24
22-August-2023,23.0,23.0,20.75,21.36,3230,22
21-August-2023,23.25,24.0,21.33,21.64,9117,45
18-August-2023,22.9,22.9,20.02,22.33,1231,16
17-August-2023,23.29,23.29,21.02,21.45,1264,19
16-August-2023,22.5,22.5,19.27,22.29,383,11
14-August-2023,22.2,23.45,20.0,20.65,4151,25
11-August-2023,23.49,23.49,21.8,22.2,1417,13
10-August-2023,24.0,24.0,22.62,23.49,587,11
9-August-2023,23.9,23.9,22.07,23.25,389,14
8-August-2023,23.5,23.5,22.05,23.12,929,17
7-August-2023,23.79,23.79,21.51,22.12,4941,33
4-August-2023,23.8,23.8,21.55,21.73,512,10
3-August-2023,22.99,23.0,22.5,22.5,2471,17
2-August-2023,24.0,25.0,22.0,22.18,2753,23
1-August-2023,23.92,23.92,21.7,23.54,1080,11
31-July-2023,24.0,24.0,23.0,23.0,604,10
28-July-2023,23.5,23.5,21.83,22.93,1843,20
27-July-2023,21.25,23.2,21.25,22.96,5036,33
26-July-2023,23.0,23.0,22.51,22.51,663,11
25-July-2023,23.21,23.8,22.31,23.58,5159,36
24-July-2023,23.39,23.99,22.5,23.9,5249,37
21-July-2023,22.56,23.49,22.02,23.13,1692,18
20-July-2023,21.69,22.97,21.69,22.37,9627,35
19-July-2023,23.0,23.26,21.6,22.13,1631,22
18-July-2023,22.97,22.97,21.5,21.71,1901,21
17-July-2023,22.0,23.48,21.5,21.53,1116,17
14-July-2023,22.5,23.0,22.0,22.01,1808,9
13-July-2023,24.5,24.5,21.6,21.78,8130,52
12-July-2023,22.98,23.62,21.88,22.55,19409,65
11-July-2023,21.0,23.45,21.0,21.48,7123,46
10-July-2023,21.9,22.23,21.75,21.82,765,10
7-July-2023,22.0,22.0,19.5,21.92,1640,20
6-July-2023,21.7,22.59,20.52,21.08,2022,25
5-July-2023,21.1,22.64,21.1,22.6,423,18
4-July-2023,22.69,22.69,22.69,22.69,130,1
3-July-2023,22.88,22.88,22.0,22.69,526,11
30-June-2023,22.99,22.99,21.65,22.89,1187,15
28-June-2023,19.7,22.42,19.7,22.0,2954,9
27-June-2023,20.17,22.34,20.17,20.77,1168,15
26-June-2023,23.6,23.6,19.8,20.58,592,12
23-June-2023,21.5,21.95,21.5,21.5,436,9
22-June-2023,20.7,21.9,20.65,21.1,1125,21
21-June-2023,22.5,22.5,20.57,22.37,221,5
20-June-2023,22.0,22.0,20.17,21.92,541,6
19-June-2023,22.0,23.0,20.05,21.63,2990,36
16-June-2023,21.3,21.5,21.0,21.5,303,12
15-June-2023,22.0,22.0,20.22,21.3,2523,20
14-June-2023,22.98,22.98,21.2,22.12,2540,31
13-June-2023,22.43,23.09,21.6,21.81,5231,31
12-June-2023,23.6,24.9,22.0,22.01,23284,117
9-June-2023,24.89,24.89,24.0,24.44,5075,17
8-June-2023,25.85,25.85,24.0,24.06,170,10
7-June-2023,25.0,25.49,23.5,25.0,673,11
6-June-2023,25.25,26.0,25.0,25.0,1778,17
5-June-2023,26.24,26.99,25.0,25.26,2449,22
2-June-2023,28.7,30.75,25.49,26.24,8400,54
1-June-2023,28.95,28.98,26.35,28.32,6099,44
31-May-2023,25.8,26.35,25.8,26.35,9599,53
30-May-2023,23.16,23.97,23.16,23.96,26,5
29-May-2023,23.14,23.99,23.14,23.16,600,8
26-May-2023,24.5,24.5,23.1,23.1,500,4
25-May-2023,23.5,23.63,23.5,23.5,380,6
24-May-2023,23.27,24.49,23.27,24.45,107,7
23-May-2023,22.75,24.1,22.6,23.35,1097,18
22-May-2023,24.1,24.96,22.56,24.86,690,19
19-May-2023,25.1,25.1,23.9,24.07,992,12
18-May-2023,26.0,26.0,25.0,25.53,273,22
17-May-2023,25.97,25.97,24.13,25.97,225,9
16-May-2023,24.16,26.45,24.16,25.97,1343,22
15-May-2023,28.05,28.79,25.1,25.77,4594,48
12-May-2023,23.5,27.68,23.5,27.49,3472,20
11-May-2023,24.0,26.02,24.0,25.57,2788,37
10-May-2023,24.47,24.99,23.25,23.66,2014,25
9-May-2023,24.84,24.84,23.2,23.22,1450,17
8-May-2023,26.38,26.38,23.07,23.16,207,14
5-May-2023,23.6,25.0,23.6,23.99,1287,9
4-May-2023,24.35,24.35,22.0,24.24,2731,15
3-May-2023,23.8,23.8,22.18,22.26,1731,11
2-May-2023,24.05,24.75,21.25,22.14,1494,28
28-April-2023,23.7,24.2,22.65,23.0,7595,27
27-April-2023,21.2,23.08,21.2,22.0,6254,19
26-April-2023,20.25,21.3,19.84,20.99,1526,18
25-April-2023,19.5,21.5,19.5,19.75,504,11
24-April-2023,21.25,21.25,19.1,19.97,2010,29
21-April-2023,21.15,21.25,19.5,20.51,7242,38
20-April-2023,22.9,22.9,20.27,21.48,441,15
19-April-2023,22.15,22.15,19.95,21.74,3143,16
18-April-2023,22.0,22.23,20.01,22.15,1022,11
17-April-2023,20.85,23.25,19.5,20.21,3248,35
13-April-2023,23.99,23.99,20.25,21.5,689,7
12-April-2023,22.65,22.65,20.62,22.48,66,10
11-April-2023,20.0,22.92,19.51,20.6,2252,27
10-April-2023,23.36,23.36,21.31,21.31,525,19
6-April-2023,21.43,22.42,20.36,22.34,1230,11
5-April-2023,19.5,21.42,19.5,21.42,741,24
3-April-2023,19.0,20.4,19.0,20.4,1195,13
31-March-2023,19.01,21.0,19.01,19.43,1188,16
29-March-2023,20.01,20.01,20.01,20.01,200,4
28-March-2023,21.06,21.06,21.06,21.06,41,2
27-March-2023,20.97,21.06,19.06,21.06,2935,26
24-March-2023,21.96,21.96,20.03,20.06,1066,14
23-March-2023,23.0,23.0,20.9,20.92,1405,20
22-March-2023,22.97,22.97,21.85,22.0,179,11
21-March-2023,22.99,22.99,21.0,22.97,249,17
20-March-2023,20.39,21.99,20.39,21.99,560,9
17-March-2023,23.7,23.7,21.46,21.46,1113,10
16-March-2023,20.85,22.86,20.71,22.58,2241,16
15-March-2023,20.01,21.8,20.0,21.79,1003,23
14-March-2023,20.81,20.81,20.81,20.81,9,1
13-March-2023,21.6,23.73,21.6,21.72,1545,22
10-March-2023,23.65,24.83,22.6,22.6,7354,20
9-March-2023,22.47,24.82,22.47,23.65,2290,24
8-March-2023,23.65,23.65,23.65,23.65,548,12
6-March-2023,27.4,27.4,24.8,24.8,2452,24
3-March-2023,24.92,26.15,24.29,26.1,1356,24
2-March-2023,23.8,24.91,23.8,24.91,810,13
1-March-2023,23.73,23.73,23.72,23.73,526,14
28-February-2023,22.15,24.15,22.15,22.6,346,8
27-February-2023,23.0,23.0,23.0,23.0,5,1
24-February-2023,24.0,24.0,23.1,23.1,49,7
23-February-2023,23.5,23.5,23.0,23.5,1716,9
22-February-2023,24.5,25.45,24.05,24.1,666,17
21-February-2023,24.5,26.1,24.3,24.5,663,14
20-February-2023,27.55,27.55,25.1,25.1,335,9
17-February-2023,23.8,26.25,23.8,26.25,1232,21
16-February-2023,27.0,27.0,24.7,25.0,2443,20
15-February-2023,26.45,26.45,25.45,26.0,5930,27
14-February-2023,27.35,27.35,24.75,25.2,11984,49
13-February-2023,26.05,26.05,26.05,26.05,1210,10
10-February-2023,24.85,24.85,24.8,24.85,6645,31
9-February-2023,24.25,24.25,23.15,23.7,882,12
8-February-2023,24.45,24.5,24.0,24.05,771,13
7-February-2023,23.5,25.0,23.5,25.0,738,19
6-February-2023,24.65,24.65,24.65,24.65,26,2
3-February-2023,24.0,24.7,23.55,24.7,359,11
2-February-2023,24.95,24.95,23.25,24.75,27,9
1-February-2023,25.7,26.7,24.45,24.45,4207,22
31-January-2023,26.7,27.45,25.7,25.7,2700,18
30-January-2023,27.75,27.75,25.4,26.7,1666,29
27-January-2023,27.9,27.9,26.65,26.7,1172,27
25-January-2023,28.95,29.8,27.1,27.9,6651,70
24-January-2023,26.65,28.5,26.4,28.5,8553,50
23-January-2023,28.9,28.9,26.2,27.15,10125,70
20-January-2023,25.25,27.55,25.25,27.55,5562,48
19-January-2023,26.0,26.3,23.9,26.25,2860,45
18-January-2023,25.05,25.05,24.0,25.05,4140,37
17-January-2023,23.85,23.9,23.75,23.9,3284,12
16-January-2023,21.6,22.8,21.6,22.8,4006,27
13-January-2023,22.5,23.45,21.6,21.75,4816,38
12-January-2023,23.75,23.8,22.2,22.5,2984,23
11-January-2023,26.3,26.3,22.65,22.95,4651,68
10-January-2023,28.35,28.35,24.4,24.4,29046,130
9-January-2023,25.5,28.0,25.5,27.1,4806,51
6-January-2023,27.7,27.7,24.5,25.5,6791,87
5-January-2023,26.2,28.5,24.15,25.2,3758,90
4-January-2023,27.65,29.2,25.45,26.2,21043,206
3-January-2023,28.6,30.9,28.25,28.25,43442,219
2-January-2023,31.8,34.2,28.1,31.35,69149,447
30-December-2022,29.8,31.1,28.9,31.1,64854,266
29-December-2022,25.1,25.95,22.3,25.95,35015,133
28-December-2022,19.0,21.65,19.0,21.65,10150,43
27-December-2022,19.2,19.65,16.85,18.05,394,10
26-December-2022,16.9,19.95,16.9,19.15,577,18
23-December-2022,19.65,19.65,17.05,17.2,2143,16
22-December-2022,19.5,19.95,18.3,19.65,1435,13
21-December-2022,22.9,23.0,19.5,20.85,1379,25
20-December-2022,19.3,21.95,19.25,20.05,737,26
19-December-2022,23.0,23.0,19.45,20.2,1712,20
16-December-2022,22.5,22.5,19.85,21.0,1573,16
15-December-2022,21.8,21.8,18.7,21.0,1320,17
14-December-2022,19.95,21.75,18.2,19.85,409,15
13-December-2022,20.95,20.95,19.95,20.0,614,9
12-December-2022,22.0,22.0,19.8,19.9,287,12
9-December-2022,21.5,22.85,20.0,20.65,2820,41
8-December-2022,18.55,23.0,18.5,20.3,1472,32
7-December-2022,21.7,22.0,21.7,21.8,1725,25
6-December-2022,21.5,21.5,19.0,20.0,2483,33
5-December-2022,19.65,20.7,17.85,19.75,776,16
2-December-2022,20.35,20.35,18.05,19.05,537,11
1-December-2022,20.0,20.95,18.9,18.9,3355,23
30-November-2022,19.8,21.05,18.55,19.4,3234,48
29-November-2022,19.9,19.9,18.35,19.2,1143,20
28-November-2022,17.65,18.5,16.45,18.4,1425,18
25-November-2022,17.45,18.4,17.2,17.3,116,3
24-November-2022,18.3,18.3,17.45,17.45,205,2
23-November-2022,17.65,18.7,17.3,18.25,1406,32
22-November-2022,18.3,18.7,18.3,18.6,145,6
21-November-2022,18.85,18.9,18.3,18.3,255,5
18-November-2022,18.05,18.85,17.6,18.85,1032,12
17-November-2022,17.55,19.4,17.55,19.05,120,6
16-November-2022,19.35,19.4,18.25,18.25,1551,24
15-November-2022,19.7,19.7,18.2,19.15,794,11
14-November-2022,19.2,20.8,18.2,19.7,5010,35
11-November-2022,19.2,19.2,17.35,19.05,3257,22
10-November-2022,16.95,17.95,16.95,17.95,8190,25
9-November-2022,16.75,16.75,16.35,16.35,800,11
7-November-2022,16.35,19.05,16.35,17.35,10335,43
4-November-2022,17.35,17.9,16.2,17.35,182,6
3-November-2022,16.75,16.75,16.75,16.75,1281,7
2-November-2022,17.8,18.0,16.45,17.4,1389,11
1-November-2022,16.4,17.8,16.4,17.45,145,9
31-October-2022,16.25,17.7,15.9,17.7,1607,13
28-October-2022,17.3,17.3,16.25,16.25,623,4
27-October-2022,16.55,17.3,16.55,16.85,822,9
25-October-2022,16.55,18.5,16.55,17.2,440,8
24-October-2022,18.15,18.15,17.95,17.95,638,4
21-October-2022,18.5,18.5,16.35,17.75,5095,47
20-October-2022,16.05,17.4,16.05,17.05,503,8
19-October-2022,16.95,16.95,15.85,16.4,1879,9
18-October-2022,16.5,17.3,16.3,16.3,1046,11
17-October-2022,16.55,17.5,16.0,16.5,1554,12
14-October-2022,18.05,18.05,16.0,16.3,7589,50
13-October-2022,18.05,18.05,16.55,17.75,245,8
12-October-2022,18.0,18.0,16.5,17.7,581,8
11-October-2022,17.85,17.85,16.85,17.0,321,10
10-October-2022,16.85,18.85,16.85,17.85,4190,32
7-October-2022,17.15,17.15,17.15,17.15,205,3
6-October-2022,16.35,16.35,16.35,16.35,53,2
4-October-2022,17.6,17.6,17.0,17.0,545,4
3-October-2022,16.0,16.8,16.0,16.8,310,3
30-September-2022,16.8,16.85,16.0,16.0,885,21
29-September-2022,16.1,17.45,16.0,16.05,17501,30
28-September-2022,16.75,16.8,16.75,16.75,1968,12
27-September-2022,16.95,17.7,16.9,17.55,1718,20
26-September-2022,16.95,16.95,15.95,16.95,758,8
23-September-2022,17.1,17.1,16.1,16.15,3701,13
22-September-2022,17.0,17.85,16.15,16.3,5847,45
21-September-2022,17.05,17.05,16.25,17.0,4113,9
20-September-2022,17.35,18.2,16.9,17.0,4370,25
19-September-2022,18.4,18.4,17.3,17.35,250,5
16-September-2022,17.6,17.6,17.6,17.6,210,4
15-September-2022,17.6,17.75,17.6,17.75,896,4
14-September-2022,18.0,19.25,17.65,18.15,1157,17
13-September-2022,19.75,19.75,18.4,18.5,1530,17
12-September-2022,19.6,19.6,18.4,19.35,342,11
9-September-2022,20.15,20.15,18.25,19.2,1166,13
8-September-2022,19.2,19.2,18.25,19.2,446,9
7-September-2022,18.85,19.2,18.85,19.2,64,3
6-September-2022,18.45,19.7,17.9,19.2,1128,15
5-September-2022,18.05,18.95,18.05,18.8,1493,16
2-September-2022,17.25,18.1,17.2,18.05,881,12
1-September-2022,17.8,18.0,17.1,17.25,311,12
30-August-2022,18.25,18.25,17.35,18.0,998,12
29-August-2022,18.35,18.35,17.7,18.25,172,9
26-August-2022,17.3,18.35,17.3,18.35,4420,27
25-August-2022,17.2,17.5,17.1,17.5,669,4
24-August-2022,18.35,18.35,17.1,17.1,1341,27
23-August-2022,18.85,19.0,17.95,17.95,503,9
22-August-2022,18.0,18.95,18.0,18.85,556,8
19-August-2022,19.45,19.45,18.0,18.05,517,5
18-August-2022,18.7,18.7,18.1,18.7,353,10
17-August-2022,19.1,19.1,18.1,18.95,1867,18
16-August-2022,19.2,21.0,19.05,19.05,1265,17
12-August-2022,20.1,20.1,19.15,20.05,1857,17
11-August-2022,19.05,19.15,19.05,19.15,898,8
10-August-2022,19.0,19.9,19.0,19.85,479,18
8-August-2022,19.85,19.85,19.0,19.0,3434,16
5-August-2022,18.95,19.0,18.5,18.95,327,10
4-August-2022,19.25,19.25,18.3,18.3,365,4
3-August-2022,18.7,19.35,18.7,19.25,2060,16
2-August-2022,17.35,18.7,17.3,18.7,1235,15
1-August-2022,17.65,18.15,17.6,18.15,3774,33
29-July-2022,18.5,18.5,18.5,18.5,197,4
28-July-2022,19.7,19.7,18.0,19.2,287,7
27-July-2022,19.5,19.5,17.9,18.85,2887,18
26-July-2022,18.8,18.8,17.9,18.8,1829,19
25-July-2022,18.0,18.8,17.45,18.8,1706,20
22-July-2022,18.0,19.4,18.0,18.0,1462,11
21-July-2022,19.8,19.8,18.5,18.75,2234,27
20-July-2022,19.9,19.9,18.55,19.4,1239,23
19-July-2022,20.0,20.0,18.5,19.5,2359,22
18-July-2022,19.05,20.65,18.8,19.05,3628,41
15-July-2022,19.65,19.7,19.65,19.7,1132,22
14-July-2022,22.1,22.1,20.2,20.65,2792,35
13-July-2022,22.85,23.6,21.05,21.2,7160,76
12-July-2022,23.8,24.2,21.8,23.3,13263,101
11-July-2022,23.45,23.45,21.15,22.65,6462,108
8-July-2022,23.4,24.85,21.25,22.95,56286,439
7-July-2022,19.45,21.0,18.5,21.0,32191,197
6-July-2022,13.5,18.0,13.5,17.5,8058,59
5-July-2022,16.95,16.95,15.0,15.0,1234,26
4-July-2022,14.6,17.4,14.6,15.8,759,13
1-July-2022,16.9,17.85,15.0,16.75,1542,24
30-June-2022,14.85,17.0,14.85,15.5,4628,41
29-June-2022,13.8,16.3,13.6,14.2,667,13
28-June-2022,15.2,15.8,14.5,14.5,903,16
27-June-2022,15.2,17.5,15.2,16.1,910,26
24-June-2022,16.5,16.5,13.75,15.5,188,12
23-June-2022,13.55,16.5,13.55,14.7,1716,30
22-June-2022,12.35,15.5,12.35,15.15,497,8
21-June-2022,13.15,14.0,13.15,13.8,218,10
20-June-2022,14.35,15.25,11.5,13.15,1280,32
17-June-2022,13.3,14.4,12.95,13.25,757,18
16-June-2022,15.9,15.9,13.25,13.25,3206,37
15-June-2022,14.4,16.45,13.2,14.4,9731,41
14-June-2022,14.2,16.5,14.15,16.5,2127,28
13-June-2022,16.95,16.95,14.0,15.6,1612,10
10-June-2022,17.35,17.35,14.75,17.2,92,10
9-June-2022,17.9,17.9,16.1,17.45,106,9
8-June-2022,17.8,17.9,14.05,17.0,1223,14
7-June-2022,17.2,17.2,15.5,17.2,1810,12
6-June-2022,16.4,16.95,14.8,16.85,2395,16
3-June-2022,18.0,18.0,16.3,16.4,2599,38
2-June-2022,17.15,17.9,17.15,17.9,80,6
1-June-2022,18.2,18.2,16.2,17.1,1781,23
31-May-2022,17.05,18.5,17.0,17.9,1620,24
30-May-2022,19.75,19.75,17.1,18.5,46,6
27-May-2022,18.85,18.85,17.55,18.5,427,13
26-May-2022,18.85,18.9,17.65,18.9,252,7
25-May-2022,19.25,19.25,16.8,18.45,518,14
24-May-2022,17.25,19.0,17.25,18.35,377,10
23-May-2022,19.65,19.65,17.05,18.65,1045,19
20-May-2022,17.15,17.95,15.7,17.95,3754,24
19-May-2022,18.6,19.95,16.45,17.15,1347,33
18-May-2022,16.7,18.25,16.7,18.2,3518,18
17-May-2022,17.8,18.7,16.3,16.6,1033,18
16-May-2022,18.15,20.25,16.65,17.8,2245,38
13-May-2022,16.2,18.95,16.2,18.5,1758,16
12-May-2022,15.2,18.0,15.2,18.0,787,10
11-May-2022,16.85,16.85,16.85,16.85,1433,5
10-May-2022,18.5,18.5,16.8,16.85,255,7
9-May-2022,18.4,18.85,18.4,18.5,197,3
6-May-2022,19.0,19.0,19.0,19.0,50,3
5-May-2022,19.5,19.5,18.15,19.45,584,6
4-May-2022,19.4,19.85,18.5,19.5,3186,15
2-May-2022,19.85,19.9,18.05,19.4,3526,31
29-April-2022,19.7,19.95,19.6,19.9,1314,15
28-April-2022,19.7,19.75,19.0,19.0,120,5
27-April-2022,19.7,19.7,19.2,19.7,3066,17
26-April-2022,19.7,19.7,17.75,18.8,1359,15
25-April-2022,19.25,19.75,19.25,19.7,1481,6
22-April-2022,17.65,21.0,17.5,18.85,997,24
21-April-2022,19.0,19.15,17.35,19.15,2433,36
20-April-2022,17.8,19.05,17.45,17.45,4347,23
19-April-2022,20.6,20.6,17.25,17.4,8131,38
18-April-2022,20.9,20.95,18.65,19.15,1998,23
13-April-2022,18.8,21.2,18.65,19.2,3108,42
12-April-2022,20.75,20.75,19.0,20.7,607,19
11-April-2022,23.6,23.65,19.55,20.75,5776,59
8-April-2022,20.45,21.55,18.0,21.5,4714,38
7-April-2022,19.55,20.5,16.9,19.6,3915,25
6-April-2022,18.65,18.65,18.65,18.65,468,12
5-April-2022,17.8,17.8,17.8,17.8,102,3
4-April-2022,17.0,17.0,17.0,17.0,471,8
1-April-2022,14.7,16.2,14.7,16.2,3090,16
31-March-2022,15.45,15.45,15.45,15.45,503,10
30-March-2022,16.9,16.9,16.25,16.25,4176,18
29-March-2022,17.1,17.1,17.1,17.1,260,5
28-March-2022,18.0,18.0,16.45,17.95,1101,8
25-March-2022,17.65,17.65,16.85,17.3,55,6
24-March-2022,16.85,17.65,16.85,17.65,647,6
23-March-2022,18.0,18.05,17.7,17.7,1218,9
22-March-2022,18.15,20.0,18.15,18.15,1123,21
21-March-2022,19.45,19.45,19.1,19.1,10,2
17-March-2022,19.5,19.5,19.45,19.45,107,3
16-March-2022,19.6,19.6,19.5,19.5,23,3
15-March-2022,19.7,19.7,19.0,19.0,46,6
14-March-2022,19.5,20.85,19.5,19.7,2063,14
11-March-2022,19.7,19.95,18.05,19.9,4635,26
10-March-2022,19.0,19.0,17.2,19.0,2206,19
9-March-2022,19.85,19.85,18.05,18.1,916,22
8-March-2022,18.95,18.95,18.95,18.95,140,4
7-March-2022,18.95,18.95,18.95,18.95,231,7
4-March-2022,18.1,18.1,18.1,18.1,260,4
3-March-2022,19.15,19.15,19.05,19.05,126,5
2-March-2022,18.25,18.25,18.25,18.25,460,4
28-February-2022,17.5,18.25,17.5,18.25,401,7
25-February-2022,16.45,17.5,16.2,17.5,1087,9
24-February-2022,18.45,18.45,16.75,16.75,1346,16
23-February-2022,16.8,17.6,16.8,17.6,18,4
22-February-2022,16.8,16.8,16.8,16.8,285,11
21-February-2022,16.85,17.65,16.85,17.65,208,7
18-February-2022,17.1,17.1,16.85,16.85,941,11
17-February-2022,17.5,17.7,17.25,17.7,617,9
16-February-2022,18.8,18.8,17.5,17.7,2433,23
15-February-2022,17.55,18.4,17.55,18.4,1941,12
14-February-2022,18.5,18.5,17.55,17.55,1431,23
11-February-2022,18.35,18.5,17.45,18.45,3144,27
10-February-2022,17.45,18.35,17.45,18.35,1144,16
9-February-2022,19.2,19.2,18.25,18.35,1417,13
8-February-2022,18.3,19.5,17.8,19.2,2444,20
7-February-2022,18.75,18.75,17.8,18.7,761,20
4-February-2022,18.2,18.7,17.0,18.7,1351,34
3-February-2022,18.0,18.85,17.85,17.85,497,19
2-February-2022,17.5,18.9,17.1,18.75,1543,19
1-February-2022,18.65,18.65,17.0,18.0,4409,33
31-January-2022,19.6,19.6,17.8,17.8,2138,38
28-January-2022,19.3,20.0,18.35,18.7,1246,36
27-January-2022,20.3,20.3,19.3,19.3,1541,20
25-January-2022,20.4,20.4,19.4,20.3,392,13
24-January-2022,20.0,20.55,20.0,20.4,1370,21
21-January-2022,19.8,19.8,18.85,19.6,2882,30
20-January-2022,20.8,20.8,19.8,19.8,3426,11
19-January-2022,20.95,20.95,20.0,20.8,2744,21
18-January-2022,20.0,21.0,19.0,20.95,5828,72
17-January-2022,21.05,22.1,20.0,20.0,7636,68
14-January-2022,21.05,21.6,21.05,21.05,4185,39
13-January-2022,22.85,22.85,22.15,22.15,7702,18
12-January-2022,25.45,25.45,23.05,23.3,12367,87
11-January-2022,24.25,24.25,23.1,24.25,7257,53
10-January-2022,23.1,23.1,22.0,23.1,8967,78
7-January-2022,22.05,22.05,21.0,22.0,10287,50
6-January-2022,21.0,21.0,19.0,21.0,8723,66
5-January-2022,20.0,21.0,19.95,20.0,7779,36
4-January-2022,21.85,21.85,19.85,21.0,11460,56
3-January-2022,20.85,20.85,19.85,20.85,5389,71
31-December-2021,20.15,20.15,18.25,19.88,5042,44
30-December-2021,19.5,19.5,18.95,19.21,6382,40
29-December-2021,18.62,18.62,18.62,18.62,7778,35
28-December-2021,17.74,17.74,17.74,17.74,767,5
27-December-2021,16.63,16.9,16.63,16.9,2046,15
24-December-2021,16.64,16.64,15.1,16.1,4126,39
23-December-2021,15.85,15.85,15.85,15.85,2060,24
22-December-2021,15.1,15.12,15.09,15.1,9658,25
21-December-2021,14.18,14.89,14.18,14.4,4480,23
20-December-2021,14.2,14.2,14.19,14.19,712,7
17-December-2021,14.25,14.25,14.2,14.2,401,7
16-December-2021,14.3,14.92,14.25,14.25,957,8
15-December-2021,13.54,14.21,13.01,14.21,5945,28
14-December-2021,14.54,14.54,13.2,13.54,1115,9
13-December-2021,14.54,14.55,13.86,13.86,797,17
10-December-2021,13.2,13.86,12.54,13.86,1263,11
9-December-2021,13.0,13.2,13.0,13.2,3385,14
8-December-2021,12.65,12.65,12.65,12.65,504,4
7-December-2021,12.1,12.75,12.1,12.1,1831,10
6-December-2021,11.6,12.15,11.6,12.15,584,8
2-December-2021,11.05,11.6,11.02,11.6,575,6
1-December-2021,11.2,11.6,11.02,11.6,605,5
30-November-2021,11.6,11.6,11.6,11.6,50,1
29-November-2021,11.6,11.6,11.6,11.6,11,2
26-November-2021,11.6,11.6,11.02,11.6,2860,14
25-November-2021,11.6,11.6,11.59,11.6,4603,14
24-November-2021,12.7,12.7,12.2,12.2,547,7
23-November-2021,12.7,12.7,12.7,12.7,10,1
22-November-2021,12.95,12.95,12.95,12.95,77,3
18-November-2021,13.6,13.6,12.95,12.95,247,4
17-November-2021,13.6,13.6,13.6,13.6,8,2
16-November-2021,13.74,13.74,13.6,13.6,13,3
12-November-2021,14.38,14.38,13.1,13.1,1385,12
11-November-2021,13.78,13.78,13.78,13.78,1915,15
10-November-2021,13.12,13.14,13.12,13.14,1701,8
9-November-2021,12.49,12.52,12.49,12.52,33,4
8-November-2021,11.89,11.93,11.89,11.93,288,4
2-November-2021,10.83,11.37,10.29,11.37,285,5
29-October-2021,10.83,10.83,10.83,10.83,31,4
28-October-2021,11.51,11.51,11.4,11.4,43,4
27-October-2021,11.85,11.95,11.4,11.4,502,3
26-October-2021,11.95,12.0,11.95,11.95,2214,11
25-October-2021,11.95,11.95,11.95,11.95,17,2
22-October-2021,12.41,12.55,12.41,12.55,597,4
21-October-2021,12.4,12.4,12.4,12.4,282,3
20-October-2021,13.39,13.39,12.4,12.4,814,7
19-October-2021,13.65,13.65,12.51,12.76,313,11
18-October-2021,13.02,13.02,11.89,13.02,1252,12
14-October-2021,13.0,13.6,12.4,12.4,1008,11
13-October-2021,13.0,13.0,13.0,13.0,491,8
12-October-2021,13.6,13.6,13.0,13.35,870,12
11-October-2021,12.99,13.07,12.99,13.0,165,7
8-October-2021,12.45,12.46,12.45,12.45,103,6
7-October-2021,13.24,13.24,12.05,12.45,3387,9
6-October-2021,12.62,12.62,12.61,12.61,1092,9
5-October-2021,13.27,13.28,13.27,13.27,6749,24
4-October-2021,11.5,12.65,11.47,12.65,146,8
1-October-2021,12.01,13.2,11.97,12.07,1310,13
30-September-2021,12.0,12.6,12.0,12.6,467,6
29-September-2021,11.86,12.01,11.86,12.01,102,3
28-September-2021,12.3,12.3,12.3,12.3,20,3
27-September-2021,12.35,13.0,12.35,12.35,513,8
24-September-2021,12.71,12.71,12.6,12.6,955,7
23-September-2021,12.55,13.09,12.55,13.05,467,9
22-September-2021,13.0,13.0,12.55,12.55,2130,12
20-September-2021,12.0,13.19,12.0,13.19,2436,8
17-September-2021,12.6,13.12,12.55,12.6,1437,16
16-September-2021,12.55,13.12,12.5,13.12,1138,18
15-September-2021,12.95,12.95,12.5,12.5,1806,8
14-September-2021,13.3,13.3,12.31,12.34,5132,45
13-September-2021,12.67,12.67,12.67,12.67,1103,10
9-September-2021,12.07,12.07,12.07,12.07,3530,8
8-September-2021,11.5,11.5,10.8,11.5,535,6
7-September-2021,10.97,10.97,10.97,10.97,4707,14
6-September-2021,10.45,10.46,10.45,10.45,5369,15
3-September-2021,9.5,9.97,9.5,9.97,319,6
1-September-2021,9.5,9.5,9.5,9.5,40,2
31-August-2021,9.5,9.5,9.5,9.5,89,3
30-August-2021,9.5,9.97,9.25,9.5,479,9
27-August-2021,9.46,9.5,9.46,9.5,200,2
26-August-2021,10.99,10.99,9.95,9.95,547,12
25-August-2021,9.49,10.47,9.49,10.47,1185,3
24-August-2021,9.9,10.0,9.85,9.98,862,8
23-August-2021,10.08,10.08,10.08,10.08,115,3
20-August-2021,10.97,10.97,10.6,10.6,119,4
18-August-2021,10.45,10.45,10.45,10.45,5,1
17-August-2021,11.5,11.5,11.0,11.0,1004,18
16-August-2021,11.94,11.94,11.2,11.5,776,12
13-August-2021,12.12,12.12,11.2,11.4,862,16
12-August-2021,11.55,12.12,11.55,11.55,612,12
11-August-2021,11.5,11.55,10.55,11.55,432,10
10-August-2021,12.1,12.1,11.0,11.0,1077,14
9-August-2021,11.49,11.55,11.49,11.55,105,3
6-August-2021,11.97,11.97,10.91,11.02,848,9
5-August-2021,11.99,12.58,11.4,11.4,565,11
4-August-2021,10.93,12.0,10.93,11.99,5901,8
3-August-2021,12.5,12.5,11.42,11.5,1954,15
2-August-2021,12.65,12.65,12.01,12.02,1381,15
30-July-2021,12.65,12.65,12.64,12.64,761,5
29-July-2021,13.9,14.7,13.3,13.3,4189,19
28-July-2021,14.2,14.2,13.1,14.0,26959,44
27-July-2021,13.53,13.53,13.53,13.53,673,10
26-July-2021,12.89,12.89,12.89,12.89,1480,5
23-July-2021,12.28,12.28,11.7,12.28,7620,41
22-July-2021,11.7,11.7,11.15,11.7,5053,35
20-July-2021,11.15,11.15,11.15,11.15,5032,23
19-July-2021,10.62,10.62,10.59,10.62,2618,14
16-July-2021,10.12,10.12,9.85,10.12,6635,20
15-July-2021,9.6,9.64,9.6,9.64,274,2
14-July-2021,9.19,9.19,9.19,9.19,693,4
13-July-2021,8.76,8.76,8.76,8.76,200,1
12-July-2021,8.35,8.35,8.35,8.35,182,3
9-July-2021,7.96,7.96,7.96,7.96,10,2
8-July-2021,7.75,7.75,7.59,7.59,5494,18
7-July-2021,8.4,8.4,7.98,7.98,32,4
6-July-2021,8.4,8.4,8.4,8.4,144,7
5-July-2021,8.85,8.85,8.84,8.84,190,2
2-July-2021,9.27,9.3,9.27,9.3,1117,6
1-July-2021,9.76,9.76,9.75,9.75,353,3
30-June-2021,10.22,10.22,10.22,10.22,50,1
29-June-2021,10.75,10.75,10.75,10.75,162,4
28-June-2021,11.31,11.31,11.31,11.31,401,5
25-June-2021,11.9,11.9,11.9,11.9,40,2
24-June-2021,11.34,11.34,11.34,11.34,15,2
23-June-2021,11.92,11.92,10.8,10.8,2361,6
22-June-2021,11.36,11.36,11.36,11.36,190,4
18-June-2021,10.82,10.82,10.82,10.82,857,5
17-June-2021,9.82,10.31,9.82,10.31,1059,9
16-June-2021,9.36,9.82,9.36,9.82,5260,4
15-June-2021,8.92,9.36,8.9,9.36,4184,9
14-June-2021,8.5,8.92,8.5,8.92,2001,3
11-June-2021,8.5,8.5,8.5,8.5,1832,4
10-June-2021,8.6,8.6,8.5,8.5,243,5
9-June-2021,8.6,8.6,8.29,8.6,110,3
7-June-2021,8.66,8.66,8.6,8.6,462,6
4-June-2021,8.66,8.66,8.66,8.66,1,1
3-June-2021,9.11,9.11,8.66,8.66,450,4
2-June-2021,9.0,9.11,9.0,9.11,21,2
1-June-2021,9.12,9.12,9.12,9.12,40,4
31-May-2021,9.12,9.12,9.12,9.12,100,1
28-May-2021,9.14,9.14,9.12,9.12,343,6
27-May-2021,9.62,9.62,9.14,9.14,210,2
25-May-2021,9.62,9.62,9.62,9.62,1,1
21-May-2021,9.62,9.62,9.62,9.62,31,3
19-May-2021,9.62,9.62,9.62,9.62,1,1
17-May-2021,9.17,9.17,9.17,9.17,26,2
14-May-2021,9.17,9.17,9.17,9.17,23,4
12-May-2021,9.17,9.17,9.17,9.17,23,3
11-May-2021,9.17,9.17,9.17,9.17,3,2
10-May-2021,9.17,9.17,9.17,9.17,4,3
28-April-2021,9.17,9.17,9.17,9.17,1,1
7-April-2021,9.65,9.65,9.65,9.65,652,2
6-April-2021,10.15,10.15,10.15,10.15,4358,7
31-March-2021,10.68,10.68,10.68,10.68,100,1
26-February-2021,11.24,11.24,11.24,11.24,1,1
16-February-2021,11.83,11.83,11.83,11.83,20,1
15-February-2021,11.84,11.84,11.84,11.84,20,1
12-February-2021,12.46,12.46,12.46,12.46,923,1
9-February-2021,13.11,13.11,13.11,13.11,1000,3
3-February-2021,13.8,13.8,13.8,13.8,1,1
15-January-2021,13.8,13.8,13.8,13.8,5,1
14-January-2021,13.6,13.6,13.6,13.6,1,1
8-January-2021,14.0,14.0,14.0,14.0,1,1
7-January-2021,14.3,14.3,14.3,14.3,11,1
6-January-2021,15.0,15.0,15.0,15.0,5,1
5-January-2021,13.72,14.39,13.72,14.39,2125,8
4-January-2021,13.74,13.74,13.74,13.74,1,1
31-December-2020,13.79,13.79,13.75,13.75,568,2
30-December-2020,13.8,13.8,13.8,13.8,150,2
29-December-2020,13.8,13.8,13.8,13.8,2,1
28-December-2020,13.89,13.89,13.89,13.89,1,1
24-December-2020,13.89,13.89,13.89,13.89,1,1
23-December-2020,13.89,13.89,13.89,13.89,5,1
22-December-2020,13.89,13.89,13.89,13.89,5,1
21-December-2020,14.57,14.57,13.89,13.89,6,2
18-December-2020,13.88,13.89,13.8,13.89,12806,10
17-December-2020,13.23,13.23,12.0,13.23,9611,15
16-December-2020,12.25,12.6,12.25,12.6,1774,11
15-December-2020,12.0,12.0,12.0,12.0,1,1
14-December-2020,11.55,11.55,11.55,11.55,5,1
11-December-2020,12.0,12.0,11.0,11.0,106,2
10-December-2020,11.5,11.5,11.5,11.5,5,1
9-December-2020,11.4,11.4,11.3,11.3,56,4
8-December-2020,10.92,10.92,10.92,10.92,2,1
7-December-2020,10.4,10.4,10.4,10.4,10,1
4-December-2020,10.0,10.0,10.0,10.0,5,1
3-December-2020,10.0,10.0,10.0,10.0,1,1
1-December-2020,10.2,10.2,10.2,10.2,600,3
25-November-2020,10.4,10.4,10.2,10.2,200,2
24-November-2020,10.2,10.2,10.2,10.2,1002,9
23-November-2020,10.0,10.0,10.0,10.0,450,2
20-November-2020,10.12,10.12,10.12,10.12,205,3
19-November-2020,9.93,9.93,9.93,9.93,1105,4
18-November-2020,9.74,9.74,9.74,9.74,520,8
17-November-2020,9.74,9.74,9.5,9.55,302,4
11-November-2020,9.5,9.55,9.5,9.55,22,3
6-November-2020,9.4,9.4,9.4,9.4,1,1
5-November-2020,9.59,9.59,9.59,9.59,21,2
4-November-2020,9.78,9.78,9.78,9.78,10,1
3-November-2020,9.59,9.59,9.59,9.59,100,1
2-November-2020,9.78,9.78,9.78,9.78,10,1
30-October-2020,9.65,9.65,9.6,9.6,11,2
29-October-2020,9.47,9.47,9.47,9.47,5,1
28-October-2020,9.3,9.3,9.29,9.29,111,3
27-October-2020,9.15,9.15,9.15,9.15,4,2
23-October-2020,9.11,9.11,9.11,9.11,10,1
21-October-2020,8.94,8.94,8.94,8.94,2,1
19-October-2020,8.77,8.77,8.77,8.77,20,1
15-October-2020,8.6,8.6,8.6,8.6,200,1
14-October-2020,8.68,8.68,8.68,8.68,393,3
13-October-2020,8.5,8.51,8.5,8.51,105,3
12-October-2020,8.35,8.35,8.35,8.35,10,1
9-October-2020,8.19,8.19,8.19,8.19,20,2
8-October-2020,8.03,8.03,8.03,8.03,15,1
7-October-2020,7.88,7.88,7.88,7.88,2185,5
6-October-2020,7.73,7.73,7.73,7.73,10,1
5-October-2020,7.58,7.58,7.58,7.58,15,1
1-October-2020,7.44,7.44,7.44,7.44,25,1
28-September-2020,7.3,7.33,7.3,7.3,1545,2
25-September-2020,7.19,7.19,7.19,7.19,5,1
23-September-2020,7.05,7.05,7.05,7.05,115,2
22-September-2020,6.92,6.92,6.92,6.92,107,2
21-September-2020,6.79,6.79,6.79,6.79,200,2
18-September-2020,6.66,6.66,6.66,6.66,100,1
16-September-2020,6.52,6.78,6.52,6.53,1531,13
15-September-2020,6.9,6.9,6.65,6.65,628,6
14-September-2020,6.78,6.78,6.78,6.78,200,2
11-September-2020,6.4,6.65,6.4,6.65,253,5
10-September-2020,6.52,6.52,6.52,6.52,1,1
9-September-2020,6.4,6.4,6.4,6.4,205,3
8-September-2020,6.84,6.84,6.5,6.52,2824,13
7-September-2020,6.84,6.84,6.84,6.84,8,2
4-September-2020,6.86,7.19,6.86,7.19,212,2
3-September-2020,6.86,7.57,6.86,6.87,4104,27
2-September-2020,7.22,7.22,7.22,7.22,202,2
1-September-2020,7.59,7.59,7.59,7.59,201,3
31-August-2020,7.98,7.98,7.98,7.98,900,3
28-August-2020,8.4,8.4,8.4,8.4,1,1
27-August-2020,8.84,8.84,8.84,8.84,421,4
26-August-2020,9.3,9.3,9.3,9.3,400,2
25-August-2020,10.0,10.0,9.78,9.78,111,3
24-August-2020,10.29,10.29,10.29,10.29,2,1
21-August-2020,11.1,11.1,10.83,10.83,505,3
20-August-2020,11.5,11.5,11.4,11.4,19,2
19-August-2020,12.24,12.24,11.08,11.99,5499,32
18-August-2020,11.11,11.66,11.11,11.66,2115,13
17-August-2020,11.07,11.11,11.07,11.11,1270,17
14-August-2020,10.59,10.59,10.58,10.59,3280,15
13-August-2020,10.09,10.09,10.09,10.09,480,4
12-August-2020,9.61,9.61,9.61,9.61,600,2
11-August-2020,9.16,9.16,9.0,9.16,1557,9
10-August-2020,8.73,8.73,8.73,8.73,744,10
7-August-2020,8.32,8.32,8.32,8.32,100,1
6-August-2020,7.93,7.93,7.93,7.93,475,2
4-August-2020,7.78,7.78,7.78,7.78,5,1
3-August-2020,7.63,7.63,7.63,7.63,451,2
31-July-2020,7.49,7.49,7.45,7.49,5085,10
30-July-2020,7.35,7.35,7.35,7.35,4800,8
29-July-2020,7.21,7.21,7.21,7.21,200,2
28-July-2020,7.07,7.07,7.07,7.07,879,2
27-July-2020,6.94,6.94,6.94,6.94,300,1
23-July-2020,6.81,6.81,6.81,6.81,900,3
22-July-2020,6.68,6.68,6.68,6.68,5,1
21-July-2020,6.55,6.55,6.55,6.55,960,6
20-July-2020,6.46,6.46,6.46,6.46,503,4
17-July-2020,6.22,6.34,6.22,6.34,2425,7
16-July-2020,6.2,6.22,6.2,6.22,3930,3
15-July-2020,6.12,6.12,6.1,6.1,837,9
14-July-2020,6.07,6.07,6.0,6.0,210,3
13-July-2020,5.96,5.96,5.9,5.96,3784,22
10-July-2020,5.85,5.85,5.63,5.85,4350,12
9-July-2020,5.74,5.74,5.74,5.74,1,1
8-July-2020,5.63,5.63,5.63,5.63,4983,10
7-July-2020,5.37,5.37,5.37,5.37,1200,5
6-July-2020,5.12,5.12,5.12,5.12,192,1
3-July-2020,4.88,4.88,4.88,4.88,700,3
2-July-2020,4.65,4.65,4.65,4.65,1000,1
1-July-2020,4.43,4.43,4.43,4.43,2000,4
30-June-2020,4.22,4.22,4.22,4.22,100,1
29-June-2020,4.02,4.02,4.02,4.02,100,1
26-June-2020,3.8,3.83,3.8,3.83,300,2
25-June-2020,3.9,3.9,3.65,3.65,9203,9
24-June-2020,3.72,3.72,3.72,3.72,500,3
23-June-2020,3.55,3.55,3.55,3.55,50,1
22-June-2020,3.39,3.39,3.39,3.39,500,2
19-June-2020,3.23,3.23,3.23,3.23,100,1
18-June-2020,3.08,3.08,3.08,3.08,1940,10
17-June-2020,3.17,3.17,2.87,2.94,14307,26
15-June-2020,3.02,3.02,3.02,3.02,50,1
10-June-2020,2.88,2.88,2.88,2.88,50,1
9-June-2020,2.75,2.75,2.75,2.75,100,1
27-May-2020,2.62,2.62,2.62,2.62,739,2
8-May-2020,2.5,2.5,2.5,2.5,100,1
24-April-2020,2.28,2.39,2.28,2.39,1277,3
27-February-2020,2.28,2.28,2.28,2.28,100,1
17-February-2020,2.28,2.28,2.28,2.28,891,2
7-February-2020,2.18,2.18,2.18,2.18,128,3
6-February-2020,2.29,2.29,2.29,2.29,28,1
5-February-2020,2.41,2.41,2.41,2.41,28,1
4-February-2020,2.53,2.53,2.53,2.53,73,2
3-February-2020,2.66,2.66,2.66,2.66,27,1
1-February-2020,2.8,2.8,2.8,2.8,200,1
22-January-2020,2.85,2.85,2.85,2.85,50,1
10-October-2019,2.99,2.99,2.99,2.99,1,1
29-August-2019,2.85,2.85,2.85,2.85,1,1
28-August-2019,3.0,3.0,2.99,2.99,1233,5
21-August-2019,3.14,3.14,3.14,3.14,17,1
7-August-2019,3.3,3.3,3.3,3.3,50,1
6-August-2019,3.45,3.45,3.45,3.45,300,2
5-August-2019,3.47,3.47,3.47,3.47,200,2
24-July-2019,3.65,3.65,3.65,3.65,150,2
8-July-2019,3.84,3.84,3.84,3.84,413,2
1-July-2019,4.04,4.04,4.04,4.04,50,2
28-June-2019,4.25,4.25,4.25,4.25,40,1
3-June-2019,4.45,4.45,4.45,4.45,2,1
28-May-2019,4.45,4.45,4.45,4.45,251,2
21-May-2019,4.65,4.65,4.65,4.65,400,1
20-May-2019,4.45,4.45,4.45,4.45,357,1
17-May-2019,4.45,4.45,4.45,4.45,100,1
15-May-2019,4.49,4.49,4.45,4.45,120,2
7-May-2019,4.49,4.49,4.49,4.49,313,3
3-May-2019,4.49,4.49,4.49,4.49,100,1
2-May-2019,4.49,4.49,4.49,4.49,830,8
30-April-2019,4.72,4.72,4.72,4.72,300,1
26-April-2019,4.96,4.96,4.96,4.96,1400,1
25-April-2019,5.22,5.22,5.22,5.22,74,4
24-April-2019,4.98,4.98,4.98,4.98,1081,2
16-April-2019,5.24,5.24,5.24,5.24,490,2
15-April-2019,5.55,5.55,5.28,5.28,614,2
12-April-2019,5.55,5.55,5.55,5.55,1,1
8-April-2019,5.5,5.5,5.5,5.5,1,1
26-March-2019,6.03,6.03,5.75,5.75,1290,6
22-March-2019,5.75,5.75,5.75,5.75,10,1
6-March-2019,6.01,6.01,6.01,6.01,4,1
25-February-2019,6.32,6.32,6.32,6.32,122,2
11-February-2019,6.32,6.32,6.32,6.32,10,1
4-February-2019,6.32,6.32,6.32,6.32,2,1
29-January-2019,5.72,6.32,5.72,6.32,1910,6
28-January-2019,6.02,6.02,6.02,6.02,33,1
25-January-2019,5.74,5.74,5.74,5.74,700,2
24-January-2019,5.6,6.04,5.5,6.04,496,3
23-January-2019,5.76,5.76,5.76,5.76,1090,2
21-January-2019,6.06,6.06,5.76,5.85,140,4
18-January-2019,6.06,6.06,6.06,6.06,500,1
17-January-2019,6.37,6.37,6.37,6.37,2100,2
16-January-2019,7.05,7.05,6.7,6.7,7975,9
15-January-2019,7.05,7.05,7.05,7.05,175,2
14-January-2019,7.81,7.81,7.42,7.42,325,3
11-January-2019,8.08,8.08,7.81,7.81,3004,9
9-January-2019,8.22,8.22,8.22,8.22,1000,6
8-January-2019,8.65,8.65,8.65,8.65,150,2
7-January-2019,9.1,9.1,9.1,9.1,160,3
2-January-2019,9.5,9.72,9.32,9.53,4795,10
31-December-2018,9.36,9.36,8.6,9.26,251,3
26-December-2018,8.92,8.92,8.92,8.92,300,2
14-December-2018,8.15,8.5,8.15,8.5,415,2
12-December-2018,8.55,8.55,8.55,8.55,50,1
7-December-2018,9.0,9.0,9.0,9.0,100,1
3-December-2018,9.03,9.03,9.03,9.03,100,1
28-November-2018,8.65,9.5,8.65,9.5,176,7
16-November-2018,9.09,9.09,9.09,9.09,10,1
6-November-2018,8.66,8.66,8.66,8.66,67,2
1-November-2018,9.11,9.11,9.11,9.11,150,2
25-October-2018,9.5,9.58,9.5,9.58,30,3
17-October-2018,9.13,9.13,9.13,9.13,101,2
16-October-2018,8.6,8.7,8.6,8.7,300,3
15-October-2018,8.35,8.35,8.3,8.3,580,5
10-October-2018,8.65,8.65,8.65,8.65,105,2
3-October-2018,9.4,9.46,8.6,9.09,1214,12
25-September-2018,9.65,9.65,9.0,9.01,595,3
24-September-2018,9.43,9.43,9.43,9.43,50,1
21-September-2018,9.91,9.91,9.91,9.91,595,2
18-September-2018,10.4,10.5,9.66,10.4,934,17
17-September-2018,10.5,10.51,10.0,10.0,10617,20
14-September-2018,10.34,10.34,10.01,10.01,581,6
11-September-2018,9.85,9.85,9.85,9.85,97,1
10-September-2018,10.35,10.35,10.35,10.35,240,2
7-September-2018,9.88,9.88,9.88,9.88,20,1
4-September-2018,9.65,10.4,9.65,10.4,302,3
3-September-2018,10.2,10.2,10.11,10.11,700,5
30-August-2018,10.65,10.65,10.64,10.64,920,6
20-August-2018,11.2,11.2,11.2,11.2,300,2
14-August-2018,11.25,11.25,10.4,11.15,100,4
9-August-2018,10.75,10.75,10.75,10.75,3,1
6-August-2018,11.2,11.29,11.2,11.29,500,3
3-August-2018,11.88,11.88,10.76,10.76,1802,9
1-August-2018,11.32,11.32,11.32,11.32,322,1
25-July-2018,11.91,11.91,11.91,11.91,500,3
24-July-2018,12.53,12.53,12.53,12.53,650,3
23-July-2018,14.56,14.56,13.18,13.18,26,2
19-July-2018,13.87,13.87,13.87,13.87,1,1
18-July-2018,14.6,14.6,14.6,14.6,1,1
13-July-2018,14.25,14.25,14.25,14.25,1000,1
11-July-2018,15.0,15.0,15.0,15.0,1,1
6-July-2018,14.64,14.64,14.64,14.64,1,1
5-July-2018,13.95,13.95,13.95,13.95,2500,1
3-July-2018,13.8,13.8,13.8,13.8,1,1
2-July-2018,13.26,13.26,13.26,13.26,115,1
29-June-2018,13.94,13.95,13.94,13.95,2500,6
28-June-2018,13.95,13.95,13.95,13.95,10,1
27-June-2018,14.43,14.43,14.43,14.43,2,1
14-June-2018,13.75,13.75,13.75,13.75,50,1
13-June-2018,13.9,13.9,13.85,13.85,10,2
11-June-2018,13.95,13.95,13.9,13.9,152,3
8-June-2018,13.55,13.55,13.55,13.55,50,1
7-June-2018,13.79,13.79,13.79,13.79,73,1
6-June-2018,12.0,13.14,12.0,13.14,228,3
4-June-2018,12.55,12.55,11.38,12.55,1602,6
31-May-2018,12.85,12.99,11.97,11.97,402,5
30-May-2018,11.6,12.59,11.6,12.59,501,2
29-May-2018,12.2,12.2,12.2,12.2,2,1
28-May-2018,11.0,11.76,11.0,11.76,527,2
22-May-2018,11.2,11.2,11.2,11.2,300,1
21-May-2018,12.81,12.81,11.59,11.59,604,7
17-May-2018,12.2,12.2,12.2,12.2,1,1
17-April-2018,11.63,11.63,11.63,11.63,28,1
11-April-2018,11.55,11.55,11.05,11.08,1500,8
10-April-2018,11.55,11.55,11.55,11.55,3500,5
4-April-2018,11.0,11.0,11.0,11.0,50,1
28-March-2018,10.71,10.71,10.71,10.71,95,1
23-March-2018,11.6,11.6,11.01,11.01,1680,5
22-March-2018,11.9,11.9,11.9,11.9,501,4
21-March-2018,11.25,11.25,11.1,11.1,225,4
16-March-2018,11.4,11.9,11.0,11.3,250,5
15-March-2018,11.5,11.5,11.5,11.5,35,2
12-March-2018,12.0,12.0,12.0,12.0,300,4
9-March-2018,12.0,12.85,12.0,12.85,452,8
8-March-2018,12.8,12.8,10.49,12.6,752,8
7-March-2018,12.4,12.5,11.16,11.65,1787,9
6-March-2018,12.5,12.5,12.4,12.4,1000,2
5-March-2018,12.65,12.65,12.4,12.4,700,6
27-February-2018,13.0,13.0,13.0,13.0,50,1
26-February-2018,13.0,13.0,13.0,13.0,500,1
23-February-2018,12.4,12.45,12.4,12.45,424,4
22-February-2018,12.45,12.45,12.45,12.45,100,1
19-February-2018,14.2,15.0,13.3,13.35,4560,14
15-February-2018,14.2,14.2,14.2,14.2,200,1
9-February-2018,14.9,14.9,14.9,14.9,267,1
8-February-2018,13.0,14.9,13.0,14.9,1500,4
6-February-2018,14.25,14.25,13.55,13.55,1036,5
5-February-2018,14.25,14.25,14.25,14.25,275,2
2-February-2018,15.2,15.25,14.7,15.0,2441,9
31-January-2018,15.5,15.5,15.47,15.47,173,4
30-January-2018,15.5,16.28,15.2,16.28,330,3
29-January-2018,15.5,15.51,15.5,15.51,200,3
25-January-2018,15.95,17.11,15.5,15.55,750,5
24-January-2018,16.15,16.3,16.15,16.3,100,2
22-January-2018,16.0,17.0,15.95,17.0,310,3
19-January-2018,17.1,17.3,16.45,16.45,1077,10
18-January-2018,17.51,18.16,17.31,17.31,4603,23
17-January-2018,19.25,19.9,18.22,18.22,6276,35
16-January-2018,19.05,19.34,17.5,18.96,9444,52
15-January-2018,18.4,18.42,16.9,18.42,6263,46
12-January-2018,17.55,17.55,17.55,17.55,11134,30
11-January-2018,16.72,16.72,16.72,16.72,1552,11
10-January-2018,15.93,15.93,15.93,15.93,2734,28
9-January-2018,15.18,15.18,15.0,15.18,3862,21
8-January-2018,14.46,14.46,14.46,14.46,1051,9
5-January-2018,13.75,13.78,13.75,13.78,1151,5
4-January-2018,13.13,13.13,13.13,13.13,1505,4
2-January-2018,13.17,13.17,12.51,12.51,1200,6
1-January-2018,13.02,13.02,12.55,12.55,1128,7
29-December-2017,12.95,12.97,12.4,12.4,1250,5
28-December-2017,13.2,13.2,12.32,12.37,350,5
26-December-2017,13.5,13.5,12.6,12.6,1435,8
22-December-2017,12.3,12.9,12.24,12.9,300,3
19-December-2017,12.5,12.5,12.5,12.5,100,2
15-December-2017,13.0,13.0,12.41,12.41,3698,13
14-December-2017,13.0,13.0,13.0,13.0,844,4
13-December-2017,13.01,13.05,12.8,12.88,2130,7
12-December-2017,13.33,13.33,13.33,13.33,220,1
11-December-2017,13.31,13.99,13.31,13.99,200,2
8-December-2017,13.11,14.0,13.11,13.98,110,4
6-December-2017,14.45,14.5,13.6,13.6,1100,3
1-December-2017,15.56,15.56,14.15,14.15,279,3
30-November-2017,13.5,14.91,13.49,14.82,5241,32
28-November-2017,14.15,14.2,14.15,14.2,300,3
27-November-2017,13.7,13.7,13.69,13.69,729,9
24-November-2017,13.1,13.1,13.1,13.1,1300,9
23-November-2017,12.5,12.5,12.5,12.5,650,2
21-November-2017,12.88,13.02,12.88,13.02,1260,8
20-November-2017,12.4,12.4,12.4,12.4,180,2
17-November-2017,12.3,12.9,12.3,12.9,459,6
16-November-2017,12.9,12.9,12.9,12.9,413,4
14-November-2017,12.7,12.7,12.7,12.7,101,1
10-November-2017,12.3,12.3,12.26,12.3,1465,10
9-November-2017,12.9,12.9,12.9,12.9,240,4
8-November-2017,13.55,13.55,13.55,13.55,996,4
7-November-2017,14.2,14.24,14.0,14.0,9630,14
6-November-2017,13.56,13.57,13.56,13.57,3003,9
3-November-2017,12.93,12.93,12.93,12.93,1450,5
2-November-2017,12.32,12.32,12.32,12.32,5067,13
1-November-2017,11.74,11.74,11.73,11.74,1400,6
31-October-2017,11.19,11.19,11.19,11.19,150,2
30-October-2017,11.0,11.0,10.66,10.66,650,3
27-October-2017,11.1,11.11,11.1,11.11,450,3
24-October-2017,11.6,11.6,11.51,11.51,567,4
23-October-2017,11.4,11.9,11.4,11.9,210,3
19-October-2017,12.5,12.54,11.9,11.9,1200,3
17-October-2017,11.97,11.97,11.97,11.97,40,1
16-October-2017,12.05,12.1,11.4,11.4,1769,9
11-October-2017,11.55,11.55,11.55,11.55,1050,5
10-October-2017,11.55,11.55,11.0,11.0,1250,6
9-October-2017,11.05,11.05,11.0,11.0,200,2
26-September-2017,11.0,11.0,11.0,11.0,100,1
25-September-2017,11.4,11.5,11.4,11.48,390,5
22-September-2017,12.0,12.0,12.0,12.0,2,2
21-September-2017,11.5,11.5,11.5,11.5,1400,4
20-September-2017,11.45,12.3,11.45,11.63,2223,10
19-September-2017,11.15,12.0,11.12,11.98,2893,29
18-September-2017,11.05,11.8,11.0,11.7,204,5
15-September-2017,11.55,11.8,11.0,11.53,1338,9
14-September-2017,11.55,11.55,11.55,11.55,1310,9
13-September-2017,10.16,11.22,10.16,11.0,4145,22
12-September-2017,10.4,10.9,10.38,10.69,2270,9
11-September-2017,10.92,10.92,10.92,10.92,306,2
8-September-2017,11.5,11.5,11.49,11.49,3190,9
7-September-2017,12.85,12.85,12.08,12.08,700,6
6-September-2017,12.9,12.9,11.74,12.71,3157,17
5-September-2017,12.4,12.45,11.4,12.35,1657,13
4-September-2017,11.21,11.99,11.21,11.99,332,13
1-September-2017,11.73,11.73,11.73,11.73,200,1
31-August-2017,11.2,11.2,11.18,11.18,300,3
30-August-2017,11.75,11.76,11.75,11.76,200,2
29-August-2017,11.2,11.2,11.2,11.2,100,1
28-August-2017,10.43,10.8,10.43,10.8,241,3
24-August-2017,10.5,10.5,10.5,10.5,6,1
23-August-2017,11.0,11.0,10.93,10.97,20,2
21-August-2017,11.25,11.5,10.88,11.5,455,7
18-August-2017,11.0,11.45,10.93,11.45,1000,5
16-August-2017,10.8,11.5,10.69,11.5,1679,5
11-August-2017,11.0,11.25,11.0,11.25,1700,4
10-August-2017,10.95,10.95,10.93,10.93,538,2
9-August-2017,11.5,11.5,11.5,11.5,500,1
8-August-2017,11.1,11.89,11.1,11.1,1069,3
4-August-2017,11.4,11.4,11.4,11.4,120,2
3-August-2017,11.4,12.0,11.4,12.0,700,3
2-August-2017,12.05,12.05,12.0,12.0,650,3
27-July-2017,12.15,12.15,11.97,11.97,1000,3
26-July-2017,12.15,12.15,12.15,12.15,39,1
25-July-2017,12.0,12.7,12.0,12.5,1669,5
24-July-2017,12.6,12.6,12.1,12.13,700,3
21-July-2017,12.6,12.6,12.6,12.6,603,1
20-July-2017,12.6,12.6,11.81,12.6,820,5
19-July-2017,12.0,12.0,12.0,12.0,2000,1
17-July-2017,11.65,12.0,11.04,11.88,1950,11
14-July-2017,11.7,11.7,11.62,11.62,1350,11
13-July-2017,13.0,13.0,12.2,12.23,600,3
12-July-2017,12.49,12.49,12.49,12.49,1070,5
11-July-2017,11.9,11.9,11.9,11.9,100,1
10-July-2017,11.55,12.07,11.5,11.52,518,6
7-July-2017,11.8,12.2,11.5,11.5,3233,21
6-July-2017,12.8,12.8,12.1,12.1,200,3
5-July-2017,12.16,12.7,12.16,12.7,2200,12
4-July-2017,12.8,12.8,12.8,12.8,200,2
3-July-2017,12.52,12.52,12.5,12.5,900,6
28-June-2017,12.92,12.92,12.9,12.9,600,2
27-June-2017,13.3,13.3,13.3,13.3,2000,6
23-June-2017,12.7,12.7,12.7,12.7,1000,6
22-June-2017,12.8,12.8,12.35,12.35,400,3
21-June-2017,12.8,12.8,12.8,12.8,300,3
16-June-2017,12.7,12.8,12.7,12.8,454,6
15-June-2017,12.6,12.6,12.6,12.6,20,1
14-June-2017,11.3,12.3,11.15,12.05,527,10
13-June-2017,11.73,12.9,11.71,11.73,1324,13
12-June-2017,11.6,12.32,11.16,12.32,2278,12
9-June-2017,12.4,12.4,11.74,11.74,1641,18
8-June-2017,13.0,13.0,12.35,12.35,1440,13
7-June-2017,13.0,13.0,13.0,13.0,100,1
6-June-2017,13.0,13.0,12.92,12.92,348,3
5-June-2017,13.6,13.6,13.59,13.59,152,4
2-June-2017,14.7,14.7,14.3,14.3,4836,6
1-June-2017,12.8,14.0,12.8,14.0,695,8
31-May-2017,13.3,13.4,13.11,13.4,571,7
30-May-2017,14.59,14.59,13.21,13.8,387,10
29-May-2017,14.5,14.7,13.4,13.9,1475,10
26-May-2017,14.0,14.0,14.0,14.0,185,1
25-May-2017,14.1,14.1,14.1,14.1,10,1
24-May-2017,13.9,13.96,13.5,13.5,1000,6
23-May-2017,13.5,13.5,13.3,13.3,350,3
22-May-2017,13.9,14.0,13.15,13.95,474,10
19-May-2017,14.0,14.0,13.8,13.8,269,5
18-May-2017,14.45,14.45,13.2,14.45,393,7
11-May-2017,13.35,13.8,12.85,13.8,6911,22
9-May-2017,13.4,14.25,13.4,13.4,32,4
8-May-2017,13.35,14.52,13.35,13.58,186,7
5-May-2017,14.05,14.05,13.83,13.83,1350,8
4-May-2017,14.6,14.6,14.55,14.55,1000,6
3-May-2017,14.75,15.3,14.75,15.3,503,3
2-May-2017,14.5,15.5,14.5,15.5,55,2
27-April-2017,14.9,15.0,14.9,14.9,1504,8
26-April-2017,15.0,15.0,14.61,14.61,1065,8
25-April-2017,15.55,15.56,14.5,14.6,9643,39
24-April-2017,14.7,14.85,14.7,14.82,8175,14
21-April-2017,14.15,14.15,14.15,14.15,1440,4
20-April-2017,14.15,14.17,13.55,13.68,4620,18
19-April-2017,13.0,13.53,13.0,13.5,1877,8
18-April-2017,12.35,12.89,12.35,12.89,943,5
17-April-2017,12.05,12.3,11.56,12.28,2456,15
13-April-2017,12.1,12.16,12.05,12.16,3120,7
12-April-2017,12.71,12.71,12.67,12.67,4146,14
11-April-2017,12.55,13.33,12.51,13.33,129,3
10-April-2017,13.25,13.25,12.71,12.73,904,12
7-April-2017,13.13,13.18,12.62,12.62,1310,10
6-April-2017,13.55,13.55,12.34,12.56,59,9
5-April-2017,12.65,13.25,12.65,12.95,2,2
3-April-2017,12.65,12.65,12.65,12.65,450,4
31-March-2017,12.9,12.9,12.05,12.05,170,2
30-March-2017,12.4,12.45,12.35,12.35,22571,19
28-March-2017,14.0,14.02,13.0,13.0,2351,14
27-March-2017,13.7,13.7,13.35,13.36,1800,9
24-March-2017,14.0,14.11,13.4,14.0,950,9
23-March-2017,13.4,13.44,13.4,13.44,400,3
22-March-2017,12.85,12.85,12.8,12.8,200,2
21-March-2017,13.41,13.41,13.3,13.3,1501,10
17-March-2017,14.0,14.02,13.51,14.0,805,9
16-March-2017,13.36,13.36,13.36,13.36,56,2
15-March-2017,14.8,14.8,13.5,13.55,288,10
14-March-2017,14.15,14.15,14.1,14.15,30,3
9-March-2017,14.0,14.15,13.5,13.5,900,5
7-March-2017,13.1,13.88,13.1,13.88,610,3
6-March-2017,13.65,13.65,13.65,13.65,300,2
2-March-2017,13.35,13.65,13.3,13.65,820,9
1-March-2017,14.65,14.65,13.97,14.0,3300,17
28-February-2017,14.5,14.9,14.5,14.7,3,3
27-February-2017,14.06,14.99,14.06,14.2,625,4
23-February-2017,15.52,15.52,14.5,14.5,1205,6
22-February-2017,14.9,14.9,14.6,14.79,610,3
21-February-2017,15.5,15.5,14.3,14.3,1010,12
20-February-2017,15.2,15.2,15.0,15.04,15,3
17-February-2017,15.22,15.22,15.0,15.0,10,2
16-February-2017,14.5,14.5,14.5,14.5,125,2
15-February-2017,14.7,14.7,13.5,14.04,665,26
14-February-2017,14.0,14.0,14.0,14.0,50,1
10-February-2017,14.5,14.89,14.4,14.49,170,8
8-February-2017,14.1,14.5,14.0,14.5,1501,10
7-February-2017,14.75,14.75,14.5,14.5,200,3
30-January-2017,14.7,14.8,14.0,14.8,330,6
27-January-2017,14.2,14.2,14.1,14.1,1050,5
25-January-2017,14.25,14.75,13.7,14.6,2643,6
24-January-2017,14.0,14.0,14.0,14.0,600,3
23-January-2017,14.01,14.1,13.31,13.37,1020,8
20-January-2017,14.2,14.58,14.2,14.58,1700,3
19-January-2017,14.69,14.69,14.69,14.69,200,1
18-January-2017,13.1,14.4,13.1,14.38,380,4
13-January-2017,14.1,14.7,12.5,13.78,4414,26
12-January-2017,15.0,15.2,14.1,15.2,1155,8
11-January-2017,15.0,15.0,15.0,15.0,100,1
10-January-2017,15.0,15.0,14.89,14.89,300,3
6-January-2017,14.28,14.28,14.25,14.25,1425,3
5-January-2017,14.5,14.5,14.3,14.35,1950,7
4-January-2017,14.6,17.6,14.18,15.47,1953,13
3-January-2017,14.0,14.69,13.75,14.69,280,4
2-January-2017,14.0,14.5,14.0,14.5,400,6
30-December-2016,14.5,14.5,13.7,14.0,5500,6
29-December-2016,13.5,13.6,13.45,13.6,772,4
28-December-2016,14.0,14.0,13.5,13.53,2600,7
27-December-2016,15.0,15.0,13.89,13.92,9835,9
26-December-2016,13.45,14.35,13.45,14.29,1632,8
22-December-2016,14.3,14.3,14.3,14.3,115,3
21-December-2016,14.39,14.39,14.39,14.39,100,1
20-December-2016,14.9,15.0,13.3,13.4,8481,20
15-December-2016,14.8,14.8,14.8,14.8,20,1
14-December-2016,15.9,15.9,14.0,14.49,1510,16
13-December-2016,16.0,16.0,14.95,15.21,3520,5
12-December-2016,15.29,15.29,14.9,14.9,1015,5
8-December-2016,14.9,14.9,14.9,14.9,2800,4
7-December-2016,15.45,15.49,13.58,14.95,1370,7
6-December-2016,16.0,16.0,13.15,15.04,441,7
5-December-2016,15.84,15.84,14.06,14.85,63,6
2-December-2016,16.0,16.0,13.9,14.07,1207,17
1-December-2016,14.9,17.0,13.9,14.48,19342,58
30-November-2016,14.0,15.0,14.0,15.0,1703,4
29-November-2016,15.95,15.95,13.35,13.95,1178,10
28-November-2016,17.25,17.25,12.75,13.85,5154,27
25-November-2016,13.95,15.2,13.0,15.2,1220,9
24-November-2016,14.0,14.0,14.0,14.0,50,1
23-November-2016,13.9,13.9,13.9,13.9,100,1
22-November-2016,12.7,13.0,12.0,12.05,199,4
21-November-2016,14.2,14.5,11.55,13.05,359,7
18-November-2016,14.0,16.45,12.0,14.15,341,11
17-November-2016,15.1,16.5,14.15,14.9,4873,19
16-November-2016,15.1,17.4,15.05,17.4,9900,9
15-November-2016,20.0,20.0,14.65,15.1,4658,15
11-November-2016,15.2,17.6,15.2,16.75,1511,5
10-November-2016,17.2,17.85,16.2,17.85,300,3
9-November-2016,14.05,18.45,14.05,17.75,5241,34
8-November-2016,18.5,18.5,17.15,17.45,2683,10
7-November-2016,18.85,18.9,13.55,18.6,15321,44
4-November-2016,14.9,15.95,14.9,15.95,202,2
3-November-2016,17.3,17.3,15.8,16.8,1560,13
2-November-2016,14.6,17.35,14.6,15.7,1196,27
1-November-2016,15.05,17.8,15.0,17.3,153,9
30-October-2016,16.5,17.0,14.25,16.7,55,6
28-October-2016,18.8,18.8,16.3,16.6,5395,26
27-October-2016,18.9,18.9,14.8,16.0,6164,33
26-October-2016,19.0,19.0,14.5,16.3,526,24
25-October-2016,18.45,18.45,15.8,16.2,1177,13
24-October-2016,19.4,19.4,15.4,16.8,4969,53
21-October-2016,19.8,19.8,16.2,16.55,6261,30
20-October-2016,19.9,19.9,16.55,16.8,7350,43
19-October-2016,19.35,19.35,16.0,18.0,14351,64
18-October-2016,17.7,17.95,13.75,16.75,15490,75
17-October-2016,18.0,18.0,13.0,15.0,2410,16
14-October-2016,15.25,15.25,15.25,15.25,5,1
13-October-2016,14.0,14.2,13.25,13.75,665,9
10-October-2016,14.05,15.0,14.05,14.45,318,14
7-October-2016,16.8,16.8,14.25,14.95,3630,14
6-October-2016,16.8,16.8,13.05,15.15,2524,24
5-October-2016,16.5,16.5,12.75,14.4,875,8
4-October-2016,14.0,14.0,14.0,14.0,700,2
3-October-2016,14.0,14.1,14.0,14.0,1493,5
30-September-2016,15.75,15.8,15.75,15.79,500,2
29-September-2016,16.0,16.0,13.0,14.84,1435,12
27-September-2016,17.67,17.67,13.2,14.88,106,5
26-September-2016,15.1,16.0,14.0,14.84,1337,13
23-September-2016,14.9,14.9,14.9,14.9,5,1
22-September-2016,14.3,14.3,13.65,13.67,1150,8
21-September-2016,14.34,14.35,14.3,14.3,2300,5
20-September-2016,13.0,14.0,13.0,13.02,1900,8
16-September-2016,13.0,13.0,13.0,13.0,25,2
15-September-2016,14.73,14.73,14.73,14.73,1,1
14-September-2016,13.33,15.0,13.0,13.64,13265,51
12-September-2016,12.5,16.45,12.5,13.07,304,7
9-September-2016,14.0,15.0,14.0,14.55,1520,13
8-September-2016,14.5,14.5,13.62,13.62,300,3
7-September-2016,14.51,14.51,14.51,14.51,1,1
6-September-2016,13.13,17.22,13.13,14.48,1974,10
2-September-2016,16.25,16.25,13.4,14.35,300,2
1-September-2016,13.57,13.57,13.57,13.57,64,2
31-August-2016,15.56,15.56,13.5,14.36,3830,14
30-August-2016,16.45,16.45,13.82,14.15,743,30
29-August-2016,14.98,14.98,14.98,14.98,5,1
26-August-2016,13.1,14.29,13.1,13.7,50,2
25-August-2016,12.91,14.8,12.91,13.76,29,6
24-August-2016,13.51,13.51,13.51,13.51,25,1
23-August-2016,14.05,14.94,13.05,13.82,1829,27
22-August-2016,15.73,15.73,13.26,14.03,14201,63
19-August-2016,13.55,14.3,13.55,14.3,3637,19
18-August-2016,15.0,15.0,13.5,13.5,990,10
17-August-2016,15.1,15.1,14.0,14.0,2167,42
16-August-2016,12.15,14.0,12.15,14.0,7,3
12-August-2016,14.8,14.85,13.15,13.5,15074,28
11-August-2016,13.0,13.9,12.16,13.5,5765,19
10-August-2016,13.0,13.9,13.0,13.1,2400,11
9-August-2016,13.21,14.84,13.21,13.53,4458,18
8-August-2016,15.0,15.0,13.6,14.5,4259,61
5-August-2016,13.05,15.0,13.0,14.6,3744,23
4-August-2016,14.17,14.65,14.0,14.19,2900,13
3-August-2016,13.4,14.16,13.4,14.16,10212,31
2-August-2016,13.48,13.49,13.45,13.49,10945,39
1-August-2016,12.84,12.85,12.84,12.85,4120,6
29-July-2016,12.24,12.24,12.24,12.24,4000,2
28-July-2016,12.24,12.24,12.24,12.24,1550,3
27-July-2016,12.24,12.24,12.24,12.24,11,1
26-July-2016,12.24,12.24,12.24,12.24,120,1
25-July-2016,12.24,12.24,12.24,12.24,385,3
22-July-2016,11.86,12.24,11.86,12.24,5050,9
21-July-2016,12.24,12.24,11.76,12.21,7069,32
20-July-2016,12.24,12.24,12.24,12.24,5254,17
19-July-2016,12.24,12.24,12.24,12.24,21594,42
18-July-2016,11.4,12.18,11.4,12.18,29706,76
15-July-2016,11.08,11.08,11.08,11.08,2607,8
14-July-2016,9.29,10.08,9.29,10.08,29044,23
13-July-2016,8.83,9.29,8.8,9.17,97054,91
12-July-2016,8.7,8.89,8.6,8.83,3657,5
11-July-2016,9.1,9.25,8.75,8.96,19648,18
8-July-2016,8.69,9.0,8.6,9.0,3250,8
7-July-2016,9.15,9.15,8.75,9.1,1061,4
5-July-2016,9.2,9.2,8.9,9.19,11505,11
4-July-2016,9.5,9.5,9.0,9.05,3300,7
1-July-2016,9.0,9.3,9.0,9.3,1300,4
30-June-2016,9.24,9.25,9.0,9.0,1100,4
29-June-2016,9.3,9.3,9.0,9.0,2525,8
27-June-2016,9.02,9.02,9.02,9.02,2200,5
24-June-2016,8.84,9.24,8.83,9.03,6437,22
23-June-2016,9.0,9.65,9.0,9.29,3775,15
22-June-2016,9.34,9.34,8.8,9.3,12660,29
21-June-2016,8.97,9.45,8.9,8.9,3896,9
20-June-2016,9.44,9.69,8.97,9.01,8643,15
17-June-2016,8.69,9.45,8.55,9.44,17352,24
16-June-2016,9.59,9.59,8.7,9.0,1941,14
15-June-2016,9.3,9.48,9.09,9.14,1126,9
14-June-2016,9.85,10.0,9.46,9.56,15175,18
13-June-2016,9.96,9.96,9.9,9.95,4000,10
10-June-2016,9.51,9.51,9.5,9.5,3800,10
9-June-2016,9.5,9.5,9.5,9.5,5,1
8-June-2016,9.07,9.07,9.06,9.06,1528,8
3-June-2016,10.0,10.0,9.5,9.53,635,6
2-June-2016,10.0,10.0,9.51,10.0,658,5
1-June-2016,10.03,10.03,10.01,10.01,445,4
31-May-2016,9.56,9.9,9.56,9.9,125,2
30-May-2016,9.56,9.56,9.56,9.56,4725,5
27-May-2016,10.0,10.0,10.0,10.0,8500,11
26-May-2016,10.0,10.0,9.56,10.0,2351,11
25-May-2016,10.0,10.0,10.0,10.0,1600,4
24-May-2016,10.0,10.0,9.56,10.0,8325,12
23-May-2016,10.0,10.0,9.8,9.8,5350,14
20-May-2016,10.08,10.08,10.07,10.07,9527,22
19-May-2016,10.07,10.95,10.07,10.6,7050,16
18-May-2016,11.7,11.7,10.6,10.6,18870,39
13-May-2016,12.12,12.12,11.15,11.15,607,3
12-May-2016,11.55,11.55,11.55,11.55,50,1
11-May-2016,11.0,11.0,11.0,11.0,469,2
10-May-2016,11.8,11.8,11.21,11.21,1500,6
9-May-2016,11.8,11.8,11.8,11.8,300,1
5-May-2016,11.8,11.8,11.8,11.8,5,1
4-May-2016,12.35,12.35,12.35,12.35,5,1
3-May-2016,12.97,12.97,12.97,12.97,785,5
29-April-2016,13.65,13.65,13.65,13.65,5,1
28-April-2016,14.85,14.85,14.15,14.15,105,2
26-April-2016,14.85,14.85,14.85,14.85,1,1
25-April-2016,17.0,17.0,15.6,15.6,300,2
13-April-2016,16.4,16.4,16.4,16.4,50,1
12-April-2016,16.3,16.3,16.3,16.3,150,1
11-April-2016,17.7,17.7,16.3,16.3,1394,5
6-April-2016,16.5,16.95,16.5,16.95,275,3
5-April-2016,16.75,16.8,16.2,16.2,1225,7
4-April-2016,16.5,17.05,16.5,17.05,1005,3
1-April-2016,16.35,16.35,16.35,16.35,1,1
30-March-2016,15.6,15.6,15.6,15.6,250,1
28-March-2016,15.55,15.55,14.7,15.25,840,4
22-March-2016,15.07,15.43,15.07,15.43,402,3
17-March-2016,13.5,14.7,13.3,14.7,354,8
16-March-2016,14.0,14.0,14.0,14.0,25,1
15-March-2016,13.83,13.83,13.83,13.83,10,1
14-March-2016,13.18,13.18,13.18,13.18,5,1
11-March-2016,12.56,12.56,12.56,12.56,200,1
10-March-2016,11.97,11.97,11.97,11.97,5,1
9-March-2016,11.4,11.4,11.4,11.4,200,2
1-March-2016,12.0,12.0,12.0,12.0,370,1
29-February-2016,12.0,12.0,12.0,12.0,355,1
26-February-2016,12.5,12.5,12.5,12.5,100,1
25-February-2016,12.6,12.6,12.6,12.6,700,3
23-February-2016,13.25,13.3,13.25,13.25,96,3
18-February-2016,13.9,13.9,13.9,13.9,39,1
1-February-2016,14.6,14.6,14.6,14.6,20,1
28-January-2016,15.25,15.35,15.25,15.35,1001,4
27-January-2016,17.65,17.65,16.05,16.05,1001,4
22-January-2016,15.25,16.85,15.25,16.85,6,2
21-January-2016,15.3,16.05,15.3,16.05,350,2
18-January-2016,15.3,16.9,15.3,15.3,814,5
15-January-2016,16.1,16.1,16.1,16.1,136,2
14-January-2016,16.9,16.9,16.9,16.9,500,2
13-January-2016,16.1,16.1,16.1,16.1,312,8
12-January-2016,17.0,17.0,16.9,16.9,600,3
11-January-2016,16.35,17.75,16.35,17.75,205,2
8-January-2016,17.2,17.2,16.95,17.2,490,6
6-January-2016,18.5,19.1,17.55,17.8,2483,10
5-January-2016,17.1,18.9,17.1,18.45,1629,6
4-January-2016,16.35,18.05,16.35,18.0,1439,8
1-January-2016,15.7,17.2,15.7,17.2,1713,11
31-December-2015,16.5,18.2,16.5,16.5,613,6
30-December-2015,16.8,17.35,16.8,17.35,205,3
29-December-2015,17.65,17.65,17.65,17.65,5,1
28-December-2015,18.55,18.55,18.55,18.55,100,1
18-December-2015,19.45,19.45,19.45,19.45,25,1
17-December-2015,20.15,20.15,20.15,20.15,2,1
3-December-2015,17.7,19.2,17.65,19.2,164,5
2-December-2015,18.55,20.45,18.55,18.55,15,3
23-November-2015,19.5,19.5,19.5,19.5,5,1
17-November-2015,18.9,20.8,18.9,18.9,403,7
16-November-2015,20.0,20.0,19.85,19.85,510,4
3-November-2015,20.85,20.85,20.85,20.85,5,1
30-October-2015,19.95,19.95,19.95,19.95,2,2
29-October-2015,19.8,19.8,19.8,19.8,1,1
28-October-2015,18.9,18.9,18.9,18.9,5,1
26-October-2015,18.0,18.0,18.0,18.0,1,1
16-October-2015,18.9,18.9,18.9,18.9,5,1
13-October-2015,16.7,18.4,16.7,18.05,324,6
9-October-2015,17.55,17.55,17.55,17.55,100,1
8-October-2015,18.45,20.0,18.45,18.45,22,4
24-September-2015,19.42,19.42,19.42,19.42,2,2
23-September-2015,18.89,18.89,18.5,18.5,2,2
16-September-2015,18.11,18.11,16.4,18.0,102,3
14-September-2015,16.05,17.25,16.05,17.25,12,2
11-September-2015,16.89,16.89,16.89,16.89,1,1
10-September-2015,16.09,16.09,16.09,16.09,10,2
3-September-2015,15.33,15.33,15.33,15.33,1,1
27-August-2015,14.6,14.6,14.6,14.6,50,2
25-August-2015,13.95,13.95,13.95,13.95,398,3
21-August-2015,14.45,15.95,14.45,14.55,1385,17
12-August-2015,15.2,15.2,15.2,15.2,120,1
11-August-2015,14.25,15.0,14.25,15.0,690,5
10-August-2015,15.7,15.7,15.0,15.0,300,2
7-August-2015,15.7,15.7,15.7,15.7,100,1
6-August-2015,16.6,16.6,15.15,16.5,1197,15
5-August-2015,17.5,17.5,15.9,15.9,869,12
4-August-2015,15.2,16.7,15.2,16.7,205,4
3-August-2015,16.0,16.0,15.95,15.95,300,5
31-July-2015,18.4,18.45,16.75,16.75,435,5
30-July-2015,16.15,17.6,16.15,17.6,110,2
29-July-2015,17.0,17.0,17.0,17.0,200,1
28-July-2015,18.0,18.0,17.8,17.8,101,3
27-July-2015,20.6,20.6,18.7,18.7,1000,9
24-July-2015,19.75,19.8,19.65,19.65,700,4
23-July-2015,20.0,20.0,18.3,19.8,174,9
22-July-2015,19.25,19.25,19.25,19.25,150,1
21-July-2015,19.25,19.25,19.25,19.25,10,1
14-July-2015,18.35,18.4,18.35,18.4,20,2
10-July-2015,17.55,17.55,17.5,17.55,2025,3
8-July-2015,18.6,18.6,18.4,18.4,25,7
6-July-2015,18.5,19.35,18.5,19.35,520,3
3-July-2015,18.8,18.8,18.8,18.8,1,1
2-July-2015,17.5,18.4,16.75,18.25,299,8
1-July-2015,17.6,17.6,17.6,17.6,200,1
30-June-2015,17.85,17.85,16.15,16.77,775,15
29-June-2015,17.01,17.01,15.39,17.0,3538,15
26-June-2015,16.0,16.2,16.0,16.2,2115,4
25-June-2015,15.43,15.43,15.43,15.43,400,6
24-June-2015,14.7,14.7,14.0,14.7,320,8
23-June-2015,14.0,14.0,14.0,14.0,10,1
22-June-2015,13.89,13.89,13.7,13.89,911,19
19-June-2015,13.23,13.23,13.23,13.23,60,3
16-June-2015,11.8,12.6,11.8,12.6,500,2
8-June-2015,12.0,12.0,12.0,12.0,1,1
5-June-2015,12.0,12.0,12.0,12.0,70,2
28-May-2015,12.05,12.05,12.0,12.0,700,4
27-May-2015,11.25,12.4,11.22,12.4,470,5
26-May-2015,10.75,11.81,10.75,11.81,300,3
19-May-2015,11.25,11.25,11.25,11.25,25,1
13-May-2015,11.2,11.2,11.2,11.2,50,1
12-May-2015,11.75,11.75,11.75,11.75,525,2
8-May-2015,12.12,12.12,12.0,12.0,300,4
5-May-2015,12.1,12.1,12.1,12.1,500,10
4-May-2015,12.73,12.73,12.73,12.73,550,8
30-April-2015,13.4,13.4,13.4,13.4,1,2
29-April-2015,14.1,14.1,14.1,14.1,100,4
21-April-2015,13.87,13.87,13.87,13.87,7,2
20-April-2015,14.52,14.6,14.52,14.6,210,4
17-April-2015,14.5,14.5,14.5,14.5,907,17
16-April-2015,15.25,15.25,15.25,15.25,6,2
9-April-2015,16.0,16.04,16.0,16.04,398,4
8-April-2015,13.27,14.59,13.27,14.59,47,4
7-April-2015,11.31,13.27,11.0,13.27,2236,23
6-April-2015,12.07,12.07,12.07,12.07,44,2
1-April-2015,10.96,11.5,10.96,11.5,16,4
31-March-2015,10.96,10.96,10.96,10.96,1,2
30-March-2015,10.44,10.44,10.44,10.44,1,2
27-March-2015,10.45,10.97,9.93,9.95,395,10
26-March-2015,10.45,10.45,10.45,10.45,280,2
20-March-2015,10.3,11.18,10.3,11.0,140,8
18-March-2015,12.0,12.66,10.61,10.65,260,8
17-March-2015,14.0,14.0,11.48,11.52,650,16
16-March-2015,12.75,12.75,12.75,12.75,150,2
13-March-2015,12.75,12.75,12.75,12.75,300,2
12-March-2015,12.66,12.66,12.61,12.65,800,11
10-March-2015,12.11,12.11,12.04,12.04,105,4
5-March-2015,13.08,13.08,13.08,13.08,150,2
4-March-2015,15.0,15.0,13.02,13.07,450,10
3-March-2015,14.25,15.0,14.25,14.25,950,12
27-February-2015,14.05,14.1,14.05,14.1,200,4
26-February-2015,15.5,15.5,15.5,15.5,500,9
25-February-2015,15.5,15.5,15.5,15.5,2,4
24-February-2015,14.0,14.16,14.0,14.15,1225,78
23-February-2015,13.0,13.0,12.6,12.88,307,7
20-February-2015,13.0,14.3,13.0,13.9,1493,21
19-February-2015,13.0,13.0,13.0,13.0,100,2
18-February-2015,14.0,14.05,13.95,13.95,185,10
16-February-2015,15.5,15.5,15.5,15.5,1,2
13-February-2015,14.51,14.52,14.51,14.52,2,4
12-February-2015,13.2,13.2,13.2,13.2,299,4
11-February-2015,12.04,14.5,12.04,14.5,61,4
6-February-2015,15.89,15.89,13.37,13.37,6036,106
5-February-2015,15.54,15.54,14.81,14.81,5150,10
4-February-2015,14.89,14.89,13.55,14.81,1857,31
3-February-2015,14.21,14.21,12.92,14.2,2013,35
2-February-2015,13.5,13.54,13.5,13.54,1000,20
30-January-2015,13.05,14.2,12.9,12.9,5505,33
28-January-2015,14.7,14.7,13.3,13.55,1340,16
23-January-2015,14.0,14.0,14.0,14.0,751,9
22-January-2015,14.85,14.85,14.65,14.65,1000,14
21-January-2015,15.5,16.0,15.05,15.4,1409,14
20-January-2015,17.1,17.1,15.5,15.65,6230,34
16-January-2015,16.35,16.35,15.05,16.3,136,10
15-January-2015,16.1,16.95,15.6,15.65,1885,26
14-January-2015,15.9,16.65,15.7,16.4,3040,21
13-January-2015,15.6,16.65,15.6,16.5,1738,23
12-January-2015,18.05,18.05,16.4,16.4,520,13
9-January-2015,16.55,17.25,16.55,17.25,705,6
7-January-2015,16.0,17.5,15.9,17.4,639,14
6-January-2015,16.75,16.75,16.7,16.7,210,7
5-January-2015,18.5,18.75,17.55,17.55,1827,24
2-January-2015,20.0,20.0,18.45,18.45,2240,16
1-January-2015,16.7,19.4,16.7,19.4,12,4
