Date,Open,High,Low,Close,Volume
2024-06-28,42.7,42.7,41.51,42.49,22000
2024-06-27,41.8,43.16,41.8,43.14,22000
2024-06-26,43.02,44.15,42.21,42.85,30000
2024-06-25,42.77,44.36,42.77,44.36,20000
2024-06-24,42.6,42.89,41.1,42.26,48000
2024-06-21,44.0,45.67,42.56,42.56,48000
2024-06-20,41.5,43.6,40.51,43.55,48000
2024-06-19,42.0,42.38,41.01,41.53,26000
2024-06-18,44.0,44.0,42.0,42.28,56000
2024-06-14,45.5,45.5,43.39,43.8,42000
2024-06-13,46.5,46.5,44.51,45.15,28000
2024-06-12,45.8,46.49,45.7,46.49,18000
2024-06-11,45.5,46.53,45.13,45.82,72000
2024-06-10,48.0,48.25,47.25,47.5,62000
2024-06-07,48.27,48.3,47.5,48.3,96000
2024-06-06,46.57,46.57,46.0,46.0,204000
2024-06-05,44.37,46.57,44.37,46.57,16000
2024-06-04,49.01,49.01,44.37,44.37,22000
2024-06-03,46.01,46.7,45.0,46.7,14000
2024-05-31,46.51,48.0,46.34,46.34,44000
2024-05-30,51.32,51.32,48.76,48.77,44000
2024-05-29,50.5,52.96,49.6,51.32,30000
2024-05-28,50.9,50.9,50.0,50.5,22000
2024-05-27,52.0,52.0,50.62,50.99,28000
2024-05-24,52.0,52.0,52.0,52.0,4000
2024-05-23,53.89,54.0,52.5,52.75,14000
2024-05-22,52.36,53.9,50.71,53.89,24000
2024-05-21,53.98,54.0,51.77,53.0,32000
2024-05-17,52.0,53.43,51.37,52.99,0
2024-05-16,52.0,52.0,49.57,51.33,50000
2024-05-15,54.0,54.0,52.17,52.17,28000
2024-05-14,56.01,56.01,54.91,54.91,24000
2024-05-13,57.94,58.0,55.55,57.79,34000
2024-05-10,55.0,56.0,54.01,55.5,16000
2024-05-09,54.94,55.8,53.2,54.5,48000
2024-05-08,51.0,53.15,51.0,53.15,30000
2024-05-07,50.7,53.72,50.54,50.62,100000
2024-05-06,53.62,54.47,53.2,53.2,42000
2024-05-03,56.0,56.0,54.66,56.0,14000
2024-05-02,56.52,57.94,56.3,57.44,30000
2024-04-30,56.63,59.24,56.63,59.24,6000
2024-04-29,59.98,59.98,58.0,58.0,6000
2024-04-26,55.08,58.53,54.0,57.53,70000
2024-04-25,54.1,56.0,54.1,55.75,20000
2024-04-24,56.25,56.25,56.0,56.0,18000
2024-04-23,58.45,59.0,57.75,57.75,6000
2024-04-22,56.2,58.25,54.5,58.25,20000
2024-04-19,52.22,57.38,52.22,56.0,14000
2024-04-18,54.0,54.65,52.0,54.65,144000
2024-04-16,51.36,53.69,51.36,52.05,0
2024-04-15,52.0,54.0,52.0,53.99,10000
2024-04-12,55.0,55.0,53.13,53.13,6000
2024-04-10,54.99,55.84,54.99,55.84,6000
2024-04-09,54.61,54.7,54.0,54.0,10000
2024-04-08,54.57,56.99,54.57,54.6,14000
2024-04-05,54.57,54.57,54.57,54.57,2000
2024-04-04,53.99,54.57,52.0,54.57,36000
2024-04-03,49.9,52.47,49.9,51.98,14000
2024-04-02,48.8,50.8,48.8,50.0,16000
2024-04-01,48.78,48.81,48.0,48.81,16000
2024-03-28,48.25,48.8,45.9,46.49,118000
2024-03-27,49.75,49.75,47.08,48.17,72000
2024-03-26,48.9,48.9,46.54,47.95,56000
2024-03-22,49.99,50.0,48.9,48.9,14000
2024-03-21,49.0,49.8,48.0,49.8,30000
2024-03-20,50.0,50.0,47.0,47.5,24000
2024-03-19,47.2,49.74,47.2,49.3,30000
2024-03-18,46.0,47.38,45.0,47.38,60000
2024-03-15,47.15,47.15,45.12,45.13,24000
2024-03-14,47.48,49.97,47.48,47.48,110000
2024-03-13,51.01,51.01,49.97,49.97,24000
2024-03-12,52.59,52.59,52.59,52.59,6000
2024-03-11,56.11,56.2,55.34,55.35,46000
2024-03-07,58.25,58.25,58.25,58.25,2000
2024-03-06,58.0,58.0,57.17,57.17,16000
2024-03-05,58.33,61.99,58.24,60.17,18000
2024-03-04,62.1,62.55,60.86,61.3,38000
2024-03-01,61.44,62.01,61.44,62.01,26000
2024-02-29,58.0,60.0,58.0,59.06,16000
2024-02-28,61.01,61.5,60.51,60.8,26000
2024-02-27,62.01,64.0,60.57,61.51,88000
2024-02-26,65.33,65.33,63.75,63.75,8000
2024-02-23,66.31,66.31,62.0,65.33,48000
2024-02-22,63.15,66.31,60.1,65.19,174000
2024-02-21,64.0,64.9,63.16,63.16,14000
2024-02-20,66.0,66.0,63.05,65.0,20000
2024-02-19,63.53,66.0,63.3,66.0,36000
2024-02-16,66.9,66.9,64.11,64.11,26000
2024-02-15,63.66,65.1,62.7,64.4,46000
2024-02-14,63.66,66.0,63.53,66.0,22000
2024-02-13,66.0,67.5,63.11,66.87,50000
2024-02-12,70.94,70.94,66.06,66.06,22000
2024-02-09,70.49,70.49,68.0,68.05,32000
2024-02-08,68.8,70.49,68.1,68.95,32000
2024-02-07,72.0,72.0,68.8,70.0,46000
2024-02-06,68.31,70.9,68.25,70.35,30000
2024-02-05,70.2,71.77,68.05,70.54,80000
2024-02-02,72.1,73.61,70.05,70.5,42000
2024-02-01,71.0,71.9,68.3,70.11,26000
2024-01-31,72.0,72.0,68.6,71.0,20000
2024-01-30,70.0,71.65,68.15,70.55,68000
2024-01-29,73.04,73.04,68.0,68.26,244000
2024-01-25,70.03,71.0,69.0,69.57,96000
2024-01-24,72.0,72.0,69.82,71.95,58000
2024-01-23,75.0,75.99,71.25,71.54,90000
2024-01-20,78.49,78.49,74.0,75.0,120000
2024-01-19,73.0,75.84,73.0,75.84,148000
2024-01-18,69.15,74.98,68.6,72.23,192000
2024-01-17,71.2,72.89,69.99,71.41,108000
2024-01-16,74.56,77.5,72.6,73.67,154000
2024-01-15,80.1,80.5,75.57,76.11,166000
2024-01-12,81.8,82.44,77.14,79.54,516000
2024-01-11,78.52,78.52,76.02,78.52,488000
2024-01-10,71.39,71.39,70.98,71.39,878000
2024-01-09,56.5,64.9,56.5,64.9,184000
2024-01-08,56.02,60.0,54.37,59.0,56000
2024-01-05,56.2,59.0,56.2,57.5,38000
2024-01-04,59.15,59.5,57.1,58.9,42000
2024-01-03,57.5,59.0,56.1,58.05,82000
2024-01-02,58.05,58.9,57.0,57.5,38000
2024-01-01,56.0,59.39,56.0,58.24,20000
2023-12-29,56.0,59.4,54.55,59.15,66000
2023-12-28,57.05,57.05,55.85,56.0,20000
2023-12-27,57.0,57.1,55.21,55.5,26000
2023-12-26,56.0,57.0,54.1,56.9,26000
2023-12-22,56.7,56.75,56.0,56.0,8000
2023-12-21,53.0,56.7,53.0,56.47,26000
2023-12-20,56.9,56.9,53.1,53.1,68000
2023-12-19,56.0,56.98,54.62,56.94,30000
2023-12-18,56.0,58.36,56.0,57.05,46000
2023-12-15,59.15,60.15,54.75,56.04,200000
2023-12-14,63.5,63.5,57.66,58.74,124000
2023-12-13,64.0,65.1,61.5,61.96,76000
2023-12-12,67.98,69.17,63.0,65.41,348000
2023-12-11,60.0,66.0,58.01,65.99,788000
2023-12-08,55.0,55.0,50.0,55.0,496000
2023-12-07,51.5,57.6,40.5,45.84,1160000
2023-12-06,38.0,48.0,36.01,48.0,192000
2023-12-05,40.0,40.0,40.0,40.0,8000
2023-12-04,41.48,42.0,40.0,40.28,24000
2023-12-01,41.88,41.88,40.0,40.67,32000
2023-11-30,42.01,44.0,40.0,40.25,28000
2023-11-29,42.0,42.0,42.0,42.0,2000
2023-11-28,41.5,42.86,38.05,42.86,56000
2023-11-24,41.55,41.6,41.5,41.5,8000
2023-11-23,42.9,42.9,42.0,42.25,16000
2023-11-22,43.0,43.0,40.6,42.9,48000
2023-11-21,42.61,44.87,42.0,42.23,44000
2023-11-20,46.01,46.01,42.51,42.51,12000
2023-11-17,45.98,48.0,44.1,48.0,18000
2023-11-16,48.0,48.0,42.0,43.81,54000
2023-11-15,50.0,50.0,50.0,50.0,6000
2023-11-10,49.0,49.0,49.0,49.0,6000
2023-11-09,48.0,49.0,48.0,49.0,4000
2023-11-08,50.0,52.0,49.0,49.0,8000
2023-11-07,48.01,49.0,48.0,49.0,8000
2023-11-06,48.0,49.99,48.0,49.99,16000
2023-11-03,49.99,50.0,48.01,48.01,44000
2023-11-02,49.99,49.99,48.1,48.1,6000
2023-10-31,48.01,49.9,48.0,49.9,12000
2023-10-30,50.0,50.5,50.0,50.5,6000
2023-10-27,52.0,52.0,52.0,52.0,4000
2023-10-26,50.0,51.0,48.2,50.96,32000
2023-10-25,54.0,54.0,52.0,52.0,6000
2023-10-23,55.0,56.0,55.0,56.0,4000
2023-10-20,55.26,55.26,55.1,55.1,4000
2023-10-19,59.0,59.0,55.5,57.99,12000
2023-10-18,56.0,59.0,56.0,58.82,26000
2023-10-17,56.0,58.0,56.0,57.5,10000
2023-10-16,58.5,58.5,58.0,58.0,4000
2023-10-13,60.0,60.0,60.0,60.0,2000
2023-10-12,60.0,62.0,58.0,62.0,6000
2023-10-11,58.0,60.0,57.5,58.0,8000
2023-10-10,57.95,62.52,57.0,57.5,36000
2023-10-09,52.1,52.1,52.1,52.1,2000
2023-10-06,55.99,67.2,55.99,61.75,42000
2023-10-05,56.0,56.0,56.0,56.0,2000
2023-10-04,54.0,54.0,54.0,54.0,2000
2023-10-03,48.1,55.99,48.1,55.99,4000
2023-09-29,55.0,59.0,55.0,55.84,48000
2023-09-27,42.25,54.99,42.25,54.95,26000
2023-09-26,49.2,49.2,49.0,49.0,24000
2023-09-25,52.45,52.45,48.56,50.8,26000
2023-09-22,52.45,52.45,52.45,52.45,2000
2023-09-20,47.0,47.0,47.0,47.0,2000
2023-09-18,47.51,47.51,47.51,47.51,2000
2023-09-15,48.5,48.5,48.5,48.5,2000
2023-09-14,50.5,50.6,46.2,48.99,36000
2023-09-12,49.25,49.25,49.25,49.25,2000
2023-09-11,48.0,49.9,45.01,49.0,20000
2023-09-08,50.01,50.01,50.01,50.01,2000
2023-09-07,52.55,52.55,52.55,52.55,2000
2023-09-06,52.2,52.56,52.2,52.55,8000
2023-09-05,56.7,56.7,56.7,56.7,2000
2023-09-04,56.8,56.8,56.8,56.8,2000
2023-08-29,49.01,55.0,49.01,52.42,18000
2023-08-21,55.0,58.0,55.0,55.0,2000
2023-08-11,58.0,58.0,58.0,58.0,2000
2023-08-09,57.99,60.9,57.9,57.9,8000
2023-08-04,63.25,63.25,56.0,56.0,4000
2023-08-03,57.5,58.0,54.0,57.0,12000
2023-07-31,56.0,56.94,56.0,56.94,10000
2023-07-28,58.4,58.4,53.12,57.0,12000
2023-07-27,55.0,55.0,54.25,54.25,4000
2023-07-26,55.75,59.0,55.75,58.75,24000
2023-07-25,55.0,55.85,51.75,52.0,14000
2023-07-24,51.0,55.0,51.0,52.75,42000
2023-07-21,52.8,52.8,52.8,52.8,2000
2023-07-20,52.5,54.75,50.35,53.0,22000
2023-07-19,52.5,52.94,50.65,52.74,8000
2023-07-18,49.99,50.99,49.0,50.5,16000
2023-07-17,44.0,48.99,44.0,48.99,6000
2023-07-14,47.93,47.95,46.65,46.65,8000
2023-07-13,47.15,49.89,46.0,47.07,16000
2023-07-12,48.5,48.5,47.05,47.05,6000
2023-07-11,41.4,48.99,41.4,47.0,14000
2023-07-10,42.5,48.0,42.5,47.44,16000
2023-07-07,48.02,49.6,48.02,49.18,20000
2023-07-06,53.98,53.98,50.0,50.0,16000
2023-07-05,52.5,54.25,50.0,52.68,52000
2023-07-04,50.0,52.75,50.0,52.5,10000
2023-07-03,51.25,55.68,50.0,50.0,30000
2023-06-30,52.0,59.3,49.5,50.25,72000
2023-06-28,52.0,58.9,52.0,52.0,80000
2023-06-27,57.0,62.9,50.21,52.0,60000
2023-06-26,60.0,60.25,60.0,60.25,30000
2023-06-23,65.9,65.9,60.46,60.46,6000
2023-06-22,58.0,62.0,58.0,62.0,4000
2023-06-16,60.5,62.91,58.1,62.91,6000
2023-06-13,64.0,64.0,64.0,64.0,2000
2023-06-12,53.3,70.0,53.3,65.0,16000
2023-06-07,62.31,62.31,62.3,62.3,4000
2023-06-05,64.0,67.0,62.3,62.3,8000
2023-06-02,64.0,64.0,64.0,64.0,2000
2023-06-01,64.01,64.01,64.01,64.01,2000
2023-05-31,65.0,65.0,65.0,65.0,2000
2023-05-29,70.0,70.0,70.0,70.0,2000
2023-05-22,69.95,70.0,68.99,69.5,10000
2023-05-18,70.0,70.0,65.5,66.01,30000
2023-05-17,69.8,69.8,68.1,68.1,4000
2023-05-16,68.45,70.0,68.45,69.9,22000
2023-05-15,64.1,67.95,64.0,65.0,14000
2023-05-08,70.0,70.0,70.0,70.0,2000
2023-05-04,69.99,69.99,69.99,69.99,4000
2023-04-25,65.12,68.7,65.12,66.5,0
2023-04-24,67.01,68.02,67.01,67.1,12000
2023-04-21,68.11,68.11,67.1,67.1,8000
2023-04-20,73.9,73.9,73.9,73.9,2000
2023-04-19,67.5,67.7,66.1,67.0,74000
2023-04-18,66.5,66.6,66.0,66.1,46000
2023-04-13,67.0,67.0,67.0,67.0,0
2023-04-11,67.99,73.0,66.61,72.9,12000
2023-04-06,67.0,67.0,67.0,67.0,0
2023-04-05,67.55,68.0,67.5,68.0,6000
2023-03-31,67.0,67.0,67.0,67.0,0
2023-03-29,68.0,68.0,66.0,66.0,6000
2023-03-28,64.0,73.0,64.0,67.0,178000
2023-03-27,68.01,69.55,68.01,69.0,10000
2023-03-24,68.0,72.0,68.0,70.0,10000
2023-03-23,74.0,74.0,72.0,72.0,4000
2023-03-22,71.95,71.95,71.95,71.95,2000
2023-03-17,73.0,73.0,71.5,71.5,10000
2023-03-16,76.0,76.0,68.5,69.1,10000
2023-03-14,72.5,72.5,71.5,72.5,18000
2023-03-13,70.0,75.5,70.0,70.01,12000
2023-03-10,70.3,70.5,70.0,70.5,110000
2023-03-09,72.6,72.6,72.5,72.5,4000
2023-03-08,70.15,73.6,70.15,73.6,4000
2023-03-06,69.9,69.9,69.9,69.9,2000
2023-03-03,69.9,69.9,69.9,69.9,4000
2023-03-02,65.1,65.1,65.1,65.1,2000
2023-02-28,68.85,68.85,68.85,68.85,2000
2023-02-27,70.0,71.0,70.0,71.0,4000
2023-02-24,70.0,72.0,70.0,71.95,6000
2023-02-23,71.25,71.25,70.0,70.0,8000
2023-02-22,67.7,72.0,67.65,68.25,24000
2023-02-21,72.0,73.0,72.0,73.0,12000
2023-02-20,72.0,73.25,71.7,73.25,20000
2023-02-17,72.0,72.0,72.0,72.0,6000
2023-02-16,71.9,72.0,71.9,71.95,4000
2023-02-14,70.2,70.2,70.2,70.2,2000
2023-02-13,70.05,72.5,69.0,72.5,22000
2023-02-08,76.9,76.95,73.75,73.75,8000
2023-02-07,76.25,78.1,76.0,76.75,22000
2023-02-03,71.0,71.0,71.0,71.0,2000
2023-02-01,73.0,76.0,71.15,71.15,30000
2023-01-31,71.0,72.55,71.0,72.55,16000
2023-01-30,72.05,72.05,69.1,69.1,34000
2023-01-27,70.0,70.0,68.65,68.65,6000
2023-01-25,68.55,68.55,68.55,68.55,6000
2023-01-23,70.0,70.0,70.0,70.0,2000
2023-01-19,69.0,71.45,69.0,71.45,4000
2023-01-18,69.5,69.5,69.5,69.5,2000
2023-01-17,72.0,72.0,69.1,69.1,4000
2023-01-13,69.5,74.9,69.5,71.0,28000
2023-01-12,71.95,71.95,71.95,71.95,2000
2023-01-10,73.15,73.55,72.2,72.2,20000
2023-01-06,75.0,76.0,75.0,76.0,4000
2023-01-05,77.9,77.95,72.1,72.7,26000
2023-01-04,75.15,75.25,75.0,75.0,16000
2023-01-03,74.25,74.25,73.55,73.85,10000
2022-12-29,76.15,77.0,75.15,77.0,0
2022-12-28,77.4,78.0,77.0,77.0,12000
2022-12-27,75.5,75.6,75.5,75.6,58000
2022-12-26,74.45,74.45,68.15,73.45,14000
2022-12-23,71.15,72.45,70.9,71.1,20000
2022-12-22,77.5,77.5,73.55,73.95,14000
2022-12-21,76.5,79.5,76.5,77.4,6000
2022-12-20,81.95,81.95,77.4,77.4,8000
2022-12-19,75.75,80.9,75.75,80.0,8000
2022-12-16,78.05,78.2,78.0,78.2,8000
2022-12-15,82.95,82.95,78.05,78.3,12000
2022-12-14,79.3,80.95,78.5,79.5,4000
2022-12-13,79.3,81.0,78.5,79.05,12000
2022-12-09,82.5,84.45,82.5,82.5,8000
2022-12-08,83.0,83.0,83.0,83.0,2000
2022-12-07,84.0,86.0,83.0,84.05,18000
2022-12-06,86.35,86.35,84.0,84.0,12000
2022-12-05,87.2,87.2,82.05,84.2,40000
2022-12-02,81.2,85.25,81.2,84.0,22000
2022-12-01,81.2,81.2,80.9,81.2,68000
2022-11-30,76.0,77.7,76.0,77.35,64000
2022-11-29,76.0,76.3,72.75,74.0,66000
2022-11-28,74.5,74.7,74.5,74.7,28000
2022-11-25,69.2,72.95,69.1,71.15,38000
2022-11-24,74.25,74.25,72.7,72.7,28000
2022-11-23,78.0,79.0,76.5,76.5,6000
2022-11-21,78.45,78.5,78.45,78.5,4000
2022-11-18,75.05,76.4,75.05,75.5,6000
2022-11-17,77.95,79.0,75.4,77.1,14000
2022-11-16,79.95,80.0,75.75,75.8,18000
2022-11-15,80.0,80.0,77.35,77.35,8000
2022-11-14,78.8,82.45,78.8,81.15,26000
2022-11-11,75.05,79.95,74.55,79.95,12000
2022-11-10,80.5,80.5,77.15,77.15,4000
2022-11-09,80.6,80.6,80.6,80.6,2000
2022-11-07,80.6,80.6,80.6,80.6,6000
2022-11-04,82.2,82.2,75.75,80.6,36000
2022-11-03,79.2,80.45,76.3,78.3,46000
2022-11-02,81.7,81.7,80.25,80.3,132000
2022-11-01,77.0,79.8,76.95,77.85,96000
2022-10-31,77.25,77.25,72.55,76.0,116000
2022-10-28,74.75,74.75,73.6,73.6,8000
2022-10-27,74.65,74.8,70.0,72.65,72000
2022-10-25,68.0,71.25,68.0,71.25,30000
2022-10-24,68.85,68.85,67.85,67.9,30000
2022-10-20,69.1,72.5,68.5,68.5,0
2022-10-19,74.1,74.1,70.5,71.65,250000
2022-10-18,65.5,70.6,63.9,70.6,66000
2022-10-17,68.8,68.8,64.5,67.25,6000
2022-10-14,66.0,67.75,64.85,65.6,26000
2022-10-13,70.25,70.25,68.25,68.25,20000
2022-10-12,75.95,76.0,71.8,71.8,20000
2022-10-11,72.35,74.5,72.35,74.45,10000
2022-10-10,75.9,75.9,72.15,72.25,8000
2022-10-07,75.45,75.5,75.45,75.5,8000
2022-10-06,75.0,75.0,75.0,75.0,2000
2022-10-04,73.2,73.2,72.05,72.4,8000
2022-10-03,71.5,74.95,71.5,74.95,6000
2022-09-30,70.1,74.7,70.1,73.0,10000
2022-09-29,75.0,75.0,71.3,72.85,16000
2022-09-28,73.95,73.95,73.95,73.95,4000
2022-09-27,74.1,74.95,72.9,74.0,28000
2022-09-26,78.05,78.05,76.7,76.7,18000
2022-09-23,81.5,83.7,80.05,80.7,24000
2022-09-22,85.45,85.45,83.25,83.65,22000
2022-09-21,91.0,92.4,85.0,86.35,76000
2022-09-20,85.8,89.05,85.8,89.05,82000
2022-09-19,82.5,85.35,79.2,84.85,128000
2022-09-16,80.6,84.95,80.6,82.0,102000
2022-09-15,92.95,93.0,84.2,84.8,128000
2022-09-14,88.0,88.6,84.0,88.6,88000
2022-09-13,81.0,84.4,80.5,84.4,362000
2022-09-12,78.05,83.5,76.4,80.4,144000
2022-09-09,80.9,80.9,73.2,80.4,1022000
2022-09-08,77.05,77.05,76.0,77.05,208000
2022-09-07,69.75,73.4,67.0,73.4,168000
2022-09-06,69.95,69.95,66.5,69.95,142000
2022-09-05,66.65,66.65,63.65,66.65,292000
2022-09-02,63.5,63.5,63.5,63.5,18000
2022-09-01,60.5,60.5,55.1,60.5,356000
2022-08-30,57.65,57.65,57.65,57.65,12000
2022-08-29,54.95,54.95,54.95,54.95,20000
2022-08-26,52.35,52.35,52.35,52.35,44000
2022-08-25,49.9,49.9,49.9,49.9,42000
2022-08-24,47.55,47.55,47.55,47.55,4000
2022-08-23,45.3,45.3,45.3,45.3,8000
2022-08-22,43.15,43.15,43.15,43.15,6000
2022-08-19,41.1,41.1,41.1,41.1,32000
2022-08-18,37.4,37.4,37.4,37.4,8000
2022-08-17,34.0,34.0,34.0,34.0,12000
2022-08-16,30.7,30.95,30.7,30.95,42000
2022-08-12,23.25,27.4,23.25,25.8,50000
2022-08-11,21.0,22.85,21.0,22.85,8000
2022-08-10,20.0,20.0,20.0,20.0,2000
2022-08-08,21.8,22.75,21.0,21.15,12000
2022-08-05,20.5,20.5,20.0,20.0,4000
2022-08-03,21.9,21.95,21.0,21.0,8000
2022-07-28,21.5,21.5,21.5,21.5,6000
2022-07-22,21.1,21.1,21.1,21.1,2000
2022-07-20,21.7,21.85,21.7,21.75,12000
2022-07-19,21.25,22.0,21.25,21.3,18000
2022-07-18,22.6,22.7,21.0,21.2,10000
2022-07-15,20.6,22.2,20.15,22.2,20000
2022-07-14,18.9,20.8,18.9,20.6,16000
2022-07-13,21.8,21.8,18.05,18.95,20000
2022-07-12,19.0,19.0,19.0,19.0,2000
2022-07-08,20.5,20.5,19.0,19.0,6000
2022-07-05,19.0,19.0,19.0,19.0,4000
2022-07-04,19.15,19.15,19.1,19.1,4000
2022-07-01,20.5,20.5,20.5,20.5,2000
2022-06-30,19.05,20.3,19.05,20.3,12000
2022-06-28,20.7,20.7,19.5,19.5,8000
2022-06-27,22.0,22.0,22.0,22.0,2000
2022-06-16,18.55,18.55,18.5,18.5,0
2022-06-14,19.0,19.0,19.0,19.0,4000
2022-06-13,20.0,20.0,20.0,20.0,42000
2022-06-10,19.0,20.0,19.0,20.0,4000
2022-06-08,19.1,19.1,19.1,19.1,2000
2022-06-07,20.0,20.0,20.0,20.0,2000
2022-06-03,20.5,20.5,20.0,20.0,10000
2022-06-01,20.95,20.95,20.95,20.95,2000
2022-05-31,20.5,20.5,20.0,20.0,6000
2022-05-23,21.5,21.5,21.5,21.5,0
2022-05-20,20.5,20.5,20.5,20.5,2000
2022-05-19,21.05,21.05,20.0,20.0,8000
2022-05-18,24.5,24.5,22.0,22.0,6000
2022-05-17,21.5,21.5,21.5,21.5,4000
2022-05-16,21.5,21.5,21.5,21.5,6000
2022-05-13,22.25,22.3,22.25,22.3,4000
2022-05-12,21.0,21.25,21.0,21.0,8000
2022-05-11,22.2,22.2,21.25,21.25,4000
2022-05-06,21.0,21.0,21.0,21.0,4000
2022-05-04,23.7,24.9,22.0,22.0,22000
2022-04-28,23.3,23.3,23.3,23.3,0
2022-04-27,21.75,21.75,21.75,21.75,2000
2022-04-26,23.6,23.6,21.55,21.55,6000
2022-04-25,24.0,24.0,23.5,23.5,6000
2022-04-22,24.0,24.0,23.1,23.1,8000
2022-04-20,25.0,25.0,24.3,24.3,4000
2022-04-19,26.7,26.7,25.1,26.15,10000
2022-04-18,24.9,28.6,24.0,26.3,8000
2022-04-13,25.5,26.0,23.95,23.95,24000
2022-04-12,24.0,25.0,23.35,24.65,26000
2022-04-11,24.0,24.3,22.55,23.95,16000
2022-04-08,23.5,24.75,22.8,22.8,24000
2022-04-07,22.8,23.5,22.8,23.5,4000
2022-04-06,22.7,22.8,22.7,22.8,4000
2022-04-05,22.6,22.6,22.55,22.55,6000
2022-04-04,21.25,22.7,21.25,22.7,22000
2022-03-31,20.6,20.65,20.6,20.65,38000
2022-03-29,19.65,20.5,19.65,20.5,4000
2022-03-28,19.5,20.7,19.5,20.7,52000
2022-03-25,20.5,20.5,20.5,20.5,2000
2022-03-24,21.15,21.15,21.1,21.15,22000
2022-03-23,21.15,21.15,21.0,21.0,4000
2022-03-22,21.2,21.2,21.15,21.15,22000
2022-03-21,20.75,21.05,20.75,21.0,12000
2022-03-16,21.0,21.9,21.0,21.9,8000
2022-03-15,21.7,21.75,20.75,20.8,20000
2022-03-14,21.75,21.75,21.6,21.75,40000
2022-03-11,21.5,21.6,21.5,21.6,34000
2022-03-10,21.8,21.8,21.5,21.5,6000
2022-03-09,20.0,21.85,20.0,21.0,24000
2022-03-07,21.85,21.85,21.85,21.85,22000
2022-03-04,21.35,22.9,20.75,21.85,8000
2022-03-02,20.55,22.6,20.55,21.05,10000
2022-02-28,20.05,22.5,20.05,22.5,36000
2022-02-25,20.0,21.6,20.0,21.6,8000
2022-02-24,18.5,20.9,18.5,20.2,10000
2022-02-21,20.5,20.5,20.5,20.5,2000
2022-02-16,21.5,21.5,21.5,21.5,2000
2022-02-15,19.0,20.65,19.0,20.65,8000
2022-02-14,21.0,21.0,19.85,19.85,8000
2022-02-11,22.5,22.5,21.8,22.0,8000
2022-02-10,21.45,22.85,21.45,22.85,4000
2022-02-09,21.5,22.45,21.25,22.45,26000
2022-02-07,19.05,21.0,19.05,21.0,12000
2022-02-04,21.2,21.2,21.15,21.15,8000
2022-02-03,22.95,22.95,22.25,22.25,6000
2022-02-02,21.8,21.9,21.15,21.9,20000
2022-02-01,20.8,20.9,20.7,20.9,10000
2022-01-31,20.05,20.05,19.95,19.95,14000
2022-01-28,20.1,20.95,20.1,20.95,6000
2022-01-27,20.1,20.1,20.05,20.05,4000
2022-01-25,20.5,21.0,20.5,21.0,4000
2022-01-24,22.45,22.45,20.35,20.35,30000
2022-01-21,21.4,21.4,21.4,21.4,2000
2022-01-20,22.0,22.0,21.5,21.5,4000
2022-01-19,21.0,22.55,21.0,22.0,14000
2022-01-18,21.95,21.95,21.95,21.95,2000
2022-01-17,22.0,22.0,21.2,21.2,4000
2022-01-14,21.95,22.2,21.95,22.15,6000
2022-01-13,21.2,21.25,21.15,21.25,12000
2022-01-12,21.35,22.3,21.35,22.05,22000
2022-01-11,21.0,21.5,21.0,21.5,26000
2022-01-07,20.5,20.5,20.5,20.5,2000
2022-01-05,22.6,22.6,20.65,20.7,8000
2022-01-04,21.55,21.65,20.55,21.6,18000
2022-01-03,22.05,22.05,21.0,21.0,14000
2021-12-30,21.0,21.0,21.0,21.0,4000
2021-12-29,21.4,21.4,21.05,21.05,14000
2021-12-27,21.05,21.05,19.6,20.5,6000
2021-12-24,19.95,20.05,19.95,20.05,24000
2021-12-23,19.5,20.5,19.1,19.1,10000
2021-12-22,19.95,20.0,19.95,20.0,6000
2021-12-20,19.25,19.95,19.25,19.3,6000
2021-12-17,19.0,20.15,19.0,20.15,22000
2021-12-16,20.0,20.0,19.95,19.95,14000
2021-12-15,20.55,21.15,20.55,20.95,6000
2021-12-14,19.5,20.8,19.5,20.8,4000
2021-12-13,21.9,21.9,20.35,20.35,40000
2021-12-10,22.4,23.35,21.4,21.4,36000
2021-12-09,22.5,22.5,22.5,22.5,2000
2021-12-08,20.65,22.05,20.65,22.05,6000
2021-12-07,21.45,21.5,21.45,21.5,4000
2021-12-02,20.9,20.9,20.9,20.9,26000
2021-12-01,20.4,20.4,20.3,20.3,10000
2021-11-30,21.35,21.35,21.35,21.35,2000
2021-11-29,20.45,20.45,20.45,20.45,2000
2021-11-26,21.8,22.3,21.3,21.3,28000
2021-11-25,23.0,23.0,22.4,22.4,50000
2021-11-24,23.45,23.55,23.3,23.55,10000
2021-11-23,22.35,22.5,22.35,22.5,8000
2021-11-22,22.6,22.6,21.4,21.45,12000
2021-11-18,23.65,23.65,22.5,22.5,14000
2021-11-17,21.0,22.95,21.0,22.95,46000
2021-11-16,22.1,22.1,22.1,22.1,2000
2021-11-15,23.25,23.3,23.25,23.25,26000
2021-11-12,27.0,27.0,25.8,25.8,4000
2021-11-11,28.65,28.65,27.0,27.0,4000
2021-11-10,29.2,30.0,28.5,30.0,8000
2021-11-09,32.5,33.0,29.6,30.5,54000
2021-11-08,24.0,28.0,24.0,28.0,76000
2021-11-03,19.6,20.0,19.6,20.0,4000
2021-11-02,21.0,21.1,20.4,20.45,8000
2021-10-28,20.05,21.5,20.0,20.2,36000
2021-10-27,20.15,20.15,20.0,20.0,8000
2021-10-26,20.9,20.9,20.9,20.9,2000
2021-10-25,20.0,20.0,20.0,20.0,2000
2021-10-22,21.5,21.5,20.5,20.5,6000
2021-10-21,21.75,21.75,20.55,20.6,12000
2021-10-20,23.8,23.8,23.8,23.8,2000
2021-10-19,21.0,21.0,21.0,21.0,14000
2021-10-18,23.0,23.0,20.15,21.7,20000
2021-10-14,22.5,22.5,22.5,22.5,2000
2021-10-13,25.8,26.0,23.5,23.5,20000
2021-10-12,25.8,27.0,24.0,24.95,62000
2021-10-11,22.9,24.9,22.0,24.75,78000
2021-10-08,20.0,21.5,20.0,21.1,44000
2021-10-07,19.5,19.5,19.15,19.15,4000
2021-10-06,19.15,19.15,19.15,19.15,2000
2021-10-05,19.5,20.45,19.5,20.0,12000
2021-10-04,19.05,19.05,19.0,19.0,22000
2021-10-01,19.0,19.0,19.0,19.0,2000
2021-09-30,19.0,19.1,19.0,19.05,8000
2021-09-27,18.5,18.5,18.5,18.5,2000
2021-09-22,18.65,19.0,18.65,19.0,4000
2021-09-20,19.25,19.25,19.0,19.0,14000
2021-09-16,19.0,19.95,19.0,19.95,8000
2021-09-14,18.8,18.8,18.8,18.8,2000
2021-09-13,18.8,18.8,18.8,18.8,8000
2021-09-06,19.0,19.0,19.0,19.0,2000
2021-09-03,18.95,19.95,18.95,19.55,12000
2021-09-02,19.65,20.25,19.65,20.1,50000
2021-09-01,20.0,20.0,20.0,20.0,2000
2021-08-31,20.0,20.1,19.65,20.1,16000
2021-08-30,19.3,20.0,19.3,20.0,110000
2021-08-27,19.5,19.5,19.5,19.5,104000
2021-08-26,19.0,19.0,19.0,19.0,2000
2021-08-25,17.35,18.9,17.35,18.9,8000
2021-08-24,16.0,17.4,16.0,17.4,4000
2021-08-23,17.5,17.5,17.45,17.45,6000
2021-08-20,17.35,17.8,17.1,17.8,16000
2021-08-18,18.3,18.3,17.55,17.9,14000
2021-08-13,19.0,19.5,19.0,19.5,18000
2021-08-11,19.2,19.5,18.35,18.35,16000
2021-08-10,20.0,20.0,18.9,18.9,4000
2021-08-06,20.3,20.4,19.5,19.5,12000
2021-08-05,20.95,20.95,19.2,20.2,16000
2021-08-04,20.85,20.85,20.2,20.2,114000
2021-08-03,19.95,19.95,19.95,19.95,24000
2021-08-02,18.0,19.0,18.0,19.0,38000
2021-07-30,18.15,18.15,18.05,18.1,14000
2021-07-29,18.95,19.0,18.95,19.0,4000
2021-07-27,18.95,18.95,18.95,18.95,2000
2021-07-26,18.3,18.3,18.25,18.25,10000
2021-07-20,19.0,19.2,19.0,19.2,8000
2021-07-19,19.85,20.3,19.05,19.7,54000
2021-07-16,19.8,21.1,19.8,20.05,16000
2021-07-15,20.15,20.25,20.1,20.25,8000
2021-07-14,20.5,20.5,20.5,20.5,2000
2021-07-13,20.15,20.95,20.15,20.95,8000
2021-07-12,21.35,21.4,20.05,20.05,12000
2021-07-09,20.45,20.5,20.45,20.5,4000
2021-07-08,19.7,19.7,19.6,19.6,6000
2021-07-06,19.75,20.7,19.65,19.8,22000
2021-07-05,20.65,20.65,20.65,20.65,4000
2021-07-02,19.1,20.0,19.1,20.0,6000
2021-07-01,20.0,20.0,20.0,20.0,2000
2021-06-30,20.9,20.9,19.65,20.05,16000
2021-06-29,21.5,21.5,20.2,20.2,8000
2021-06-28,20.5,20.7,20.45,20.7,8000
2021-06-24,22.2,22.2,21.5,21.5,8000
2021-06-23,22.1,22.2,22.05,22.2,26000
2021-06-22,20.35,21.15,20.35,21.15,26000
2021-06-21,20.4,20.4,20.0,20.15,10000
2021-06-18,20.75,21.95,20.35,21.0,26000
2021-06-17,21.55,21.55,21.0,21.4,8000
2021-06-16,22.5,22.5,21.4,21.5,20000
2021-06-15,21.5,22.55,21.5,22.5,64000
2021-06-14,23.2,23.2,21.0,21.5,64000
2021-06-11,21.65,22.1,21.65,22.1,34000
2021-06-10,19.55,21.1,19.55,21.05,30000
2021-06-09,22.15,22.15,20.4,20.4,54000
2021-06-08,22.4,22.4,21.0,21.45,16000
2021-06-07,22.0,22.4,21.6,21.6,30000
2021-06-04,22.65,22.7,22.65,22.7,8000
2021-06-03,21.45,22.0,21.2,21.75,34000
2021-06-02,22.35,23.0,22.15,22.55,8000
2021-06-01,24.85,24.85,23.4,23.4,46000
2021-05-31,29.0,29.5,25.0,26.0,50000
2021-05-28,26.4,27.35,24.2,27.35,86000
2021-05-27,20.8,22.8,20.5,22.8,30000
2021-05-25,18.6,19.0,18.5,19.0,38000
2021-05-24,17.15,18.5,17.0,17.85,40000
2021-05-21,17.75,17.75,17.05,17.05,6000
2021-05-20,16.6,17.0,16.6,17.0,4000
2021-05-19,17.05,17.05,17.0,17.0,6000
2021-05-14,16.25,17.75,16.25,17.3,18000
2021-05-10,17.75,18.2,17.5,17.5,18000
2021-05-07,17.5,17.5,17.5,17.5,2000
2021-05-06,17.0,17.0,17.0,17.0,2000
2021-05-05,17.0,17.4,17.0,17.4,6000
2021-04-30,17.45,17.45,17.45,17.45,2000
2021-04-29,17.45,17.45,17.45,17.45,2000
2021-04-28,17.3,17.4,17.0,17.4,12000
2021-04-27,17.0,17.0,16.55,16.55,6000
2021-04-26,17.2,17.2,17.0,17.0,4000
2021-04-23,18.0,18.0,18.0,18.0,2000
2021-04-22,18.0,18.0,18.0,18.0,2000
2021-04-20,17.55,18.5,17.5,17.5,8000
2021-04-19,17.6,17.6,17.5,17.55,10000
2021-04-15,20.7,20.7,20.5,20.5,4000
2021-04-13,20.7,20.7,20.1,20.1,8000
2021-04-12,22.05,22.2,20.0,20.3,16000
2021-04-09,22.55,22.55,22.5,22.5,4000
2021-04-05,23.9,23.9,22.45,22.95,8000
2021-04-01,24.1,24.1,24.1,24.1,2000
2021-03-31,23.0,26.0,19.5,24.0,28000
2021-03-30,24.5,25.25,24.3,24.3,322000
2021-03-26,25.25,25.25,24.0,25.15,26000
2021-03-25,23.8,23.8,23.8,23.8,14000
2021-03-18,24.8,24.8,24.5,24.5,118000
2021-03-17,25.0,25.0,24.5,24.5,12000
2021-03-16,26.0,26.35,24.0,24.5,16000
2021-03-10,26.45,26.45,26.45,26.45,2000
2021-03-09,25.5,25.5,25.0,25.0,6000
2021-03-08,25.0,25.5,25.0,25.0,6000
2021-03-05,24.1,26.5,24.1,24.5,26000
2021-03-03,25.0,26.1,24.5,24.5,10000
2021-03-02,24.7,24.7,24.0,24.0,6000
2021-03-01,26.0,26.35,26.0,26.35,6000
2021-02-26,25.0,26.3,24.9,25.85,10000
2021-02-24,24.4,26.0,24.4,25.75,8000
2021-02-23,25.0,26.25,24.4,24.7,18000
2021-02-22,23.6,26.5,23.6,26.2,38000
2021-02-19,24.5,25.9,24.2,24.25,12000
2021-02-18,24.8,24.85,24.0,24.75,12000
2021-02-17,25.85,27.15,25.0,25.0,6000
2021-02-16,25.95,27.95,24.55,24.55,10000
2021-02-15,25.0,25.0,24.0,24.5,12000
2021-02-12,26.25,26.25,26.25,26.25,2000
2021-02-11,25.0,25.0,25.0,25.0,2000
2021-02-09,25.0,25.0,25.0,25.0,2000
2021-02-05,24.25,24.25,24.25,24.25,2000
2021-02-04,25.0,25.0,25.0,25.0,2000
2021-02-03,25.0,25.0,24.0,24.5,6000
2021-02-01,26.0,26.0,24.05,26.0,6000
2021-01-29,25.0,25.5,25.0,25.5,6000
2021-01-28,23.25,24.0,23.25,23.65,4000
2021-01-27,25.0,25.0,25.0,25.0,2000
2021-01-22,26.0,26.0,26.0,26.0,2000
2021-01-21,26.1,26.1,26.0,26.0,6000
2021-01-20,24.5,28.4,24.5,27.0,14000
2021-01-19,24.4,28.5,24.4,27.0,10000
2021-01-15,27.0,27.0,26.0,26.0,4000
2021-01-13,26.95,27.75,26.9,27.65,12000
2021-01-12,27.0,27.85,27.0,27.5,6000
2021-01-11,26.0,26.7,26.0,26.7,6000
2021-01-08,26.25,28.3,24.0,28.15,8000
2021-01-05,28.4,28.4,26.4,28.35,14000
2021-01-04,26.5,28.4,26.5,28.4,12000
2021-01-01,26.0,26.0,26.0,26.0,2000
2020-12-31,25.0,26.5,25.0,26.5,6000
2020-12-30,23.95,24.6,23.95,24.6,8000
2020-12-29,23.6,23.6,23.6,23.6,2000
2020-12-28,24.3,24.3,23.5,23.5,6000
2020-12-23,25.75,25.75,23.8,23.8,4000
2020-12-21,24.0,24.0,24.0,24.0,2000
2020-12-18,24.0,24.0,24.0,24.0,2000
2020-12-16,24.0,24.0,24.0,24.0,2000
2020-12-15,25.0,25.1,25.0,25.0,28000
2020-12-14,25.0,25.8,24.6,25.0,32000
2020-12-11,25.0,25.0,25.0,25.0,6000
2020-12-10,25.6,25.6,25.5,25.5,6000
2020-12-09,25.6,25.7,25.55,25.7,8000
2020-12-08,26.25,26.25,25.55,25.55,6000
2020-12-07,25.15,25.5,25.15,25.3,8000
2020-12-04,25.3,25.3,25.3,25.3,2000
2020-12-02,25.5,25.5,25.5,25.5,2000
2020-12-01,25.55,25.55,25.5,25.5,4000
2020-11-27,24.0,25.95,24.0,25.95,8000
2020-11-26,26.05,26.25,25.8,25.85,14000
2020-11-25,26.95,26.95,26.95,26.95,4000
2020-11-24,25.25,26.85,25.25,26.0,20000
2020-11-23,26.8,27.0,26.0,26.75,16000
2020-11-19,28.0,28.0,26.0,26.0,14000
2020-11-18,27.85,27.85,27.0,27.0,4000
2020-11-17,27.5,27.85,27.5,27.85,8000
2020-11-13,27.95,28.0,26.5,26.5,22000
2020-11-12,27.5,27.5,27.0,27.0,6000
2020-11-11,28.0,28.0,27.0,27.25,14000
2020-11-10,28.1,28.1,27.0,27.55,24000
2020-11-09,28.25,28.45,28.0,28.45,20000
2020-11-06,28.5,30.0,27.0,30.0,20000
2020-11-05,30.0,30.0,29.0,29.0,24000
2020-11-04,27.5,31.1,27.5,29.75,28000
2020-11-03,28.05,29.4,27.0,29.0,16000
2020-11-02,28.0,28.0,27.0,27.55,10000
2020-10-29,30.8,30.8,28.0,28.0,8000
2020-10-27,30.0,30.0,28.5,28.5,4000
2020-10-20,30.0,32.0,30.0,32.0,6000
2020-10-15,31.95,32.5,31.95,32.5,6000
2020-10-13,30.5,30.5,30.5,30.5,2000
2020-10-09,32.75,32.75,32.75,32.75,4000
2020-10-08,31.0,31.0,31.0,31.0,2000
2020-10-07,30.7,30.7,30.7,30.7,2000
2020-10-06,28.5,30.3,28.5,30.3,6000
2020-10-05,28.5,29.5,28.5,29.5,4000
2020-09-30,30.0,30.0,30.0,30.0,2000
2020-09-29,30.0,30.0,30.0,30.0,2000
2020-09-24,30.0,31.25,29.25,31.25,24000
2020-09-23,31.0,31.15,30.95,31.1,20000
2020-09-22,31.5,31.55,31.2,31.55,20000
2020-09-18,31.5,31.7,31.4,31.55,28000
2020-09-17,31.0,31.3,30.9,31.3,20000
2020-09-16,31.5,31.9,31.25,31.75,24000
2020-09-15,32.0,32.4,30.5,30.5,22000
2020-09-14,32.0,32.75,32.0,32.75,76000
2020-09-11,33.0,33.25,32.7,33.25,22000
2020-09-10,33.0,33.25,32.75,33.1,20000
2020-09-08,31.0,34.25,31.0,34.0,26000
2020-09-07,33.65,34.35,32.85,32.85,24000
2020-09-04,33.0,37.05,33.0,36.5,28000
2020-09-03,32.5,34.7,32.5,34.15,24000
2020-09-02,33.0,34.6,33.0,34.6,18000
2020-09-01,36.0,36.0,36.0,36.0,4000
2020-08-31,34.6,34.6,32.9,33.1,26000
2020-08-28,36.15,36.15,33.55,33.55,14000
2020-08-27,35.5,35.5,35.5,35.5,4000
2020-08-26,35.25,35.5,35.25,35.5,10000
2020-08-25,36.0,36.85,34.0,36.0,44000
2020-08-24,32.65,33.5,32.65,33.5,8000
2020-08-21,31.0,33.0,31.0,32.0,8000
2020-08-20,31.25,31.5,31.25,31.4,6000
2020-08-19,30.0,32.0,29.0,32.0,20000
2020-08-18,30.0,30.0,29.0,29.75,14000
2020-08-14,30.5,30.5,30.2,30.35,4000
2020-08-12,31.9,32.0,30.55,31.75,38000
2020-08-11,34.0,34.0,28.1,30.7,44000
2020-08-10,32.75,32.75,29.2,31.2,32000
2020-08-07,28.5,30.05,28.5,29.8,16000
2020-08-06,30.05,31.4,30.0,30.1,8000
2020-08-05,31.9,31.9,30.6,30.9,20000
2020-08-04,31.85,31.95,30.35,31.95,28000
2020-08-03,30.7,31.9,29.25,31.85,34000
2020-07-31,30.65,31.9,30.65,30.7,30000
2020-07-30,29.8,32.35,29.8,32.25,8000
2020-07-29,31.35,31.35,31.35,31.35,8000
2020-07-28,32.9,32.95,32.85,32.95,8000
2020-07-27,30.55,32.75,30.55,32.6,14000
2020-07-24,29.5,32.15,29.5,32.15,10000
2020-07-23,32.7,32.85,31.05,31.05,10000
2020-07-22,31.0,32.75,29.8,32.65,14000
2020-07-21,31.35,31.35,31.35,31.35,2000
2020-07-20,30.9,33.55,30.9,33.0,16000
2020-07-16,29.85,32.5,29.8,32.5,12000
2020-07-15,31.4,31.4,31.35,31.35,16000
2020-07-14,35.5,35.5,33.0,33.0,6000
2020-07-13,34.7,34.7,34.7,34.7,2000
2020-07-10,35.4,36.5,33.5,36.5,12000
2020-07-09,35.1,35.1,35.1,35.1,4000
2020-07-08,36.5,36.9,36.5,36.9,4000
2020-07-06,35.75,36.5,35.75,36.0,74000
2020-07-03,38.9,38.9,35.65,37.6,28000
2020-07-02,34.3,37.5,34.3,37.5,6000
2020-07-01,36.1,36.1,36.1,36.1,4000
2020-06-30,38.0,38.0,38.0,38.0,14000
2020-06-29,37.95,40.0,37.95,40.0,6000
2020-06-26,40.0,40.0,39.9,39.9,14000
2020-06-25,40.3,42.5,40.3,42.0,120000
2020-06-24,38.9,42.5,38.9,42.4,10000
2020-06-23,40.9,40.9,40.9,40.9,6000
2020-06-22,43.05,43.05,43.05,43.05,2000
2020-06-18,45.3,45.3,45.3,45.3,102000
2020-06-16,47.65,47.65,47.65,47.65,6000
2020-06-15,50.15,50.2,50.15,50.15,6000
2020-06-12,53.0,53.0,48.1,52.75,54000
2020-06-11,50.6,50.6,50.6,50.6,14000
2020-06-10,48.2,48.2,48.2,48.2,10000
2020-06-09,45.95,45.95,45.95,45.95,8000
2020-06-08,43.8,43.8,43.8,43.8,10000
2020-06-05,41.75,41.75,41.75,41.75,8000
2020-06-04,39.8,39.8,39.8,39.8,12000
2020-06-03,37.95,37.95,37.95,37.95,12000
2020-06-02,35.7,36.2,33.2,36.15,14000
2020-06-01,34.5,34.5,34.5,34.5,14000
2020-05-29,32.5,32.9,32.5,32.9,6000
2020-05-28,31.35,31.35,31.35,31.35,6000
2020-05-27,29.6,29.9,29.6,29.9,4000
2020-05-26,28.5,28.5,28.5,28.5,2000
2020-05-22,27.45,27.45,27.45,27.45,2000
2020-05-21,28.8,28.8,28.8,28.8,18000
2020-05-20,30.35,33.0,30.3,30.3,32000
2020-05-19,31.85,31.85,31.85,31.85,6000
2020-05-12,33.5,33.5,33.5,33.5,2000
2020-05-11,32.3,35.3,32.3,35.25,10000
2020-05-07,34.05,34.35,34.0,34.0,6000
2020-05-06,32.75,32.75,32.75,32.75,2000
2020-05-05,31.25,31.5,31.25,31.5,8000
2020-05-04,34.7,34.7,34.7,34.7,4000
2020-04-30,42.8,42.8,38.55,38.55,24000
2020-04-28,38.9,42.8,36.0,42.8,26000
2020-04-27,41.1,41.4,40.0,40.0,18000
2020-04-20,41.2,41.2,41.2,41.2,2000
2020-04-15,41.2,41.2,39.2,41.2,6000
2020-04-09,45.0,45.0,43.55,43.55,6000
2020-04-08,46.0,50.65,46.0,48.35,4000
2020-04-03,50.0,50.0,50.0,50.0,2000
2020-04-01,45.1,54.0,45.1,48.9,44000
2020-03-31,53.25,53.25,49.6,49.95,90000
2020-03-30,56.0,62.0,55.4,62.0,50000
2020-03-27,53.0,68.0,53.0,61.3,76000
2020-03-26,61.0,62.0,56.6,62.0,14000
2020-03-25,63.5,65.0,60.1,60.1,12000
2020-03-23,79.5,79.5,62.1,74.5,118000
2020-03-20,75.0,79.0,75.0,77.6,22000
2020-03-19,79.0,79.35,75.0,78.5,18000
2020-03-18,73.6,77.0,73.6,77.0,6000
2020-03-17,81.0,82.0,79.0,81.55,48000
2020-03-16,75.6,84.0,75.6,82.0,24000
2020-03-13,76.0,84.0,76.0,84.0,42000
2020-03-12,79.0,83.0,77.0,81.45,24000
2020-03-09,80.5,84.5,80.0,80.0,8000
2020-03-05,84.5,84.5,84.5,84.5,10000
2020-03-04,90.0,90.0,84.0,84.65,8000
2020-03-03,85.55,88.0,84.0,84.95,12000
2020-03-02,87.0,87.0,87.0,87.0,2000
2020-02-28,97.0,97.0,87.0,94.0,6000
2020-02-27,97.0,97.0,90.0,90.0,4000
2020-02-25,88.6,91.0,88.6,89.0,20000
2020-02-24,87.0,97.0,87.0,97.0,8000
2020-02-19,96.0,96.0,96.0,96.0,2000
2020-02-17,90.5,90.5,90.5,90.5,2000
2020-02-13,91.5,97.0,91.5,97.0,4000
2020-02-12,97.0,98.95,97.0,98.5,12000
2020-02-11,99.55,99.55,90.5,98.0,28000
2020-02-10,98.0,100.1,98.0,99.85,22000
2020-02-07,98.5,98.5,90.0,97.0,24000
2020-02-06,94.9,100.0,90.0,90.05,56000
2020-02-05,89.8,98.0,89.8,98.0,20000
2020-02-03,94.0,98.0,94.0,98.0,12000
2020-01-31,97.0,97.0,97.0,97.0,2000
2020-01-30,90.0,97.0,82.5,89.55,34000
2020-01-29,94.0,97.0,92.35,95.8,14000
2020-01-28,96.0,96.0,96.0,96.0,2000
2020-01-27,95.5,98.6,95.0,97.05,14000
2020-01-24,97.0,97.0,97.0,97.0,2000
2020-01-23,99.5,101.0,99.5,101.0,4000
2020-01-22,99.0,99.0,99.0,99.0,4000
2020-01-21,97.0,97.0,97.0,97.0,2000
2020-01-20,97.05,97.5,96.85,97.5,12000
2020-01-17,97.25,97.35,97.0,97.2,12000
2020-01-16,98.15,98.15,98.05,98.05,4000
2020-01-15,102.0,102.0,102.0,102.0,50000
2020-01-10,101.0,101.0,97.5,98.05,10000
2020-01-09,99.5,100.3,99.0,100.3,8000
2020-01-08,104.0,104.0,101.0,103.0,76000
2020-01-07,103.5,103.5,103.5,103.5,2000
2020-01-06,108.0,108.0,100.7,101.95,8000
2020-01-03,100.0,110.0,98.05,105.75,38000
2020-01-02,104.0,104.0,98.35,99.5,12000
2020-01-01,104.0,104.0,100.0,100.0,16000
2019-12-31,103.5,103.5,99.8,101.95,18000
2019-12-30,100.0,102.0,98.85,100.1,34000
2019-12-27,101.0,101.5,98.2,100.8,8000
2019-12-26,102.0,102.5,98.9,100.35,30000
2019-12-24,100.0,101.35,97.9,100.5,22000
2019-12-23,100.0,100.8,97.0,100.15,40000
2019-12-20,100.0,100.0,99.0,99.5,12000
2019-12-19,97.25,99.5,95.2,96.85,36000
2019-12-18,95.0,98.15,94.0,97.25,26000
2019-12-17,97.5,97.5,93.0,93.9,24000
2019-12-16,105.8,105.8,98.0,98.8,20000
2019-12-13,105.8,109.0,105.8,108.0,8000
2019-12-12,106.25,116.4,104.15,107.35,28000
2019-12-11,109.5,110.2,109.25,109.6,38000
2019-12-10,117.8,117.8,109.0,109.0,30000
2019-12-09,115.0,116.55,111.6,113.25,42000
2019-12-06,112.0,117.1,109.85,114.0,34000
2019-12-05,114.0,118.0,109.0,109.85,78000
2019-12-04,118.0,118.0,111.0,113.4,20000
2019-12-03,115.6,116.0,111.2,113.25,38000
2019-12-02,120.6,120.6,116.85,117.05,50000
2019-11-29,123.5,123.75,118.85,119.6,82000
2019-11-28,121.4,123.65,120.0,121.05,90000
2019-11-27,111.0,120.5,110.95,119.5,88000
2019-11-26,112.5,112.5,108.55,109.55,70000
2019-11-25,114.5,115.85,110.0,110.5,96000
2019-11-22,118.85,118.85,114.2,115.4,42000
2019-11-21,122.55,122.85,118.0,118.05,52000
2019-11-20,119.45,120.7,116.0,118.25,98000
2019-11-19,125.0,125.0,116.1,118.05,124000
2019-11-18,125.0,126.0,111.9,123.65,262000
2019-11-15,128.0,129.25,123.0,124.3,116000
2019-11-14,124.5,129.0,123.0,127.75,90000
2019-11-13,122.2,126.9,120.0,122.0,174000
2019-11-11,118.95,124.8,117.05,120.8,194000
2019-11-08,114.0,133.95,109.25,118.7,394000
2019-11-07,95.0,112.95,95.0,112.35,102000
2019-11-06,91.0,95.8,91.0,94.15,80000
2019-11-05,89.8,90.3,87.15,89.7,56000
2019-11-04,88.0,90.95,87.6,89.5,106000
2019-11-01,85.95,88.9,82.0,88.2,134000
2019-10-31,80.0,85.0,79.1,83.9,184000
2019-10-30,78.5,80.35,76.6,79.2,76000
2019-10-29,75.0,78.55,73.5,77.7,52000
2019-10-25,69.0,71.3,67.0,71.3,52000
2019-10-24,66.9,68.05,66.65,67.95,112000
2019-10-23,64.0,64.9,63.85,64.85,48000
2019-10-22,62.0,62.25,59.1,61.85,84000
2019-10-18,58.5,60.2,56.5,60.05,64000
2019-10-17,58.05,58.5,55.9,57.45,124000
2019-10-16,59.0,59.4,57.0,57.9,58000
2019-10-15,55.0,57.7,54.1,56.6,1138000
